item_id,item_name,category,veg_flag,price,combo_group,substitute_group
1,Paneer Paratha Roll,Curry,Veg,150.0,curry,curry
2,Falafel Roll,Sides,Veg,150.0,sides,sides
3,Hummus Falafel,Sides,Veg,150.0,sides,sides
4,Veg Shawarma Roll,Sides,Veg,150.0,sides,sides
5,Chicken Tikka Rumali Roll,Starter,Non-Veg,150.0,starter,starter
6,Hummus Chicken Shawarma,Sides,Non-Veg,150.0,sides,sides
7,Mexican Chicken Shawarma Roll,Sides,Non-Veg,150.0,sides,sides
8,Mutton Laham Tawas Roll,Sides,Non-Veg,150.0,sides,sides
9,Chicken Shawarma Roll,Sides,Non-Veg,150.0,sides,sides
10,Chicken Shawarma Plate,Sides,Non-Veg,150.0,sides,sides
11,Special Shawarma Plate,Sides,Non-Veg,150.0,sides,sides
12,Chicken Kizhi Paratha,Sides,Non-Veg,150.0,sides,sides
13,Mutton Kizhi Paratha,Sides,Non-Veg,150.0,sides,sides
14,Paneer Tikka (8pcs),Curry,Veg,150.0,curry,curry
15,Aloo Gobi Tandoori,Sides,Veg,150.0,sides,sides
16,Mushroom Tikka,Starter,Veg,150.0,starter,starter
17,Chicken Kalimirchi Kebab,Starter,Non-Veg,150.0,starter,starter
18,Chicken Tikka (8pcs),Starter,Non-Veg,150.0,starter,starter
19,Chicken Seekh Kebab (8pcs),Starter,Non-Veg,150.0,starter,starter
20,Paneer Hariyali Tikka (8pcs),Curry,Veg,150.0,curry,curry
21,Fish Tikka (8pcs),Starter,Non-Veg,150.0,starter,starter
22,Chicken Reshmi Kebab (8pcs),Starter,Non-Veg,150.0,starter,starter
23,Chicken Pudina Tikka (8pcs),Starter,Non-Veg,150.0,starter,starter
24,Chicken Malai Kebab (8 pcs),Starter,Non-Veg,150.0,starter,starter
25,Tandoori Chicken (Half)-4 pcs,Sides,Non-Veg,150.0,sides,sides
26,Tandoori Chicken (Full)-8 pcs,Sides,Non-Veg,150.0,sides,sides
27,Zaitoon Special Seekh Kebab,Starter,Non-Veg,150.0,starter,starter
28,Aloo Gobi,Sides,Veg,150.0,sides,sides
29,Aloo Jeera,Sides,Veg,150.0,sides,sides
30,Tomato Green Peas Masala,Curry,Veg,150.0,curry,curry
31,Veg Kadai,Sides,Veg,150.0,sides,sides
32,Chana Masala,Curry,Veg,150.0,curry,curry
33,Mushroom Masala,Curry,Veg,150.0,curry,curry
34,Paneer Butter Masala,Curry,Veg,150.0,curry,curry
35,Paneer Kadai Masala,Curry,Veg,150.0,curry,curry
36,Palak Paneer,Curry,Veg,150.0,curry,curry
37,Paneer Tikka Masala,Curry,Veg,150.0,curry,curry
38,Dal Fry,Curry,Veg,150.0,curry,curry
39,Dal Tadka,Curry,Veg,150.0,curry,curry
40,Chicken Kadai,Sides,Non-Veg,150.0,sides,sides
41,Butter Chicken Masala,Curry,Non-Veg,150.0,curry,curry
42,Chicken Xacuti,Sides,Non-Veg,150.0,sides,sides
43,Chicken Tikka Masala,Curry,Non-Veg,150.0,curry,curry
44,Chicken Guldasta,Sides,Non-Veg,150.0,sides,sides
45,Mutton Rogan Josh,Sides,Non-Veg,150.0,sides,sides
46,Mutton Kadai,Sides,Non-Veg,150.0,sides,sides
47,Mutton Pepper Masala,Curry,Non-Veg,150.0,curry,curry
48,Mutton Keema Hyderabadi,Sides,Non-Veg,150.0,sides,sides
49,Mutton Bhuna,Sides,Non-Veg,150.0,sides,sides
50,Egg Biryani,Biryani,Egg,150.0,biryani,biryani
51,Chicken Dum Biryani,Biryani,Non-Veg,150.0,biryani,biryani
52,Mutton Dum Biryani,Biryani,Non-Veg,150.0,biryani,biryani
53,Fish Biryani,Biryani,Non-Veg,150.0,biryani,biryani
54,Prawns Biryani,Biryani,Non-Veg,150.0,biryani,biryani
55,Bucket Biryani-Chicken (Large),Biryani,Non-Veg,150.0,biryani,biryani
56,Veg Pulao,Rice,Veg,150.0,rice,rice
57,Curd Rice,Biryani,Veg,150.0,biryani,biryani
58,Jeera Rice,Biryani,Veg,150.0,biryani,biryani
59,Cheesy Kunafa,Sides,Veg,150.0,sides,sides
60,Cream of Chicken Soup,Sides,Non-Veg,150.0,sides,sides
61,Chicken Hot & Sour Soup,Sides,Non-Veg,150.0,sides,sides
62,Crab Soup,Sides,Non-Veg,150.0,sides,sides
63,Zaitoon Special Non Veg Soup,Sides,Non-Veg,150.0,sides,sides
64,Tandoori Non Veg Platter (Full),Sides,Non-Veg,150.0,sides,sides
65,Chicken Tikka Platter,Starter,Non-Veg,150.0,starter,starter
66,Dragon Chicken (Dry),Sides,Non-Veg,150.0,sides,sides
67,Chicken Lollipop (8 Pcs),Sides,Non-Veg,150.0,sides,sides
68,Zaitoon Chicken Dry fry,Starter,Non-Veg,150.0,starter,starter
69,Veg Fried Rice,Rice,Veg,150.0,rice,rice
70,Veg Noodles,Chinese,Non-Veg,150.0,chinese,chinese
71,Veg Cheese Ball (8 Pcs),Sides,Veg,150.0,sides,sides
72,Chicken Effa Dajaj (),Sides,Non-Veg,150.0,sides,sides
73,Chicken Dejaj Honey Kebab,Starter,Non-Veg,150.0,starter,starter
74,Chicken Arabian Lollipop (8 PCS),Sides,Non-Veg,150.0,sides,sides
75,Chicken Moroccan Dejaj Meshwy,Sides,Non-Veg,150.0,sides,sides
76,Chicken Dejaj Irani Kebab (4 pcs),Starter,Non-Veg,150.0,starter,starter
77,Chicken Queso Stuffing Dejaj (7 pcs),Sides,Non-Veg,150.0,sides,sides
78,Chicken BBQ Biryani (Full),Biryani,Non-Veg,150.0,biryani,biryani
79,Mutton Raan Biryani,Biryani,Non-Veg,150.0,biryani,biryani
80,BBQ Chicken 4 in 1 Combo,Sides,Non-Veg,150.0,sides,sides
81,Chicken Kozi Dajaj,Sides,Non-Veg,150.0,sides,sides
82,Mutton Kozi Laham,Sides,Non-Veg,150.0,sides,sides
83,Sweet Lime Soda,Sides,Veg,150.0,sides,sides
84,Orange Juice,Beverage,Veg,150.0,beverage,beverage
85,French Fries,Sides,Veg,150.0,sides,sides
86,Egg Paratha Roll,Sides,Egg,150.0,sides,sides
87,Chicken Tikka Paratha Roll,Starter,Non-Veg,150.0,starter,starter
88,Chicken Dejaj Kebab Roll,Starter,Non-Veg,150.0,starter,starter
89,Mexican Chicken Shawarma Paratha Roll,Sides,Non-Veg,150.0,sides,sides
90,Chicken Shawarma Paratha Roll,Sides,Non-Veg,150.0,sides,sides
91,Hummus Mexican Chicken Shawarma,Sides,Non-Veg,150.0,sides,sides
92,Special Chicken Shawarma Roll,Sides,Non-Veg,150.0,sides,sides
93,Chicken Dejaj Tawas Roll,Sides,Non-Veg,150.0,sides,sides
94,Special Mexican Chicken Shawarma Roll,Sides,Non-Veg,150.0,sides,sides
95,Mexican Chicken Shawarma Plate,Sides,Non-Veg,150.0,sides,sides
96,Special Mexican Shawarma Plate,Sides,Non-Veg,150.0,sides,sides
97,Omelette,Sides,Non-Veg,150.0,sides,sides
98,Egg Bhurji,Sides,Egg,150.0,sides,sides
99,Egg Roast,Sides,Egg,150.0,sides,sides
100,Egg Masala,Curry,Egg,150.0,curry,curry
101,Boiled Egg (2pcs),Sides,Egg,150.0,sides,sides
102,Zaitoon Special Tandoori Chicken (Half),Sides,Non-Veg,150.0,sides,sides
103,Zaitoon Special Tandoori Chicken (Full),Sides,Non-Veg,150.0,sides,sides
104,Tandoori Rogan Murgh (8pcs),Sides,Non-Veg,150.0,sides,sides
105,Mutton Seekh Kebab (8pcs),Starter,Non-Veg,150.0,starter,starter
106,Seafood Seekh Kebab,Starter,Non-Veg,150.0,starter,starter
107,Prawns Roast,Sides,Non-Veg,150.0,sides,sides
108,Squid Roast,Sides,Non-Veg,150.0,sides,sides
109,Squid Pepper Fry,Starter,Non-Veg,150.0,starter,starter
110,Crab Masala,Curry,Non-Veg,150.0,curry,curry
111,Crab Pepper Fry,Starter,Non-Veg,150.0,starter,starter
112,Fish Curry,Curry,Non-Veg,150.0,curry,curry
113,Fish Masala,Curry,Non-Veg,150.0,curry,curry
114,Fish Lahori,Sides,Non-Veg,150.0,sides,sides
115,Fish Tawa Masala,Curry,Non-Veg,150.0,curry,curry
116,Fish Xacuti,Sides,Non-Veg,150.0,sides,sides
117,Prawns Curry,Curry,Non-Veg,150.0,curry,curry
118,Prawn Pepper Masala,Curry,Non-Veg,150.0,curry,curry
119,Pudina Roti,Bread,Veg,150.0,bread,bread
120,Rumali Roti,Bread,Veg,150.0,bread,bread
121,Kuboos (Lebanese Bread),Sides,Veg,150.0,sides,sides
122,Chapati,Sides,Veg,150.0,sides,sides
123,Tandoori Roti,Bread,Veg,150.0,bread,bread
124,Butter Roti,Bread,Veg,150.0,bread,bread
125,Naan,Bread,Veg,150.0,bread,bread
126,Pudina Naan,Bread,Veg,150.0,bread,bread
127,Garlic Naan,Bread,Veg,150.0,bread,bread
128,Kulcha,Sides,Veg,150.0,sides,sides
129,Aloo Kulcha,Sides,Veg,150.0,sides,sides
130,Paneer Kulcha,Curry,Veg,150.0,curry,curry
131,Masala Kulcha,Curry,Veg,150.0,curry,curry
132,Onion Kulcha,Sides,Veg,150.0,sides,sides
133,Kerala Paratha,Sides,Veg,150.0,sides,sides
134,Laccha Paratha,Sides,Veg,150.0,sides,sides
135,Tawa Wheat Paratha,Sides,Veg,150.0,sides,sides
136,Mutton Keema Paratha,Sides,Non-Veg,150.0,sides,sides
137,Aloo Paratha,Sides,Veg,150.0,sides,sides
138,Cheese Naan,Bread,Veg,150.0,bread,bread
139,Gobi Paratha,Sides,Veg,150.0,sides,sides
140,Butter Naan,Bread,Veg,150.0,bread,bread
141,Assorted Roti Basket,Bread,Veg,150.0,bread,bread
142,Gobi 65,Sides,Veg,150.0,sides,sides
143,Paneer 65,Curry,Veg,150.0,curry,curry
144,Prawns 65,Sides,Non-Veg,150.0,sides,sides
145,Chicken 65 (With Bone) (8 pcs),Starter,Non-Veg,150.0,starter,starter
146,Chicken 65 (Boneless) (8 pcs),Starter,Non-Veg,150.0,starter,starter
147,Mixed Veg Curry,Curry,Veg,150.0,curry,curry
148,Aloo Palak,Sides,Veg,150.0,sides,sides
149,Veg Lahori,Sides,Veg,150.0,sides,sides
150,Dal Palak,Curry,Veg,150.0,curry,curry
151,Aloo Mutter,Sides,Veg,150.0,sides,sides
152,Mushroom Lucknowi,Sides,Veg,150.0,sides,sides
153,Chicken Masala,Curry,Non-Veg,150.0,curry,curry
154,Chicken Methi,Sides,Non-Veg,150.0,sides,sides
155,Chicken Rogan Josh,Sides,Non-Veg,150.0,sides,sides
156,Chicken Pepper Masala,Curry,Non-Veg,150.0,curry,curry
157,Chicken Aftabi,Sides,Non-Veg,150.0,sides,sides
158,Chicken Mughlai,Sides,Non-Veg,150.0,sides,sides
159,Chicken Lahori,Sides,Non-Veg,150.0,sides,sides
160,Mutton Masala,Curry,Non-Veg,150.0,curry,curry
161,Mutton Rara,Sides,Non-Veg,150.0,sides,sides
162,Dal Gosht,Curry,Non-Veg,150.0,curry,curry
163,Kushka,Sides,Non-Veg,150.0,sides,sides
164,Veg Biryani,Biryani,Veg,150.0,biryani,biryani
165,Bucket Biryani-Chicken (Medium),Biryani,Non-Veg,150.0,biryani,biryani
166,Bucket Biryani-Mutton (Medium),Biryani,Non-Veg,150.0,biryani,biryani
167,Bucket Biryani-Mutton (Large),Biryani,Non-Veg,150.0,biryani,biryani
168,Ghee Rice,Biryani,Veg,150.0,biryani,biryani
169,Steamed Rice (Basmati),Biryani,Veg,150.0,biryani,biryani
170,Masala Papad,Curry,Veg,150.0,curry,curry
171,Plain Papad,Sides,Veg,150.0,sides,sides
172,Mixed  Raita,Sides,Veg,150.0,sides,sides
173,Turkish Baklava,Dessert,Veg,150.0,dessert,dessert
174,Vanilla Ice cream,Dessert,Veg,150.0,dessert,dessert
175,Strawberry Ice cream,Dessert,Veg,150.0,dessert,dessert
176,Butterscotch Ice cream,Dessert,Veg,150.0,dessert,dessert
177,Tutti Fruity Ice cream,Dessert,Veg,150.0,dessert,dessert
178,Pista Ice cream,Dessert,Veg,150.0,dessert,dessert
179,Chocolate Ice cream,Dessert,Veg,150.0,dessert,dessert
180,Mango Ice cream,Dessert,Veg,150.0,dessert,dessert
181,Black currant Ice cream,Dessert,Veg,150.0,dessert,dessert
182,Spanish Delight Ice cream,Dessert,Veg,150.0,dessert,dessert
183,Choco Cruise Ice cream,Dessert,Veg,150.0,dessert,dessert
184,Gudbud Ice cream,Dessert,Veg,150.0,dessert,dessert
185,Black Lad Ice cream,Dessert,Veg,150.0,dessert,dessert
186,Love 20 Ice cream,Dessert,Veg,150.0,dessert,dessert
187,Strawberry Fruit Cream,Dessert,Veg,150.0,dessert,dessert
188,Mango Cream,Dessert,Veg,150.0,dessert,dessert
189,Lychee Cream,Dessert,Veg,150.0,dessert,dessert
190,Dry Fruit Cream,Dessert,Veg,150.0,dessert,dessert
191,Zaitoon Favaco,Dessert,Veg,150.0,dessert,dessert
192,Apple Cream,Dessert,Veg,150.0,dessert,dessert
193,Custard Apple Cream,Dessert,Veg,150.0,dessert,dessert
194,Fresh Cut Fruits,Dessert,Veg,150.0,dessert,dessert
195,Fruit Salad with Vannila Ice cream,Dessert,Veg,150.0,dessert,dessert
196,Veg Manchow Soup,Sides,Veg,150.0,sides,sides
197,Veg Hot & Sour Soup,Sides,Veg,150.0,sides,sides
198,Veg Cream of Tomato Soup,Sides,Veg,150.0,sides,sides
199,Veg Sweet corn Soup,Sides,Veg,150.0,sides,sides
200,Veg Green Mint Soup,Sides,Veg,150.0,sides,sides
201,Veg Tomato Ginger Soup,Sides,Veg,150.0,sides,sides
202,Cream of Mushroom Soup (Veg),Sides,Veg,150.0,sides,sides
203,Veg Cream Of Spinach Soup,Sides,Veg,150.0,sides,sides
204,Chicken Clear Soup,Sides,Non-Veg,150.0,sides,sides
205,Chicken Manchow Soup,Sides,Non-Veg,150.0,sides,sides
206,Chicken Sweet corn Soup,Sides,Non-Veg,150.0,sides,sides
207,Mutton Nalli Soup,Sides,Non-Veg,150.0,sides,sides
208,SeaFood Special Soup,Sides,Non-Veg,150.0,sides,sides
209,Tawa Mushakkal,Sides,Non-Veg,150.0,sides,sides
210,Tandoori Non Veg Platter (Half),Sides,Non-Veg,150.0,sides,sides
211,Seafood Platter (Half),Sides,Non-Veg,150.0,sides,sides
212,Special Tawa Platter (Full),Sides,Non-Veg,150.0,sides,sides
213,BBQ 5 in 1 Combo,Sides,Non-Veg,150.0,sides,sides
214,Special Tawa Platter (Half),Sides,Non-Veg,150.0,sides,sides
215,Seafood Platter (Full),Sides,Non-Veg,150.0,sides,sides
216,Tandoori Veg Platter (Half),Sides,Veg,150.0,sides,sides
217,Tandoori Veg Platter (Full),Sides,Veg,150.0,sides,sides
218,Dejaj Tikki Platter,Sides,Non-Veg,150.0,sides,sides
219,Paneer Tikka Platter (12 Pcs),Curry,Veg,150.0,curry,curry
220,Crispy Veg (Dry),Chinese,Veg,150.0,chinese,chinese
221,Cauliflower Chilli Gravy,Curry,Veg,150.0,curry,curry
222,Chilli Potato (Dry),Chinese,Veg,150.0,chinese,chinese
223,Crispy Cauliflower (Dry),Chinese,Veg,150.0,chinese,chinese
224,Baby corn Salt & Pepper (Dry),Chinese,Veg,150.0,chinese,chinese
225,Paneer Salt & Pepper (Dry),Curry,Veg,150.0,curry,curry
226,Mushroom Salt & Pepper (Dry),Chinese,Veg,150.0,chinese,chinese
227,Honey Chilli Potato,Chinese,Veg,150.0,chinese,chinese
228,Crispy Paneer (Dry),Curry,Veg,150.0,curry,curry
229,Crispy Baby corn,Chinese,Veg,150.0,chinese,chinese
230,Baby corn Manchurian (Dry),Chinese,Veg,150.0,chinese,chinese
231,Paneer Manchurian (Dry),Curry,Veg,150.0,curry,curry
232,Cauliflower Manchurian (Dry),Chinese,Veg,150.0,chinese,chinese
233,Baby corn Chilli (Dry),Chinese,Veg,150.0,chinese,chinese
234,Mushroom Manchurian (Dry),Chinese,Veg,150.0,chinese,chinese
235,Paneer Chilli (Dry),Curry,Veg,150.0,curry,curry
236,Mushroom Chilli (Dry),Chinese,Veg,150.0,chinese,chinese
237,Cauliflower Chilli (Dry),Chinese,Veg,150.0,chinese,chinese
238,Cauliflower Manchurian (Gravy),Curry,Veg,150.0,curry,curry
239,Baby corn Chilli (Gravy),Curry,Veg,150.0,curry,curry
240,Baby corn Manchurian (Gravy),Curry,Veg,150.0,curry,curry
241,Paneer Manchurian (Gravy),Curry,Veg,150.0,curry,curry
242,Paneer Chilli (Gravy),Curry,Veg,150.0,curry,curry
243,Mushroom Chilli (Gravy),Curry,Veg,150.0,curry,curry
244,Mushroom Manchurian (Gravy),Curry,Veg,150.0,curry,curry
245,Cauliflower Chilli (Gravy),Curry,Veg,150.0,curry,curry
246,Pepper Chicken Stick,Chinese,Non-Veg,150.0,chinese,chinese
247,Chicken Salt & Pepper (Dry),Chinese,Non-Veg,150.0,chinese,chinese
248,Chilli Chicken Roasted (Dry),Chinese,Non-Veg,150.0,chinese,chinese
249,Chicken Bell Pepper (Dry),Chinese,Non-Veg,150.0,chinese,chinese
250,Honey Chilli Chicken (Dry),Chinese,Non-Veg,150.0,chinese,chinese
251,Crispy Chicken (Dry),Chinese,Non-Veg,150.0,chinese,chinese
252,Zaitoon Special Chicken Lollipop (8 Pcs),Chinese,Non-Veg,150.0,chinese,chinese
253,Chilli Chicken (Dry),Chinese,Non-Veg,150.0,chinese,chinese
254,Chicken Manchurian (Dry),Chinese,Non-Veg,150.0,chinese,chinese
255,Mutton Schezwan Fried Rice,Chinese,Non-Veg,150.0,chinese,chinese
256,Mushroom Schezwan Fried Rice,Chinese,Veg,150.0,chinese,chinese
257,Paneer Schezwan Fried Rice,Curry,Veg,150.0,curry,curry
258,Prawn Schezwan Fried Rice,Chinese,Non-Veg,150.0,chinese,chinese
259,Veg Schezwan Fried Rice,Chinese,Veg,150.0,chinese,chinese
260,Paneer Fried Rice,Curry,Veg,150.0,curry,curry
261,Mushroom Fried Rice,Chinese,Veg,150.0,chinese,chinese
262,Olive Veg Fried Rice,Chinese,Veg,150.0,chinese,chinese
263,Egg Fried Rice,Chinese,Egg,150.0,chinese,chinese
264,Egg Schezwan Fried Rice,Chinese,Egg,150.0,chinese,chinese
265,Chicken Fried Rice,Chinese,Non-Veg,150.0,chinese,chinese
266,Chicken Schezwan Fried Rice,Chinese,Non-Veg,150.0,chinese,chinese
267,Chicken Triple Schezwan Fried Rice,Chinese,Non-Veg,150.0,chinese,chinese
268,Shanghai Chicken Fried Rice,Chinese,Non-Veg,150.0,chinese,chinese
269,Mutton Fried Rice,Chinese,Non-Veg,150.0,chinese,chinese
270,Prawns Fried Rice,Chinese,Non-Veg,150.0,chinese,chinese
271,Mixed Schezwan Fried Rice,Chinese,Non-Veg,150.0,chinese,chinese
272,Mixed Fried Rice,Chinese,Non-Veg,150.0,chinese,chinese
273,Olive Chicken Fried Rice,Chinese,Non-Veg,150.0,chinese,chinese
274,Olive Mixed Fired rice,Biryani,Non-Veg,150.0,biryani,biryani
275,Mutton Schezwan Noodle,Chinese,Non-Veg,150.0,chinese,chinese
276,Veg Schezwan Noodles,Chinese,Non-Veg,150.0,chinese,chinese
277,Egg Noodles,Chinese,Egg,150.0,chinese,chinese
278,Egg Schezwan Noodles,Chinese,Egg,150.0,chinese,chinese
279,Chicken Noodles,Chinese,Non-Veg,150.0,chinese,chinese
280,Chicken Schezwan Noodles,Chinese,Non-Veg,150.0,chinese,chinese
281,Mutton Noodles,Chinese,Non-Veg,150.0,chinese,chinese
282,Prawns Noodles,Chinese,Non-Veg,150.0,chinese,chinese
283,Prawns Schezwan Noodle,Chinese,Non-Veg,150.0,chinese,chinese
284,Mixed Noodles,Chinese,Non-Veg,150.0,chinese,chinese
285,Mixed Schezwan Noodles,Chinese,Non-Veg,150.0,chinese,chinese
286,Lamb Dry Fry Chilli (Dry),Starter,Non-Veg,150.0,starter,starter
287,Lamb Oyster Crispy (Dry),Chinese,Non-Veg,150.0,chinese,chinese
288,Lamb Pepper Salt (Dry),Chinese,Non-Veg,150.0,chinese,chinese
289,Crispy Lamb Honey (Dry),Chinese,Non-Veg,150.0,chinese,chinese
290,Fish Fingers (6 Pcs),Chinese,Non-Veg,150.0,chinese,chinese
291,Fish Salt & Pepper (Dry),Chinese,Non-Veg,150.0,chinese,chinese
292,Dragon Fish (Dry),Chinese,Non-Veg,150.0,chinese,chinese
293,Fish Chilli (Dry),Chinese,Non-Veg,150.0,chinese,chinese
294,Fish Manchurian (Dry),Chinese,Non-Veg,150.0,chinese,chinese
295,Dragon Prawns (Dry),Chinese,Non-Veg,150.0,chinese,chinese
296,Prawns Salt & Pepper (Dry),Chinese,Non-Veg,150.0,chinese,chinese
297,Pepper Chilli Prawns (Dry),Chinese,Non-Veg,150.0,chinese,chinese
298,Prawns Manchurian (Dry),Chinese,Non-Veg,150.0,chinese,chinese
299,Prawns Chilli (Dry),Chinese,Non-Veg,150.0,chinese,chinese
300,Butter Garlic Prawns (Dry),Chinese,Non-Veg,150.0,chinese,chinese
301,Chilli Chicken (Gravy),Curry,Non-Veg,150.0,curry,curry
302,Chicken Manchurian (Gravy),Curry,Non-Veg,150.0,curry,curry
303,Chicken in Garlic Sauce (Gravy),Curry,Non-Veg,150.0,curry,curry
304,Black Pepper Chicken (Gravy),Curry,Non-Veg,150.0,curry,curry
305,Fish Chilli (Gravy),Curry,Non-Veg,150.0,curry,curry
306,Fish Manchurian (Gravy),Curry,Non-Veg,150.0,curry,curry
307,Prawns Chilli (Gravy),Curry,Non-Veg,150.0,curry,curry
308,Prawns Manchurian (Gravy),Curry,Non-Veg,150.0,curry,curry
309,Darjeeling Salad,Sides,Veg,150.0,sides,sides
310,Chicken Hawaiian Salad,Sides,Non-Veg,150.0,sides,sides
311,Coleslaw Salad,Sides,Veg,150.0,sides,sides
312,Fattoush Salad,Sides,Veg,150.0,sides,sides
313,Veg Olive Salad,Sides,Veg,150.0,sides,sides
314,Eastern Olive Salad,Sides,Veg,150.0,sides,sides
315,Russian Salad,Sides,Veg,150.0,sides,sides
316,Hummus (Large),Sides,Veg,150.0,sides,sides
317,Green Salad (Full),Sides,Veg,150.0,sides,sides
318,Thoum Garlic Paste (Medium),Sides,Veg,150.0,sides,sides
319,Thoum Garlic Paste (Large),Sides,Veg,150.0,sides,sides
320,Hummus (Medium),Sides,Veg,150.0,sides,sides
321,Thoum Garlic Paste (Small),Sides,Veg,150.0,sides,sides
322,Green Salad (Half),Sides,Veg,150.0,sides,sides
323,Hummus (Small),Sides,Veg,150.0,sides,sides
324,Grill Chicken Mayonnaise Salad,Sides,Non-Veg,150.0,sides,sides
325,Zaitoon Special Salad,Sides,Veg,150.0,sides,sides
326,Grilled Babycorn,Sides,Veg,150.0,sides,sides
327,Grilled Mushroom,Sides,Veg,150.0,sides,sides
328,Grilled Paneer,Curry,Veg,150.0,curry,curry
329,Queso Stuffing Mushroom,Sides,Veg,150.0,sides,sides
330,Squid Meshwy,Sides,Non-Veg,150.0,sides,sides
331,Chicken Dejaj Meshwi (),Sides,Non-Veg,150.0,sides,sides
332,Chicken Dejaj Faa (6 Pcs),Sides,Non-Veg,150.0,sides,sides
333,Chicken Clope Meshwi,Sides,Non-Veg,150.0,sides,sides
334,Fish Samak Meshwi,Sides,Non-Veg,150.0,sides,sides
335,Prawns Rubiyan Meshwi,Sides,Non-Veg,150.0,sides,sides
336,Prawns Rubiyan Faa,Sides,Non-Veg,150.0,sides,sides
337,Queso Dejaj Makli Chicken,Sides,Non-Veg,150.0,sides,sides
338,Tawas Fish Fry,Starter,Non-Veg,150.0,starter,starter
339,Chicken Lebanese Dajaj Meshwi,Sides,Non-Veg,150.0,sides,sides
340,Tawa Prawns,Sides,Non-Veg,150.0,sides,sides
341,Fish Samak Clope Makli,Sides,Non-Veg,150.0,sides,sides
342,Chicken Mexican Dejaj meshwy (),Sides,Non-Veg,150.0,sides,sides
343,Chicken Green Pepper Kasab,Sides,Non-Veg,150.0,sides,sides
344,Chicken Sabanekh Dejaj Tikki (7 pcs),Sides,Non-Veg,150.0,sides,sides
345,Chicken Tawa Dejaj Roasted,Sides,Non-Veg,150.0,sides,sides
346,Chicken Dejaj Irani Tikki (7 pcs),Sides,Non-Veg,150.0,sides,sides
347,Chicken Hummus Bill Dejaj,Sides,Non-Veg,150.0,sides,sides
348,Chicken Mexican Dejaj Makli,Sides,Non-Veg,150.0,sides,sides
349,Chicken Dejaj Escalope,Sides,Non-Veg,150.0,sides,sides
350,Mutton Raan,Sides,Non-Veg,150.0,sides,sides
351,Mutton Mexican Laham  Kebab,Starter,Non-Veg,150.0,starter,starter
352,Chicken Mexican Dejaj Kebab,Starter,Non-Veg,150.0,starter,starter
353,Mutton Laham Meshwi,Sides,Non-Veg,150.0,sides,sides
354,Mutton Laham Tawa Ribs (4 pcs),Sides,Non-Veg,150.0,sides,sides
355,Mutton Laham Irani Kebab (4 pcs),Starter,Non-Veg,150.0,starter,starter
356,Mutton Laham Irani Tikki  (7 pcs),Sides,Non-Veg,150.0,sides,sides
357,Prawn Rainbow Rubian,Sides,Non-Veg,150.0,sides,sides
358,Prawn Rubian Clope Makli,Sides,Non-Veg,150.0,sides,sides
359,Crab Lollipop (6 Pcs),Sides,Non-Veg,150.0,sides,sides
360,Chicken BBQ Biryani (Half),Biryani,Non-Veg,150.0,biryani,biryani
361,Barbeque Chicken (Full)(8 Pcs),Sides,Non-Veg,150.0,sides,sides
362,Barbeque Chicken (Half)(4 Pcs),Sides,Non-Veg,150.0,sides,sides
363,Barbeque Chicken (Quarter Piece),Sides,Non-Veg,150.0,sides,sides
364,Chicken Alfaham Dajaj (Full)(8 Pcs),Sides,Non-Veg,150.0,sides,sides
365,Chicken Alfaham Dajaj (Half)(4 Pcs),Sides,Non-Veg,150.0,sides,sides
366,Chicken Alfaham Dajaj (Quarter Piece),Sides,Non-Veg,150.0,sides,sides
367,Pepper Barbeque Chicken (Full)(8 Pcs),Sides,Non-Veg,150.0,sides,sides
368,Pepper Barbeque Chicken (Half)(4 Pcs),Sides,Non-Veg,150.0,sides,sides
369,Pepper Chicken Barbeque (Quarter Piece),Sides,Non-Veg,150.0,sides,sides
370,Afghani Barbeque Chicken (Full)(8 Pcs),Sides,Non-Veg,150.0,sides,sides
371,Afghani Barbeque Chicken (Half)(4 Pcs),Sides,Non-Veg,150.0,sides,sides
372,Afghani Barbeque Chicken (Quarter Piece),Sides,Non-Veg,150.0,sides,sides
373,Moroccan Chicken Bbq (Full)(8 Pcs),Sides,Non-Veg,150.0,sides,sides
374,Moroccan Chicken Bbq (Half)(4 Pcs),Sides,Non-Veg,150.0,sides,sides
375,Moroccan Chicken Bbq (Quarter Piece),Sides,Non-Veg,150.0,sides,sides
376,Chicken Green Pepper Barbeque(Full)(8 Pcs),Sides,Non-Veg,150.0,sides,sides
377,Chicken Green Pepper Barbeque(Half)(4 Pcs),Sides,Non-Veg,150.0,sides,sides
378,Chicken Green Pepper Barbeque (Quarter Piece),Sides,Non-Veg,150.0,sides,sides
379,Zaitoon Special Bbq Chicken (Full)(4 Leg Pcs),Sides,Non-Veg,150.0,sides,sides
380,Zaitoon Special Chicken Bbq (Half)(2 Leg Pcs),Sides,Non-Veg,150.0,sides,sides
381,Grilled Chicken (Full)(8 Pcs),Sides,Non-Veg,150.0,sides,sides
382,Grilled Chicken (Half)(4 Pcs),Sides,Non-Veg,150.0,sides,sides
383,Boneless BBQ Fish,Sides,Non-Veg,150.0,sides,sides
384,Fish Kozi Samak,Sides,Non-Veg,150.0,sides,sides
385,Prawns Kozi Rubiyan,Sides,Non-Veg,150.0,sides,sides
386,Kozi Rice,Biryani,Non-Veg,150.0,biryani,biryani
387,Salted Lime Soda,Beverage,Veg,150.0,beverage,beverage
388,Lime Mint Soda,Beverage,Veg,150.0,beverage,beverage
389,Sweet Lime Juice (Mosambi),Beverage,Veg,150.0,beverage,beverage
390,Watermelon Juice,Beverage,Veg,150.0,beverage,beverage
391,Pineapple Juice,Beverage,Veg,150.0,beverage,beverage
392,Papaya Juice,Beverage,Veg,150.0,beverage,beverage
393,Pomegranate Juice,Beverage,Veg,150.0,beverage,beverage
394,Apple Juice,Beverage,Veg,150.0,beverage,beverage
395,Mango Juice,Beverage,Veg,150.0,beverage,beverage
396,Strawberry Juice,Beverage,Veg,150.0,beverage,beverage
397,Kiwi Juice,Beverage,Veg,150.0,beverage,beverage
398,Lychee Juice,Beverage,Veg,150.0,beverage,beverage
399,Fresh Lime Juice,Beverage,Veg,150.0,beverage,beverage
400,Lime Mint Cooler,Beverage,Veg,150.0,beverage,beverage
401,Carrot Juice,Beverage,Veg,150.0,beverage,beverage
402,Arabian Falooda,Dessert,Veg,150.0,dessert,dessert
403,Mini Falooda,Dessert,Veg,150.0,dessert,dessert
404,Kesar Falooda,Dessert,Veg,150.0,dessert,dessert
405,Rose Falooda,Dessert,Veg,150.0,dessert,dessert
406,Tender Coconut Falooda,Dessert,Veg,150.0,dessert,dessert
407,Royal Falooda (350 ml),Dessert,Veg,150.0,dessert,dessert
408,Zaitoon Special Falooda,Dessert,Veg,150.0,dessert,dessert
409,Chikoo Falooda,Dessert,Veg,150.0,dessert,dessert
410,Mango Falooda,Dessert,Veg,150.0,dessert,dessert
411,Malai Falooda,Dessert,Veg,150.0,dessert,dessert
412,Avocado Cream Falooda,Dessert,Veg,150.0,dessert,dessert
413,Strawberry Mango Smoothie,Beverage,Veg,150.0,beverage,beverage
414,Strawberry Banana Smoothie,Beverage,Veg,150.0,beverage,beverage
415,Choco Banana Smoothie,Beverage,Veg,150.0,beverage,beverage
416,Papaya Milkshake,Beverage,Veg,150.0,beverage,beverage
417,Dates Milkshake,Beverage,Veg,150.0,beverage,beverage
418,Banana Milkshake,Beverage,Veg,150.0,beverage,beverage
419,Apple Milkshake,Beverage,Veg,150.0,beverage,beverage
420,Pomegranate Milkshake,Beverage,Veg,150.0,beverage,beverage
421,Mango Milkshake,Beverage,Veg,150.0,beverage,beverage
422,Strawberry Milkshake,Beverage,Veg,150.0,beverage,beverage
423,Lychee Milkshake,Beverage,Veg,150.0,beverage,beverage
424,Kiwi Milkshake,Beverage,Veg,150.0,beverage,beverage
425,Jughead Special Milkshake,Beverage,Veg,150.0,beverage,beverage
426,Zaitoon Special Milkshake,Beverage,Veg,150.0,beverage,beverage
427,Dry Fruits Milkshake,Beverage,Veg,150.0,beverage,beverage
428,Sapota Milkshake,Beverage,Veg,150.0,beverage,beverage
429,Butter Fruit Milkshake,Beverage,Veg,150.0,beverage,beverage
430,Custard Apple Milkshake,Beverage,Veg,150.0,beverage,beverage
431,Pista Ice cream Milkshake,Dessert,Veg,150.0,dessert,dessert
432,Vanilla Ice cream Milkshake,Dessert,Veg,150.0,dessert,dessert
433,Chocolate Ice cream Milkshake,Dessert,Veg,150.0,dessert,dessert
434,Butterscotch Ice cream Milkshake,Dessert,Veg,150.0,dessert,dessert
435,Blackcurrant Ice cream Milkshake,Dessert,Veg,150.0,dessert,dessert
436,Strawberry Ice cream Milkshake,Dessert,Veg,150.0,dessert,dessert
437,Virgin Mojito,Beverage,Veg,150.0,beverage,beverage
438,Water Melon Mojito,Beverage,Veg,150.0,beverage,beverage
439,Strawberry Mojito,Beverage,Veg,150.0,beverage,beverage
440,Peach Mojito,Beverage,Veg,150.0,beverage,beverage
441,Passion Fruit Mojito,Beverage,Veg,150.0,beverage,beverage
442,Blue Curacao Mojito,Beverage,Veg,150.0,beverage,beverage
443,Iffa Dijaj (Full),Sides,Non-Veg,150.0,sides,sides
444,BBQ Chicken,Sides,Non-Veg,150.0,sides,sides
445,Mutton Raan (whole Leg Piece),Sides,Non-Veg,150.0,sides,sides
446,Samak Meshwi Boneless (Grilled 5 Pcs),Sides,Non-Veg,150.0,sides,sides
447,Tandoori Chicken,Sides,Non-Veg,150.0,sides,sides
448,Afghani Chicken,Sides,Non-Veg,150.0,sides,sides
449,Chicken Tikka,Starter,Non-Veg,150.0,starter,starter
450,Malai Kebab,Starter,Non-Veg,150.0,starter,starter
451,Tangdi Kebab (4 Pcs),Starter,Non-Veg,150.0,starter,starter
452,Special Chicken Gravy,Curry,Non-Veg,150.0,curry,curry
453,Chicken Lollipop,Sides,Non-Veg,150.0,sides,sides
454,Chicken 65,Starter,Non-Veg,150.0,starter,starter
455,Red Dragon Fish,Sides,Non-Veg,150.0,sides,sides
456,Chilli Fish Dry,Sides,Non-Veg,150.0,sides,sides
457,Chilli Prawns Dry,Sides,Non-Veg,150.0,sides,sides
458,Squid Golden Fried,Sides,Non-Veg,150.0,sides,sides
459,Chicken Shanghai Fried Rice,Rice,Non-Veg,150.0,rice,rice
460,Chilli Fish Gravy,Curry,Non-Veg,150.0,curry,curry
461,CHICKEN BIRIYANI 1 PIECE Egg+ Raita + Brinjal,Sides,Egg,150.0,sides,sides
462,CHICKEN FRIED RICE CHILLY CHICKEN GRAVY (Half Portion),Curry,Non-Veg,150.0,curry,curry
463,CHICKEN NOODILS SZECHWAN CHICKEN GRAVY (Half Portion),Curry,Non-Veg,150.0,curry,curry
464,VEG FRIED RICE GOBI MANCHURIANGRAVY(Half Portion),Curry,Veg,150.0,curry,curry
465,VEG NOODLES GOBI CHILLY DRY(Half Portion),Chinese,Veg,150.0,chinese,chinese
466,Iffa Dijaj (Half),Sides,Non-Veg,150.0,sides,sides
467,Shish Tock (Boneless Chicken),Sides,Non-Veg,150.0,sides,sides
468,Clope Meshwi,Sides,Non-Veg,150.0,sides,sides
469,Pinka Dejaj (Chicken),Sides,Non-Veg,150.0,sides,sides
470,Bil Dejaj (Chicken),Sides,Non-Veg,150.0,sides,sides
471,Dejaj Faa (Chicken),Sides,Non-Veg,150.0,sides,sides
472,Dejaj Makli (Chicken),Sides,Non-Veg,150.0,sides,sides
473,Dejaj Meshwi (Chicken),Sides,Non-Veg,150.0,sides,sides
474,Thoum Dejaj (Chicken),Sides,Non-Veg,150.0,sides,sides
475,Broccoli Chicken,Sides,Non-Veg,150.0,sides,sides
476,Pepper BBQ Chicken,Sides,Non-Veg,150.0,sides,sides
477,Grilled Chicken,Sides,Non-Veg,150.0,sides,sides
478,Al Faham Dijaj,Sides,Non-Veg,150.0,sides,sides
479,Laham Nashif (Boneless Mutton Cubes),Sides,Non-Veg,150.0,sides,sides
480,Hummus Nashif (Mutton),Sides,Non-Veg,150.0,sides,sides
481,Laham Makli (Mutton),Sides,Non-Veg,150.0,sides,sides
482,Laham Meshwi (Mutton),Sides,Non-Veg,150.0,sides,sides
483,Mutton Seekh Kabab,Starter,Non-Veg,150.0,starter,starter
484,Seasame Samak (Fish),Sides,Non-Veg,150.0,sides,sides
485,Samak Meshwi Tawa,Sides,Non-Veg,150.0,sides,sides
486,Koji Fish King Biryani,Biryani,Non-Veg,150.0,biryani,biryani
487,Koji Prawns Biryani,Biryani,Non-Veg,150.0,biryani,biryani
488,Koji Rice,Biryani,Non-Veg,150.0,biryani,biryani
489,Chicken Koji Biryani,Biryani,Non-Veg,150.0,biryani,biryani
490,Koji Mutton Biryani,Biryani,Non-Veg,150.0,biryani,biryani
491,Fish Jumbo Biryani,Biryani,Non-Veg,150.0,biryani,biryani
492,Koji Fish Amoor Biryani,Biryani,Non-Veg,150.0,biryani,biryani
493,Arabian Veg Gravy,Curry,Veg,150.0,curry,curry
494,Dejaj Mabatha (Chicken & Potato),Sides,Non-Veg,150.0,sides,sides
495,Laham Mabatha (Mutton & Potato),Sides,Non-Veg,150.0,sides,sides
496,Laham Lubia (Mutton & Kidney Bean),Sides,Non-Veg,150.0,sides,sides
497,Sabnak Bil Laham (Mutton & Palak),Sides,Non-Veg,150.0,sides,sides
498,Laham Sanaya (Mutton & Tom),Sides,Non-Veg,150.0,sides,sides
499,Samak Mabatha (Fish & Potato),Sides,Non-Veg,150.0,sides,sides
500,Grilled Mixed Seafood,Sides,Non-Veg,150.0,sides,sides
501,Special Chicken Shawarma (Kubbus),Sides,Non-Veg,150.0,sides,sides
502,Garlic Chicken Shawarma,Sides,Non-Veg,150.0,sides,sides
503,Sahan Chicken Shawarma,Sides,Non-Veg,150.0,sides,sides
504,Special Chicken Shawarma (Kerala Parotta),Bread,Non-Veg,150.0,bread,bread
505,Boiled Egg (2 Pcs),Sides,Egg,150.0,sides,sides
506,Egg Omelette,Sides,Egg,150.0,sides,sides
507,Masala Egg Omelette,Curry,Egg,150.0,curry,curry
508,Vegetable Cutlet,Sides,Veg,150.0,sides,sides
509,Chicken Fillet,Sides,Non-Veg,150.0,sides,sides
510,Chicken Sausage,Sides,Non-Veg,150.0,sides,sides
511,Chicken Nuggets,Sides,Non-Veg,150.0,sides,sides
512,Finger Fish,Sides,Non-Veg,150.0,sides,sides
513,Veg Burger,Sides,Veg,150.0,sides,sides
514,Veg Cheese Burger,Sides,Veg,150.0,sides,sides
515,Chicken Cheese Burger,Sides,Non-Veg,150.0,sides,sides
516,Chicken Burger,Sides,Non-Veg,150.0,sides,sides
517,Club Chicken Burger,Sides,Non-Veg,150.0,sides,sides
518,Mahara Chicken Burger,Sides,Non-Veg,150.0,sides,sides
519,Royal Chicken Burger,Sides,Non-Veg,150.0,sides,sides
520,Veg Roll,Sides,Veg,150.0,sides,sides
521,Veg Kubbus Roll,Sides,Veg,150.0,sides,sides
522,Bun Paneer Roll,Curry,Veg,150.0,curry,curry
523,Bun Egg Roll,Sides,Egg,150.0,sides,sides
524,Kerala Parotta Egg Roll,Bread,Egg,150.0,bread,bread
525,Bun Omelette Roll,Sides,Non-Veg,150.0,sides,sides
526,Kerala Parotta Omelette Roll,Bread,Non-Veg,150.0,bread,bread
527,Bun Chicken Roll,Sides,Non-Veg,150.0,sides,sides
528,Kerala Parotta Chicken Roll,Bread,Non-Veg,150.0,bread,bread
529,Bun Mutton Roll,Sides,Non-Veg,150.0,sides,sides
530,Kerala Parotta Mutton Roll,Bread,Non-Veg,150.0,bread,bread
531,Kerala Parotta Paneer Roll,Curry,Veg,150.0,curry,curry
532,Cheese Sandwich,Sides,Veg,150.0,sides,sides
533,Tomato Grilled Sandwich,Sides,Veg,150.0,sides,sides
534,Veg Grilled Sandwich,Sides,Veg,150.0,sides,sides
535,Veg Cheese Sandwich,Sides,Veg,150.0,sides,sides
536,Mushroom Sandwich,Sides,Veg,150.0,sides,sides
537,Cheese Capsicum Tomato Sandwich,Sides,Veg,150.0,sides,sides
538,Egg Sandwich,Sides,Egg,150.0,sides,sides
539,Bread Omelette Sandwich,Sides,Non-Veg,150.0,sides,sides
540,Egg Cheese Sandwich,Sides,Egg,150.0,sides,sides
541,Omelette Cheese Sandwich,Sides,Non-Veg,150.0,sides,sides
542,Grilled Chicken Sandwich,Sides,Non-Veg,150.0,sides,sides
543,Chicken Cheese Sandwich,Sides,Non-Veg,150.0,sides,sides
544,Chicken Tikka Sandwich,Starter,Non-Veg,150.0,starter,starter
545,Chicken Mayonnaise Sandwich,Sides,Non-Veg,150.0,sides,sides
546,Prawns Sandwich,Sides,Non-Veg,150.0,sides,sides
547,Chicken Hot Dog Roll (Nakanak),Sides,Non-Veg,150.0,sides,sides
548,Chicken Hot Dog Roll with Cheese,Sides,Non-Veg,150.0,sides,sides
549,Bahrani Club Chicken Sandwich,Sides,Non-Veg,150.0,sides,sides
550,Hot Dog Mutton,Sides,Non-Veg,150.0,sides,sides
551,Saudi Club Mutton Sandwich,Sides,Non-Veg,150.0,sides,sides
552,Veg Tom Yum Soup,Sides,Veg,150.0,sides,sides
553,Sweet corn Veg Soup,Sides,Veg,150.0,sides,sides
554,Veg Jud Corn Soup,Sides,Veg,150.0,sides,sides
555,Cream of Tomato Soup,Sides,Veg,150.0,sides,sides
556,Veg Clear Soup,Sides,Veg,150.0,sides,sides
557,Veg Noodle Soup,Chinese,Veg,150.0,chinese,chinese
558,Dal Soup,Curry,Veg,150.0,curry,curry
559,Baby corn Mushroom Soup,Sides,Veg,150.0,sides,sides
560,Cream of Mushroom Soup,Sides,Veg,150.0,sides,sides
561,BUN SOUP VEG,Sides,Veg,150.0,sides,sides
562,Savoury Dragon Soup,Sides,Veg,150.0,sides,sides
563,Chicken Tom Yum Soup,Sides,Non-Veg,150.0,sides,sides
564,Lung Fung Soup Chicken,Sides,Non-Veg,150.0,sides,sides
565,Chicken Jud Corn Soup,Sides,Non-Veg,150.0,sides,sides
566,Chicken Mushroom Soup,Sides,Non-Veg,150.0,sides,sides
567,Chicken Noodle Soup,Chinese,Non-Veg,150.0,chinese,chinese
568,Sweet corn Chicken Soup,Sides,Non-Veg,150.0,sides,sides
569,Mint Lemon Soup Chicken,Sides,Non-Veg,150.0,sides,sides
570,Chicken Pepper Soup,Sides,Non-Veg,150.0,sides,sides
571,BUN SOUP CHICKEN,Sides,Non-Veg,150.0,sides,sides
572,Mutton Soup,Sides,Non-Veg,150.0,sides,sides
573,Mutton Pepper Soup,Sides,Non-Veg,150.0,sides,sides
574,Mutton Clear Soup,Sides,Non-Veg,150.0,sides,sides
575,Shorba Bharya (creamy),Sides,Non-Veg,150.0,sides,sides
576,Shorba Bahrraya (spicy),Sides,Non-Veg,150.0,sides,sides
577,Tom Yum Seafood Soup,Sides,Non-Veg,150.0,sides,sides
578,Seafood Soup,Sides,Non-Veg,150.0,sides,sides
579,Turshi Pickle Salad,Sides,Veg,150.0,sides,sides
580,Onion Salad,Sides,Veg,150.0,sides,sides
581,Green Salad,Sides,Veg,150.0,sides,sides
582,Special Green Salad,Sides,Veg,150.0,sides,sides
583,Mayonnaise Salad,Sides,Veg,150.0,sides,sides
584,Arabian Salad,Sides,Veg,150.0,sides,sides
585,Mixed Fruit Salad,Sides,Veg,150.0,sides,sides
586,Seashell Healthy Salad,Sides,Veg,150.0,sides,sides
587,Kass Salad,Sides,Veg,150.0,sides,sides
588,Pineapple Salad,Sides,Non-Veg,150.0,sides,sides
589,Veg Macaroni,Sides,Veg,150.0,sides,sides
590,Cheese Macaroni,Sides,Veg,150.0,sides,sides
591,Egg Macaroni,Sides,Egg,150.0,sides,sides
592,Chicken Macaroni,Sides,Non-Veg,150.0,sides,sides
593,Chicken Cheese Macaroni,Sides,Non-Veg,150.0,sides,sides
594,Chicken Schezwan Macaroni,Sides,Non-Veg,150.0,sides,sides
595,Chicken Double Cheese Macaroni,Sides,Non-Veg,150.0,sides,sides
596,Mutton Schezwan Macaroni,Sides,Non-Veg,150.0,sides,sides
597,Mutton Macaroni,Sides,Non-Veg,150.0,sides,sides
598,Prawns Macaroni,Sides,Non-Veg,150.0,sides,sides
599,Mixed Macaroni,Sides,Non-Veg,150.0,sides,sides
600,Fish Fry (king Fish),Starter,Non-Veg,150.0,starter,starter
601,Paneer Tikka,Curry,Veg,150.0,curry,curry
602,Kalmi Kebab (3 Pcs),Starter,Non-Veg,150.0,starter,starter
603,Reshmi Kebab,Starter,Non-Veg,150.0,starter,starter
604,Hariyali Kebab,Starter,Non-Veg,150.0,starter,starter
605,Tandoori Kebab,Starter,Non-Veg,150.0,starter,starter
606,Lehsuni Chicken Kebab,Starter,Non-Veg,150.0,starter,starter
607,Aloo Parotta,Bread,Veg,150.0,bread,bread
608,Kerala Parotta,Bread,Veg,150.0,bread,bread
609,Wheat Parotta,Bread,Veg,150.0,bread,bread
610,Kuboos,Sides,Veg,150.0,sides,sides
611,Tandoori Butter Roti,Bread,Veg,150.0,bread,bread
612,Kashmiri Naan,Bread,Veg,150.0,bread,bread
613,Tandoori Parotta,Bread,Veg,150.0,bread,bread
614,Laccha Parotta,Bread,Veg,150.0,bread,bread
615,Egg Parotta,Bread,Egg,150.0,bread,bread
616,Chapatti,Sides,Veg,150.0,sides,sides
617,Mutton Raan Dum Biriyani,Sides,Non-Veg,150.0,sides,sides
618,Egg Dum Biryani,Biryani,Egg,150.0,biryani,biryani
619,Khushka Rice,Biryani,Veg,150.0,biryani,biryani
620,Chicken Tikka Biryani,Biryani,Non-Veg,150.0,biryani,biryani
621,Mutton Malabar Biryani,Biryani,Non-Veg,150.0,biryani,biryani
622,Biryani Rice(seeraga samba rice),Biryani,Non-Veg,150.0,biryani,biryani
623,Chicken Malabar Biryani with Egg,Biryani,Egg,150.0,biryani,biryani
624,Prawns Biryani (Jeerasamb Rice),Biryani,Non-Veg,150.0,biryani,biryani
625,Fish biriyani(jeerasamb rice),Biryani,Non-Veg,150.0,biryani,biryani
626,Veg Guldasta,Sides,Veg,150.0,sides,sides
627,Aloo Kareena,Sides,Veg,150.0,sides,sides
628,Veg Kareena,Sides,Veg,150.0,sides,sides
629,Sanjha Savera,Sides,Veg,150.0,sides,sides
630,Dum Aloo,Sides,Veg,150.0,sides,sides
631,Aloo Masala,Curry,Veg,150.0,curry,curry
632,Aloo Mattar,Sides,Veg,150.0,sides,sides
633,Green Peas Masala,Curry,Veg,150.0,curry,curry
634,Boiled Veg,Sides,Veg,150.0,sides,sides
635,Veg Makhanwala,Sides,Veg,150.0,sides,sides
636,Mushroom Kadai,Sides,Veg,150.0,sides,sides
637,Malai Kofta,Sides,Veg,150.0,sides,sides
638,Paneer Kofta,Curry,Veg,150.0,curry,curry
639,S.S. Veg Korma,Sides,Veg,150.0,sides,sides
640,Egg Curry,Curry,Egg,150.0,curry,curry
641,Egg Peas Masala,Curry,Egg,150.0,curry,curry
642,Egg Pepper Masala,Curry,Egg,150.0,curry,curry
643,Kandahari Chicken,Sides,Non-Veg,150.0,sides,sides
644,Sakoti Boneless Chicken,Sides,Non-Veg,150.0,sides,sides
645,Irani Boneless Chicken,Sides,Non-Veg,150.0,sides,sides
646,Sigdi Tawa Boneless,Sides,Non-Veg,150.0,sides,sides
647,Chicken Rogan Josh Boneless,Sides,Non-Veg,150.0,sides,sides
648,Murgh Mussallam,Sides,Non-Veg,150.0,sides,sides
649,Chicken Mirchi with Palak,Sides,Non-Veg,150.0,sides,sides
650,Chicken Tawa,Sides,Non-Veg,150.0,sides,sides
651,Chicken Curry,Curry,Non-Veg,150.0,curry,curry
652,Chicken Butter Masala,Curry,Non-Veg,150.0,curry,curry
653,Chicken Korma,Sides,Non-Veg,150.0,sides,sides
654,Chicken Kolhapuri,Sides,Non-Veg,150.0,sides,sides
655,Methi Chicken,Sides,Non-Veg,150.0,sides,sides
656,Chicken Hyderabadi,Sides,Non-Veg,150.0,sides,sides
657,Chicken Chettinad,Sides,Non-Veg,150.0,sides,sides
658,Chicken Chatpata,Sides,Non-Veg,150.0,sides,sides
659,Chicken Adraki,Sides,Non-Veg,150.0,sides,sides
660,Chicken Do Pyaza,Sides,Non-Veg,150.0,sides,sides
661,Chicken Patiala,Sides,Non-Veg,150.0,sides,sides
662,S.S. Chicken Korma,Sides,Non-Veg,150.0,sides,sides
663,Mutton Bhuna Ghost Boneless,Sides,Non-Veg,150.0,sides,sides
664,Mutton Tawa Boneless,Sides,Non-Veg,150.0,sides,sides
665,Sigdi Tawa Mutton,Sides,Non-Veg,150.0,sides,sides
666,Mutton Johrani Boneless,Sides,Non-Veg,150.0,sides,sides
667,Mutton Fry,Starter,Non-Veg,150.0,starter,starter
668,Mutton Chettinad,Sides,Non-Veg,150.0,sides,sides
669,Mutton Hyderabadi,Sides,Non-Veg,150.0,sides,sides
670,Keema Masala,Curry,Non-Veg,150.0,curry,curry
671,Keema Mattar Masala,Curry,Non-Veg,150.0,curry,curry
672,Keema Egg Fry,Starter,Egg,150.0,starter,starter
673,Keema Egg Bhurji,Sides,Egg,150.0,sides,sides
674,Keema Hyderabadi,Sides,Non-Veg,150.0,sides,sides
675,Keema Arabi Dry,Sides,Non-Veg,150.0,sides,sides
676,S.S. Mutton Korma,Sides,Non-Veg,150.0,sides,sides
677,Fish Goa Curry,Curry,Non-Veg,150.0,curry,curry
678,South Indian Fish Curry,Curry,Non-Veg,150.0,curry,curry
679,Mythali Fish Curry,Curry,Non-Veg,150.0,curry,curry
680,Fish Kadai,Sides,Non-Veg,150.0,sides,sides
681,Fish Pepper Masala,Curry,Non-Veg,150.0,curry,curry
682,Fish Chettinad,Sides,Non-Veg,150.0,sides,sides
683,Prawns Malvani,Sides,Non-Veg,150.0,sides,sides
684,Prawns Masala,Curry,Non-Veg,150.0,curry,curry
685,Prawns Chettinad,Sides,Non-Veg,150.0,sides,sides
686,Prawns Kadai,Sides,Non-Veg,150.0,sides,sides
687,Prawns Pepper Masala,Curry,Non-Veg,150.0,curry,curry
688,Crab Pepper Masala,Curry,Non-Veg,150.0,curry,curry
689,Dal Jeera Tadka,Curry,Veg,150.0,curry,curry
690,Dal Gosh,Curry,Veg,150.0,curry,curry
691,Mushroom in Hot Garlic Sauce,Chinese,Veg,150.0,chinese,chinese
692,Paneer Manchurian Dry ( 8 Pcs ),Curry,Veg,150.0,curry,curry
693,Chilli Paneer Dry,Curry,Veg,150.0,curry,curry
694,Jeera Aloo Dry,Chinese,Veg,150.0,chinese,chinese
695,Crispy Fried Potato,Chinese,Veg,150.0,chinese,chinese
696,Schezwan Chilli Baby corn,Chinese,Veg,150.0,chinese,chinese
697,Golden Fried Baby corn,Chinese,Veg,150.0,chinese,chinese
698,Crispy Cauliflower,Chinese,Veg,150.0,chinese,chinese
699,Crispy Veg,Chinese,Veg,150.0,chinese,chinese
700,Gobi Chilli Dry,Chinese,Veg,150.0,chinese,chinese
701,Gobi Manchurian Dry,Chinese,Veg,150.0,chinese,chinese
702,Mushroom Manchurian Dry,Chinese,Veg,150.0,chinese,chinese
703,Singapore Mushroom Dry,Chinese,Veg,150.0,chinese,chinese
704,Schezwan Mushroom Dry,Chinese,Veg,150.0,chinese,chinese
705,Mushroom Chilli Dry,Chinese,Veg,150.0,chinese,chinese
706,Bulgogi Chicken (Thai Style),Chinese,Non-Veg,150.0,chinese,chinese
707,Satay Kai (Thai Style),Chinese,Non-Veg,150.0,chinese,chinese
708,Sangmai Chicken,Chinese,Non-Veg,150.0,chinese,chinese
709,Red Bell Chicken,Chinese,Non-Veg,150.0,chinese,chinese
710,Roasted Hunan Chicken,Chinese,Non-Veg,150.0,chinese,chinese
711,Chicken Dry Fry,Starter,Non-Veg,150.0,starter,starter
712,Drums of Heaven,Chinese,Non-Veg,150.0,chinese,chinese
713,Crispy Chicken,Chinese,Non-Veg,150.0,chinese,chinese
714,Pepper Chicken Sticks,Chinese,Non-Veg,150.0,chinese,chinese
715,Chinese Chicken Sticks,Chinese,Non-Veg,150.0,chinese,chinese
716,Chinese Fried Chicken,Chinese,Non-Veg,150.0,chinese,chinese
717,Chicken Bell Pepper,Chinese,Non-Veg,150.0,chinese,chinese
718,Red Dragon Chicken,Chinese,Non-Veg,150.0,chinese,chinese
719,Chicken Salt & Pepper,Chinese,Non-Veg,150.0,chinese,chinese
720,Satay Chicken in Red Sauce,Chinese,Non-Veg,150.0,chinese,chinese
721,Crunchy Chicken,Chinese,Non-Veg,150.0,chinese,chinese
722,Satay Chicken,Chinese,Non-Veg,150.0,chinese,chinese
723,Chicken Pepper Fry,Starter,Non-Veg,150.0,starter,starter
724,Shredded Chicken (Hakka Style),Chinese,Non-Veg,150.0,chinese,chinese
725,Worcester Sauce Chicken,Chinese,Non-Veg,150.0,chinese,chinese
726,Chicken Green Pepper Dry,Chinese,Non-Veg,150.0,chinese,chinese
727,Red Cooked Chicken,Chinese,Non-Veg,150.0,chinese,chinese
728,Spinach Chicken,Chinese,Non-Veg,150.0,chinese,chinese
729,Hong Kong Chicken,Chinese,Non-Veg,150.0,chinese,chinese
730,Chicken Manchurian Dry,Chinese,Non-Veg,150.0,chinese,chinese
731,Hunan Chicken Dry,Chinese,Non-Veg,150.0,chinese,chinese
732,Schezwan Chicken Dry,Chinese,Non-Veg,150.0,chinese,chinese
733,Singapore Chicken Dry,Chinese,Non-Veg,150.0,chinese,chinese
734,Chilli Chicken Dry,Chinese,Non-Veg,150.0,chinese,chinese
735,Ginger Chicken Dry,Chinese,Non-Veg,150.0,chinese,chinese
736,Garlic Chicken Dry,Chinese,Non-Veg,150.0,chinese,chinese
737,Mutton Chilli Dry,Chinese,Non-Veg,150.0,chinese,chinese
738,Mutton Chilli Gravy,Curry,Non-Veg,150.0,curry,curry
739,Mutton Crispy,Chinese,Non-Veg,150.0,chinese,chinese
740,Crispy Lamb with Oyster Sauce,Chinese,Non-Veg,150.0,chinese,chinese
741,Crab Lollipop,Chinese,Non-Veg,150.0,chinese,chinese
742,Squid Chilly Roast,Chinese,Non-Veg,150.0,chinese,chinese
743,Fish with Cheese,Chinese,Non-Veg,150.0,chinese,chinese
744,Fish Phuket,Chinese,Non-Veg,150.0,chinese,chinese
745,Sliced Fish with Garlic,Chinese,Non-Veg,150.0,chinese,chinese
746,Schezwan Fish Dry,Chinese,Non-Veg,150.0,chinese,chinese
747,Fish Manchurian Dry,Chinese,Non-Veg,150.0,chinese,chinese
748,Ginger Fish Dry,Chinese,Non-Veg,150.0,chinese,chinese
749,Garlic Fish Dry,Chinese,Non-Veg,150.0,chinese,chinese
750,Schezwan Prawns Dry,Chinese,Non-Veg,150.0,chinese,chinese
751,Satay Prawns,Chinese,Non-Veg,150.0,chinese,chinese
752,Prawns Manchurian Dry,Chinese,Non-Veg,150.0,chinese,chinese
753,Ginger Prawns Dry,Chinese,Non-Veg,150.0,chinese,chinese
754,Garlic Prawns Dry,Chinese,Non-Veg,150.0,chinese,chinese
755,Prawns Schezwan Fried Rice,Chinese,Non-Veg,150.0,chinese,chinese
756,Seafood Fried Rice,Chinese,Non-Veg,150.0,chinese,chinese
757,Veg Hakka Noodles,Chinese,Veg,150.0,chinese,chinese
758,Veg Singapore Noodles,Chinese,Veg,150.0,chinese,chinese
759,Egg Hakka Noodles,Chinese,Egg,150.0,chinese,chinese
760,Egg Singapore Noodles,Chinese,Egg,150.0,chinese,chinese
761,Chicken Hakka Noodles,Chinese,Non-Veg,150.0,chinese,chinese
762,Chicken Singapore Noodles,Chinese,Non-Veg,150.0,chinese,chinese
763,Mutton Schezwan Noodles,Chinese,Non-Veg,150.0,chinese,chinese
764,Prawns Schezwan Noodles,Chinese,Non-Veg,150.0,chinese,chinese
765,Paneer Manchurian Gravy,Curry,Veg,150.0,curry,curry
766,Chilli Paneer Gravy,Curry,Veg,150.0,curry,curry
767,Potato in Hot Garlic Sauce,Chinese,Veg,150.0,chinese,chinese
768,Gobi Chilli Gravy,Curry,Veg,150.0,curry,curry
769,Gobi Manchurian Gravy,Curry,Veg,150.0,curry,curry
770,Mushroom Manchurian Gravy,Curry,Veg,150.0,curry,curry
771,Singapore Mushroom Gravy,Curry,Veg,150.0,curry,curry
772,Schezwan Mushroom Gravy,Curry,Veg,150.0,curry,curry
773,Veg Hunan Gravy,Curry,Veg,150.0,curry,curry
774,Mushroom Chilli Gravy,Curry,Veg,150.0,curry,curry
775,Chicken Manchurian Gravy,Curry,Non-Veg,150.0,curry,curry
776,Hunan Chicken Gravy,Curry,Non-Veg,150.0,curry,curry
777,Schezwan Chicken Gravy,Curry,Non-Veg,150.0,curry,curry
778,Singapore Chicken Gravy,Curry,Non-Veg,150.0,curry,curry
779,Chilli Chicken Gravy,Curry,Non-Veg,150.0,curry,curry
780,Ginger Chicken Gravy,Curry,Non-Veg,150.0,curry,curry
781,Garlic Chicken Gravy,Curry,Non-Veg,150.0,curry,curry
782,Fish Manchurian Gravy,Curry,Non-Veg,150.0,curry,curry
783,Ginger Fish Gravy,Curry,Non-Veg,150.0,curry,curry
784,Garlic Fish Gravy,Curry,Non-Veg,150.0,curry,curry
785,Fish Black Bean Sauce,Chinese,Non-Veg,150.0,chinese,chinese
786,Schezwan Fish Gravy,Curry,Non-Veg,150.0,curry,curry
787,Schezwan Prawns Gravy,Curry,Non-Veg,150.0,curry,curry
788,Prawns Hot Garlic Sauce,Chinese,Non-Veg,150.0,chinese,chinese
789,Prawns Black Bean Sauce,Chinese,Non-Veg,150.0,chinese,chinese
790,Prawns Manchurian Gravy,Curry,Non-Veg,150.0,curry,curry
791,Ginger Prawns Gravy,Curry,Non-Veg,150.0,curry,curry
792,Chilli Prawns Gravy,Curry,Non-Veg,150.0,curry,curry
793,Garlic Prawns Gravy,Curry,Non-Veg,150.0,curry,curry
794,Veg Dragon Chop suey,Chinese,Veg,150.0,chinese,chinese
795,American Veg Chop suey,Chinese,Veg,150.0,chinese,chinese
796,Chinese Veg Chop suey,Chinese,Veg,150.0,chinese,chinese
797,American Chicken Chop suey,Chinese,Non-Veg,150.0,chinese,chinese
798,Chinese Chicken Chop suey,Chinese,Non-Veg,150.0,chinese,chinese
799,Hummus,Sides,Veg,150.0,sides,sides
800,Garlic Paste Thoum,Sides,Veg,150.0,sides,sides
801,Curd,Sides,Veg,150.0,sides,sides
802,Fruit Punch Ice cream,Dessert,Veg,150.0,dessert,dessert
803,Orange Ice cream,Dessert,Veg,150.0,dessert,dessert
804,Pineapple Ice cream,Dessert,Veg,150.0,dessert,dessert
805,Fruit Punch with Ice cream,Dessert,Veg,150.0,dessert,dessert
806,Blackcurrant Ice cream,Dessert,Veg,150.0,dessert,dessert
807,Kulfi Ice cream,Dessert,Veg,150.0,dessert,dessert
808,Mushakkal Ice cream,Dessert,Veg,150.0,dessert,dessert
809,Rose Kiss,Dessert,Veg,150.0,dessert,dessert
810,White Lady,Dessert,Veg,150.0,dessert,dessert
811,Spanish Delight,Dessert,Veg,150.0,dessert,dessert
812,Berry Chocolate,Dessert,Veg,150.0,dessert,dessert
813,Can Lock,Dessert,Veg,150.0,dessert,dessert
814,Gudbud,Dessert,Veg,150.0,dessert,dessert
815,Choco Cruise,Dessert,Veg,150.0,dessert,dessert
816,Black Lady,Dessert,Veg,150.0,dessert,dessert
817,Frozer Glass,Dessert,Veg,150.0,dessert,dessert
818,Alfinit Alto,Dessert,Veg,150.0,dessert,dessert
819,Flower Locator,Dessert,Veg,150.0,dessert,dessert
820,Black Studdin,Dessert,Veg,150.0,dessert,dessert
821,Trendy Male,Dessert,Veg,150.0,dessert,dessert
822,Golden Cherry,Dessert,Veg,150.0,dessert,dessert
823,Savoury King,Dessert,Veg,150.0,dessert,dessert
824,Brown Spare,Dessert,Veg,150.0,dessert,dessert
825,Spare Oil,Dessert,Veg,150.0,dessert,dessert
826,Night Cascade,Dessert,Veg,150.0,dessert,dessert
827,Royal Temptation,Dessert,Veg,150.0,dessert,dessert
828,Love 20,Dessert,Veg,150.0,dessert,dessert
829,Ever Green,Dessert,Veg,150.0,dessert,dessert
830,Mixed Fruit with Vanilla Ice cream,Dessert,Veg,150.0,dessert,dessert
831,Jelly with Vanilla Ice cream,Dessert,Veg,150.0,dessert,dessert
832,Mango with Vanilla Ice cream,Dessert,Veg,150.0,dessert,dessert
833,Strawberry Cream,Dessert,Veg,150.0,dessert,dessert
834,Chocolate Cream,Dessert,Veg,150.0,dessert,dessert
835,Badam Pista Cream,Dessert,Veg,150.0,dessert,dessert
836,Kiwi Cream,Dessert,Veg,150.0,dessert,dessert
837,Mixed Fruit Cream,Dessert,Veg,150.0,dessert,dessert
838,Chikoo Cream,Dessert,Veg,150.0,dessert,dessert
839,Honey Falooda,Dessert,Veg,150.0,dessert,dessert
840,Tutti Fruity Falooda,Dessert,Veg,150.0,dessert,dessert
841,Kulfi Falooda,Dessert,Veg,150.0,dessert,dessert
842,Delight Falooda,Dessert,Veg,150.0,dessert,dessert
843,20 20 Falooda,Dessert,Veg,150.0,dessert,dessert
844,Chocolate Triple Falooda,Dessert,Veg,150.0,dessert,dessert
845,Harjan Falooda,Dessert,Veg,150.0,dessert,dessert
846,Chocolate Falooda,Dessert,Veg,150.0,dessert,dessert
847,Green Day Falooda,Dessert,Veg,150.0,dessert,dessert
848,Creamy Falooda,Dessert,Veg,150.0,dessert,dessert
849,Royal Falooda,Dessert,Veg,150.0,dessert,dessert
850,King Falooda,Dessert,Veg,150.0,dessert,dessert
851,Savoury Special Falooda,Dessert,Veg,150.0,dessert,dessert
852,Fruit Falooda,Dessert,Veg,150.0,dessert,dessert
853,Dry Fruit Falooda,Dessert,Veg,150.0,dessert,dessert
854,Strawberry Falooda,Dessert,Veg,150.0,dessert,dessert
855,Butterscotch Falooda,Dessert,Veg,150.0,dessert,dessert
856,50 50 Falooda,Dessert,Veg,150.0,dessert,dessert
857,Tender Coconut Milkshake,Beverage,Veg,150.0,beverage,beverage
858,Berry Browni Milkshake,Beverage,Veg,150.0,beverage,beverage
859,Basara (Dates) Milkshake,Beverage,Veg,150.0,beverage,beverage
860,Cool Kofe Milkshake,Beverage,Veg,150.0,beverage,beverage
861,Mango Republic Milkshake,Beverage,Veg,150.0,beverage,beverage
862,Raspberry Romance Milkshake,Beverage,Veg,150.0,beverage,beverage
863,The Jughead's Special Milkshake,Beverage,Veg,150.0,beverage,beverage
864,All Shock Up Milkshake (Choco 'N' Wafers),Beverage,Veg,150.0,beverage,beverage
865,Vanilla Milkshake,Beverage,Veg,150.0,beverage,beverage
866,Chocolate Milkshake,Beverage,Veg,150.0,beverage,beverage
867,Butterscotch Milkshake,Beverage,Veg,150.0,beverage,beverage
868,Pista Milkshake,Beverage,Veg,150.0,beverage,beverage
869,Rose Milk,Beverage,Veg,150.0,beverage,beverage
870,Water Melon Milkshake,Beverage,Veg,150.0,beverage,beverage
871,Anjeer Dry Fruit Milkshake,Beverage,Veg,150.0,beverage,beverage
872,Kit Kat Milkshake,Beverage,Veg,150.0,beverage,beverage
873,Ferrero Rocher,Beverage,Veg,150.0,beverage,beverage
874,Dry Fruit Milkshake,Beverage,Veg,150.0,beverage,beverage
875,Oreo Milkshake,Beverage,Veg,150.0,beverage,beverage
876,Chikoo Milkshake,Beverage,Veg,150.0,beverage,beverage
877,Walnut Blend Milkshake (Dry Fruit Base),Beverage,Veg,150.0,beverage,beverage
878,Orange Blossom,Beverage,Veg,150.0,beverage,beverage
879,True Blue (Pineapple Based),Beverage,Veg,150.0,beverage,beverage
880,Ginger Mountain,Beverage,Veg,150.0,beverage,beverage
881,Golden Triangle,Beverage,Veg,150.0,beverage,beverage
882,Summer of 69 (Cucumber Base),Beverage,Veg,150.0,beverage,beverage
883,Margarita (An Orange Drink),Beverage,Veg,150.0,beverage,beverage
884,Jack Magic,Beverage,Veg,150.0,beverage,beverage
885,Four Seasons (Sweet Lime Based),Beverage,Veg,150.0,beverage,beverage
886,Flosberry Flot,Beverage,Veg,150.0,beverage,beverage
887,Indian Mocktail,Beverage,Veg,150.0,beverage,beverage
888,Sunrish Splash,Beverage,Veg,150.0,beverage,beverage
889,Valentino,Beverage,Veg,150.0,beverage,beverage
890,Seablue Mocktail,Beverage,Veg,150.0,beverage,beverage
891,Seashell Mocktail,Beverage,Veg,150.0,beverage,beverage
892,Mango Delight,Beverage,Veg,150.0,beverage,beverage
893,Green Dolphin,Beverage,Veg,150.0,beverage,beverage
894,Mango Berry,Beverage,Veg,150.0,beverage,beverage
895,Strawberry Cooler,Beverage,Veg,150.0,beverage,beverage
896,Faravila Shamam,Beverage,Veg,150.0,beverage,beverage
897,Mango Anab,Beverage,Veg,150.0,beverage,beverage
898,Apple Cooler,Beverage,Veg,150.0,beverage,beverage
899,Banana Faravila,Beverage,Veg,150.0,beverage,beverage
900,Emirates Cocktail,Beverage,Veg,150.0,beverage,beverage
901,Mirchi Citrus,Beverage,Veg,150.0,beverage,beverage
902,Pineapple Punch,Beverage,Veg,150.0,beverage,beverage
903,Rose Melon,Beverage,Veg,150.0,beverage,beverage
904,Velvet Rose,Beverage,Veg,150.0,beverage,beverage
905,Green Mango,Beverage,Veg,150.0,beverage,beverage
906,Green Pineapple,Beverage,Veg,150.0,beverage,beverage
907,Arabian Grape Mocktail,Beverage,Veg,150.0,beverage,beverage
908,Sharjah Mocktail,Beverage,Veg,150.0,beverage,beverage
909,Ahlam Mocktail,Beverage,Veg,150.0,beverage,beverage
910,Aboodh Mocktail,Beverage,Veg,150.0,beverage,beverage
911,Yaseri Mocktail,Beverage,Veg,150.0,beverage,beverage
912,London Mocktail,Beverage,Veg,150.0,beverage,beverage
913,Arabian Nights Mocktail,Beverage,Veg,150.0,beverage,beverage
914,Ultima Mocktail,Beverage,Veg,150.0,beverage,beverage
915,3 Shabab Mocktail,Beverage,Veg,150.0,beverage,beverage
916,Mariam Mocktail,Beverage,Veg,150.0,beverage,beverage
917,Roman Pic Mocktail,Beverage,Veg,150.0,beverage,beverage
918,Hasala Mocktail,Beverage,Veg,150.0,beverage,beverage
919,Computer Mocktail,Beverage,Veg,150.0,beverage,beverage
920,Internet Mocktail,Beverage,Veg,150.0,beverage,beverage
921,Avadhi Mocktail,Beverage,Veg,150.0,beverage,beverage
922,Rolex Mocktail,Beverage,Veg,150.0,beverage,beverage
923,Arabian Mocktail,Beverage,Veg,150.0,beverage,beverage
924,Summer Shake,Beverage,Veg,150.0,beverage,beverage
925,Savoury Special Mocktail,Beverage,Veg,150.0,beverage,beverage
926,Omani Mocktail,Beverage,Veg,150.0,beverage,beverage
927,Spicy Tomato Juice,Beverage,Veg,150.0,beverage,beverage
928,Ginger Lime Juice,Beverage,Veg,150.0,beverage,beverage
929,Spicy Lime Juice,Beverage,Veg,150.0,beverage,beverage
930,Sweet Lime Juice,Beverage,Veg,150.0,beverage,beverage
931,Spicy Melon Juice,Beverage,Veg,150.0,beverage,beverage
932,Water Melon Juice,Beverage,Veg,150.0,beverage,beverage
933,Tomato Juice,Beverage,Veg,150.0,beverage,beverage
934,Grape Juice,Beverage,Veg,150.0,beverage,beverage
935,Lime Mint Cooler Juice,Beverage,Veg,150.0,beverage,beverage
936,Sweet Lassi Juice,Beverage,Veg,150.0,beverage,beverage
937,Spicy Pomegranate Juice,Beverage,Veg,150.0,beverage,beverage
938,Orange Punch Juice,Beverage,Veg,150.0,beverage,beverage
939,Musk Melon Juice,Beverage,Veg,150.0,beverage,beverage
940,Strawberry Ice Tea,Beverage,Veg,150.0,beverage,beverage
941,Ice Lemon Tea,Beverage,Veg,150.0,beverage,beverage
942,Peach Ice Tea,Beverage,Veg,150.0,beverage,beverage
943,Water Melon Ice Tea,Beverage,Veg,150.0,beverage,beverage
944,Green Apple Ice Tea,Beverage,Veg,150.0,beverage,beverage
945,CHICKEN BIRIYANI 1 PIECE CHICKEN65 (3PIECES Egg+Raitha+Brinjal,Sides,Egg,150.0,sides,sides
946,Murungai Kaai Thokku(Drum Stick),Sides,Veg,150.0,sides,sides
947,Onion Thokku(Vengayam),Sides,Veg,150.0,sides,sides
948,Parotta With Side Dish,Bread,Veg,150.0,bread,bread
949,Chapathi(2pcs),Sides,Veg,150.0,sides,sides
950,Tomato Soup,Sides,Veg,150.0,sides,sides
951,Mushroom 65,Sides,Veg,150.0,sides,sides
952,Baby Corn 65,Sides,Veg,150.0,sides,sides
953,Mushroom Pepper Fry,Starter,Veg,150.0,starter,starter
954,Gobi Manchurian,Chinese,Veg,150.0,chinese,chinese
955,Chilly Paneer,Curry,Veg,150.0,curry,curry
956,Baby Corn Manchurian,Chinese,Veg,150.0,chinese,chinese
957,Veg Dum Biryani,Biryani,Veg,150.0,biryani,biryani
958,Mushroom Dum Biryani,Biryani,Veg,150.0,biryani,biryani
959,Paneer Dum Biryani,Biryani,Veg,150.0,biryani,biryani
960,Ps4 Special Pulao,Rice,Veg,150.0,rice,rice
961,Paneer Fried Rice(indian),Curry,Veg,150.0,curry,curry
962,Ps4 Special Fried Rice(indian),Rice,Veg,150.0,rice,rice
963,Gobi Fried Rice(indian),Rice,Veg,150.0,rice,rice
964,Schezwan Noodles,Chinese,Veg,150.0,chinese,chinese
965,Veg Noodles(indian),Chinese,Veg,150.0,chinese,chinese
966,Paneer Noodles(indian),Curry,Veg,150.0,curry,curry
967,Paneer Punjabi,Curry,Veg,150.0,curry,curry
968,Kadai Paneer,Curry,Veg,150.0,curry,curry
969,Kadai Veg,Sides,Veg,150.0,sides,sides
970,Mix Veg Curry,Curry,Veg,150.0,curry,curry
971,Veg Sandwich,Sides,Veg,150.0,sides,sides
972,Dahi Puri,Sides,Veg,150.0,sides,sides
973,Pav Bhaji,Sides,Veg,150.0,sides,sides
974,7'' Ps4 Special Pizza,Sides,Veg,150.0,sides,sides
975,Pomegranate Juice (Madhulam),Beverage,Veg,150.0,beverage,beverage
976,Ellu Burfi(200gms),Dessert,Veg,150.0,dessert,dessert
977,Badam Halwa(100 Gms),Dessert,Veg,150.0,dessert,dessert
978,Grounut Burfi(250 Gms),Dessert,Veg,150.0,dessert,dessert
979,Rassagulla(500 Gms),Dessert,Veg,150.0,dessert,dessert
980,Gulabjamun(500 Gms),Dessert,Veg,150.0,dessert,dessert
981,Pottu Kadalai Burfi(250gms),Curry,Veg,150.0,curry,curry
982,Adhirasam(200 Gms),Dessert,Veg,150.0,dessert,dessert
983,Rassagulla(1000 Gms),Dessert,Veg,150.0,dessert,dessert
984,Peanut Roll200gms),Dessert,Veg,150.0,dessert,dessert
985,Gulabjamun(1000 Gms),Dessert,Veg,150.0,dessert,dessert
986,Bombay Halwa,Dessert,Veg,150.0,dessert,dessert
987,Spl Milk Halwa,Dessert,Veg,150.0,dessert,dessert
988,Fruits Halwa,Dessert,Veg,150.0,dessert,dessert
989,Dry Fruit Halwa,Dessert,Veg,150.0,dessert,dessert
990,Spl Kaju Halwa,Dessert,Veg,150.0,dessert,dessert
991,Carrot Halwa,Dessert,Veg,150.0,dessert,dessert
992,Kesar Wheat Halwa,Dessert,Veg,150.0,dessert,dessert
993,Dry Jamoon,Dessert,Veg,150.0,dessert,dessert
994,Spl Sundesh,Dessert,Veg,150.0,dessert,dessert
995,Rassberry,Dessert,Veg,150.0,dessert,dessert
996,Paneer Jamoon,Curry,Veg,150.0,curry,curry
997,Malai Sandwich,Dessert,Veg,150.0,dessert,dessert
998,Chum Chum,Dessert,Veg,150.0,dessert,dessert
999,Candy Jamoon,Dessert,Veg,150.0,dessert,dessert
1000,Paneer Jilebi,Curry,Veg,150.0,curry,curry
1001,White Apple,Dessert,Veg,150.0,dessert,dessert
1002,Ghee Mini Badhusha,Dessert,Veg,150.0,dessert,dessert
1003,Ghee Badhusha,Dessert,Veg,150.0,dessert,dessert
1004,Sonepapdi Chocolate,Dessert,Veg,150.0,dessert,dessert
1005,Horlicks Mysore Pak,Dessert,Veg,150.0,dessert,dessert
1006,Spl Mysore Pak,Dessert,Veg,150.0,dessert,dessert
1007,Srinivasa Laddu Small,Dessert,Veg,150.0,dessert,dessert
1008,Motichur Laddu,Dessert,Veg,150.0,dessert,dessert
1009,Sone Papdi White,Dessert,Veg,150.0,dessert,dessert
1010,Dates Mysore Pak,Dessert,Veg,150.0,dessert,dessert
1011,Butter Scotch Mysore Pak,Dessert,Veg,150.0,dessert,dessert
1012,Ghee Mini Jangiri,Dessert,Veg,150.0,dessert,dessert
1013,Ordinary Laddu,Dessert,Veg,150.0,dessert,dessert
1014,Ordinary Badhusha,Dessert,Veg,150.0,dessert,dessert
1015,Ordinary Mysore Pak,Dessert,Veg,150.0,dessert,dessert
1016,Chocolate Burfi,Dessert,Veg,150.0,dessert,dessert
1017,Horlicks Burfi,Dessert,Veg,150.0,dessert,dessert
1018,Kesar Burfi,Dessert,Veg,150.0,dessert,dessert
1019,Kashmir Kalakandh,Dessert,Veg,150.0,dessert,dessert
1020,Kesar Pista Katli,Dessert,Veg,150.0,dessert,dessert
1021,Spl Milk Cake,Dessert,Veg,150.0,dessert,dessert
1022,Strawberry Peda,Dessert,Veg,150.0,dessert,dessert
1023,Kesar Peda,Dessert,Veg,150.0,dessert,dessert
1024,Ajmeer Cake,Dessert,Veg,150.0,dessert,dessert
1025,Gulkanth Burfi,Dessert,Veg,150.0,dessert,dessert
1026,Mothi Pak,Dessert,Veg,150.0,dessert,dessert
1027,Milk Mysore Pak,Dessert,Veg,150.0,dessert,dessert
1028,Badam Cake,Dessert,Veg,150.0,dessert,dessert
1029,Kaju Biscuit,Dessert,Veg,150.0,dessert,dessert
1030,Kaju Flower,Dessert,Veg,150.0,dessert,dessert
1031,Kaju Pista Roll,Dessert,Veg,150.0,dessert,dessert
1032,Kaju Katli,Dessert,Veg,150.0,dessert,dessert
1033,Kaju Sun Flower,Dessert,Veg,150.0,dessert,dessert
1034,Kaju Kalasam,Dessert,Veg,150.0,dessert,dessert
1035,Kaju Roll,Dessert,Veg,150.0,dessert,dessert
1036,Kaju Boat,Dessert,Veg,150.0,dessert,dessert
1037,Ghee Sweets Assorted,Dessert,Veg,150.0,dessert,dessert
1038,Milk Sweets Assorted,Dessert,Veg,150.0,dessert,dessert
1039,Kaju Pista Assorted,Dessert,Veg,150.0,dessert,dessert
1040,Ordinary Sweets Assorted,Dessert,Veg,150.0,dessert,dessert
1041,Bengali Sweets Assorted,Dessert,Veg,150.0,dessert,dessert
1042,Ribbon Pakoda,Sides,Veg,150.0,sides,sides
1043,Onion Pakoda,Sides,Veg,150.0,sides,sides
1044,Cashew Pakoda,Sides,Veg,150.0,sides,sides
1045,Omapodi,Sides,Veg,150.0,sides,sides
1046,Kara Sev,Sides,Veg,150.0,sides,sides
1047,Milagu Sev,Sides,Veg,150.0,sides,sides
1048,Andhra Murukku,Sides,Veg,150.0,sides,sides
1049,Ellu Murrku,Sides,Veg,150.0,sides,sides
1050,Butter Muruku,Sides,Veg,150.0,sides,sides
1051,Karaboondhi,Sides,Veg,150.0,sides,sides
1052,Spl Karaboondhi,Sides,Veg,150.0,sides,sides
1053,Motta Mixture,Sides,Veg,150.0,sides,sides
1054,Dhall Mixture,Sides,Veg,150.0,sides,sides
1055,Navadhanium Mixture,Sides,Veg,150.0,sides,sides
1056,Spl Sada Mixture,Sides,Veg,150.0,sides,sides
1057,Potato Mixture,Sides,Veg,150.0,sides,sides
1058,Hot & Sweet Mixture,Sides,Veg,150.0,sides,sides
1059,Ps4 Mixture,Sides,Veg,150.0,sides,sides
1060,Garlic Murukku,Sides,Veg,150.0,sides,sides
1061,Garlic Mixture,Sides,Veg,150.0,sides,sides
1062,Onion Murukku,Sides,Veg,150.0,sides,sides
1063,Gram Dhall,Sides,Veg,150.0,sides,sides
1064,Andhra Mixture,Sides,Veg,150.0,sides,sides
1065,Nendhram Chips(200 Gms),Sides,Veg,150.0,sides,sides
1066,Thenkuzhal Muruku(200 Gms),Sides,Veg,150.0,sides,sides
1067,Magizham Poo Muruku(200 Gms),Sides,Veg,150.0,sides,sides
1068,Spl Chips Masala(125 Gms),Curry,Veg,150.0,curry,curry
1069,Kai Muruku(200 Gms),Sides,Veg,150.0,sides,sides
1070,Sada Thattai(200 Gms),Sides,Veg,150.0,sides,sides
1071,Pepper Thattai(200 Gms),Sides,Veg,150.0,sides,sides
1072,Somass(5 Pcs),Sides,Veg,150.0,sides,sides
1073,Moong Dhall,Sides,Veg,150.0,sides,sides
1074,Kara Murukku(200 Gms),Sides,Veg,150.0,sides,sides
1075,Mini Garlic Murukku(200 Gms),Sides,Veg,150.0,sides,sides
1076,Mini Onion Murukku (200 Gms),Sides,Veg,150.0,sides,sides
1077,Seerai Pakoda,Sides,Veg,150.0,sides,sides
1078,Sathoor Sev,Sides,Veg,150.0,sides,sides
1079,Ragi Mixture,Sides,Veg,150.0,sides,sides
1080,Corn Flakes Mixture,Sides,Veg,150.0,sides,sides
1081,Nellai Sev,Sides,Veg,150.0,sides,sides
1082,Nice Mixture,Sides,Veg,150.0,sides,sides
1083,Potato Chips Masala(100 Gms),Curry,Veg,150.0,curry,curry
1084,Potato Chips Salt(100 Gms),Sides,Veg,150.0,sides,sides
1085,Sesame Roll(200 Gms),Sides,Veg,150.0,sides,sides
1086,Vendakkai Chips(125Gm),Sides,Veg,150.0,sides,sides
1087,Spl Cookies(200 Gms),Sides,Veg,150.0,sides,sides
1088,Seedai(200 Gms),Sides,Veg,150.0,sides,sides
1089,Big Thattai,Sides,Veg,150.0,sides,sides
1090,Pavakkai Chips(100 Gms),Sides,Veg,150.0,sides,sides
1091,Bombay Lakkadi (250 Gm),Sides,Veg,150.0,sides,sides
1092,Idly Podi(150 Grms),Sides,Veg,150.0,sides,sides
1093,Karuvapillai Thokku(Curry Leaves),Curry,Veg,150.0,curry,curry
1094,Pavakai Thokku,Sides,Veg,150.0,sides,sides
1095,Kongura Thokku(Pulicha Keerai),Sides,Veg,150.0,sides,sides
1096,Kathirikkai Thokku(Brinjal),Sides,Veg,150.0,sides,sides
1097,Pudhina Thokku(Mint),Sides,Veg,150.0,sides,sides
1098,Kothamalli Thokku(Coriander),Sides,Veg,150.0,sides,sides
1099,Manathakkali Thokku,Sides,Veg,150.0,sides,sides
1100,Tomato Thokku(Thakkali),Sides,Veg,150.0,sides,sides
1101,Maa Injee(Mango Ginger),Sides,Veg,150.0,sides,sides
1102,Ginger Pickle(Inji),Sides,Veg,150.0,sides,sides
1103,Gooseberry Pickle(Nellikai),Sides,Veg,150.0,sides,sides
1104,Naarthangai Pickle,Sides,Veg,150.0,sides,sides
1105,Mango Pickle(Manga),Sides,Veg,150.0,sides,sides
1106,Lemon Pickle(Elumichai),Sides,Veg,150.0,sides,sides
1107,Garlic Pickle(Poondu),Sides,Veg,150.0,sides,sides
1108,Puli Kachal,Sides,Veg,150.0,sides,sides
1109,Paruppu Podi(150 Grms),Sides,Veg,150.0,sides,sides
1110,Natural Jaggery,Sides,Veg,150.0,sides,sides
1111,Mini Tiffen(Service 1),Sides,Veg,150.0,sides,sides
1112,Idly (2 Pcs.),Sides,Veg,150.0,sides,sides
1113,Ghee Podi Idly (2 Pcs.),Sides,Veg,150.0,sides,sides
1114,Ghee Pongal(200 Gms),Sides,Veg,150.0,sides,sides
1115,Poori (3 Nos),Sides,Veg,150.0,sides,sides
1116,Kichadi (200 g),Sides,Veg,150.0,sides,sides
1117,Sambar Idly  (2 Pcs.),South Indian,Veg,150.0,south indian,south indian
1118,Mini Idly (14 Pcs.),Sides,Veg,150.0,sides,sides
1119,Idly Vadacurry (2 Pcs.),South Indian,Veg,150.0,south indian,south indian
1120,Sweet Kesari (150 g),Sides,Veg,150.0,sides,sides
1121,Sambar Vadai (1 Pcs.),South Indian,Veg,150.0,south indian,south indian
1122,Curd Vadai (1 Pcs.),South Indian,Veg,150.0,south indian,south indian
1123,Vadacurry(200Gms),South Indian,Veg,150.0,south indian,south indian
1124,Paya Idly,Sides,Veg,150.0,sides,sides
1125,Veg Paya Idly,Sides,Veg,150.0,sides,sides
1126,Appam With Veg Kurma,Sides,Veg,150.0,sides,sides
1127,Medhu Vadai(1pc),South Indian,Veg,150.0,south indian,south indian
1128,Spl. Vadai(1pc),South Indian,Veg,150.0,south indian,south indian
1129,Idiyappam With Coconut Milk,Sides,Veg,150.0,sides,sides
1130,Idiyappam With Veg Kurma,Sides,Veg,150.0,sides,sides
1131,Chola Poori(1pc),Sides,Veg,150.0,sides,sides
1132,Appam With Coconut Milk,Sides,Veg,150.0,sides,sides
1133,Chilly Parotta,Bread,Veg,150.0,bread,bread
1134,Kothu Parotta,Bread,Veg,150.0,bread,bread
1135,Paneer Stuffed Parotta,Curry,Veg,150.0,curry,curry
1136,Mushroom Stuffed Parotta,Bread,Veg,150.0,bread,bread
1137,Dhall Poli (2 Nos),Sides,Veg,150.0,sides,sides
1138,Coconut Poli (2 Nos),Sides,Veg,150.0,sides,sides
1139,Mysore Bonda (3 Nos),Sides,Veg,150.0,sides,sides
1140,Bajji (3 Nos),Sides,Veg,150.0,sides,sides
1141,Kara Kuzhi Paniyaram (4 Nos),Sides,Veg,150.0,sides,sides
1142,Veg Poli (2 Nos),Sides,Veg,150.0,sides,sides
1143,Vegetable Soup,Sides,Veg,150.0,sides,sides
1144,Sweet Corn Soup,Sides,Veg,150.0,sides,sides
1145,Mushroom Soup,Sides,Veg,150.0,sides,sides
1146,Veg Hot And Sour Soup,Sides,Veg,150.0,sides,sides
1147,Baby Corn Golden Fry,Starter,Veg,150.0,starter,starter
1148,Dragon Mushroom,Starter,Veg,150.0,starter,starter
1149,Paneer Pepper Fry,Curry,Veg,150.0,curry,curry
1150,Paneer Pepper Stick,Curry,Veg,150.0,curry,curry
1151,Paneer Honey Finger,Curry,Veg,150.0,curry,curry
1152,Paneer Lolly Pop,Curry,Veg,150.0,curry,curry
1153,Paneer Manchurian,Curry,Veg,150.0,curry,curry
1154,Mushroom Manchurian,Chinese,Veg,150.0,chinese,chinese
1155,Chilly Mushroom,Chinese,Veg,150.0,chinese,chinese
1156,Chilly Gobi,Chinese,Veg,150.0,chinese,chinese
1157,Veg Manchurian,Chinese,Veg,150.0,chinese,chinese
1158,Garlic Paneer,Curry,Veg,150.0,curry,curry
1159,Ginger Paneer,Curry,Veg,150.0,curry,curry
1160,Ginger Mushroom,Chinese,Veg,150.0,chinese,chinese
1161,Chilli Paneer  Gravy,Curry,Veg,150.0,curry,curry
1162,Chilli Mushroom Gravy,Curry,Veg,150.0,curry,curry
1163,Chilli Gobi Gravy,Curry,Veg,150.0,curry,curry
1164,Garlic Paneer  Gravy,Curry,Veg,150.0,curry,curry
1165,Baby Corn Manchurian Gravy,Curry,Veg,150.0,curry,curry
1166,Ps4 Special Dum Briyani,Sides,Veg,150.0,sides,sides
1167,Hyderabdi Dum Biryani,Biryani,Veg,150.0,biryani,biryani
1168,Gobi Fried Rice,Rice,Veg,150.0,rice,rice
1169,Ps4 Special Fried Rice,Rice,Veg,150.0,rice,rice
1170,Paneer Noodles,Curry,Veg,150.0,curry,curry
1171,Mushroom Noodles,Chinese,Veg,150.0,chinese,chinese
1172,Gobi Noodles,Chinese,Veg,150.0,chinese,chinese
1173,Ps4  Special Noodles,Chinese,Veg,150.0,chinese,chinese
1174,Paneer Pulao,Curry,Veg,150.0,curry,curry
1175,Mushroom Pulao,Rice,Veg,150.0,rice,rice
1176,Kaju Pulao,Rice,Veg,150.0,rice,rice
1177,Gobi Pulao,Rice,Veg,150.0,rice,rice
1178,Szechuan Fried Rice,Chinese,Veg,150.0,chinese,chinese
1179,Gobi Schezwan Fried Rice,Chinese,Veg,150.0,chinese,chinese
1180,Ps4 Spl Schezwan Fried Rice,Chinese,Veg,150.0,chinese,chinese
1181,Chettinadu Fried Rice,Chinese,Veg,150.0,chinese,chinese
1182,Paneer Chettinadu Fried Rice,Curry,Veg,150.0,curry,curry
1183,Mushroom Chettinadu Fried Rice,Chinese,Veg,150.0,chinese,chinese
1184,Gobi Chettinadu Fried Rice,Chinese,Veg,150.0,chinese,chinese
1185,Ps4 Spl Chettinadu Fried Rice,Chinese,Veg,150.0,chinese,chinese
1186,Srilankan Fried Rice,Chinese,Veg,150.0,chinese,chinese
1187,Kaju Fried Rice,Chinese,Veg,150.0,chinese,chinese
1188,Steamed Rice,Biryani,Veg,150.0,biryani,biryani
1189,Mushroom Fried Rice(indian),Chinese,Veg,150.0,chinese,chinese
1190,Veg Fried Rice(indian),Chinese,Veg,150.0,chinese,chinese
1191,Paneer Schezwan Noodles,Curry,Veg,150.0,curry,curry
1192,Mushroom Schezwan Noodles,Chinese,Veg,150.0,chinese,chinese
1193,Gobi Schezwan Noodles,Chinese,Veg,150.0,chinese,chinese
1194,Ps4 Spl Schezwan Noodles,Chinese,Veg,150.0,chinese,chinese
1195,Chettinadu Noodles,Chinese,Veg,150.0,chinese,chinese
1196,Paneer Chettinadu Noodles,Curry,Veg,150.0,curry,curry
1197,Mushroom Chettinadu Noodles,Chinese,Veg,150.0,chinese,chinese
1198,Gobi Chettinadu Noodles,Chinese,Veg,150.0,chinese,chinese
1199,Ps4 Spl Chettinadu Noodles,Chinese,Veg,150.0,chinese,chinese
1200,Srilankan Noodles,Chinese,Veg,150.0,chinese,chinese
1201,Kaju Noodles,Chinese,Veg,150.0,chinese,chinese
1202,Gobi Noodles(indian),Chinese,Veg,150.0,chinese,chinese
1203,Mushroom Noodles(indian),Chinese,Veg,150.0,chinese,chinese
1204,Ps4  Special Noodles(indian),Chinese,Veg,150.0,chinese,chinese
1205,Paneer Kali Mirchi,Curry,Veg,150.0,curry,curry
1206,Paneer Achari,Curry,Veg,150.0,curry,curry
1207,Sahi Paneer,Curry,Veg,150.0,curry,curry
1208,Hyd Paneer Gravy,Curry,Veg,150.0,curry,curry
1209,Mughlai Kadai Paneer,Curry,Veg,150.0,curry,curry
1210,Paneer Nawabi,Curry,Veg,150.0,curry,curry
1211,Paneer Kasthuri Masala,Curry,Veg,150.0,curry,curry
1212,Paneer Akbari Masala,Curry,Veg,150.0,curry,curry
1213,Mushroom Chettinad,Sides,Veg,150.0,sides,sides
1214,Hyd Mushroom Gravy,Curry,Veg,150.0,curry,curry
1215,Mushroom Saagwala Spl.,Sides,Veg,150.0,sides,sides
1216,Dhall Fry,Starter,Veg,150.0,starter,starter
1217,Dhall Masala,Curry,Veg,150.0,curry,curry
1218,Aloo Gobi Masala,Curry,Veg,150.0,curry,curry
1219,Kaju Masala,Curry,Veg,150.0,curry,curry
1220,Akbari Kofta,Sides,Veg,150.0,sides,sides
1221,Punjabi Kofta Curry,Curry,Veg,150.0,curry,curry
1222,Paneer Tikka Masala (Eve),Curry,Veg,150.0,curry,curry
1223,Channa Masala Tandoori,Curry,Veg,150.0,curry,curry
1224,Paneer 65 + Paneer Pulao,Curry,Veg,150.0,curry,curry
1225,Gobi 65 + Gobi Fried Rice,Rice,Veg,150.0,rice,rice
1226,Mushroom 65 + Mushroom Pulao,Rice,Veg,150.0,rice,rice
1227,Baby Corn 65 + Fried Rice,Rice,Veg,150.0,rice,rice
1228,Mushroom 65 + Mushroom Fried Rice,Rice,Veg,150.0,rice,rice
1229,Chilli Cheese Sandwich,Sides,Veg,150.0,sides,sides
1230,Bread Butter Jam,Sides,Veg,150.0,sides,sides
1231,Grill Veg. Sandwich,Sides,Veg,150.0,sides,sides
1232,Grill Veg. Cheese Sandwich,Sides,Veg,150.0,sides,sides
1233,Grill Cheese Sandwich,Sides,Veg,150.0,sides,sides
1234,Grill Chilly Cheese Sandwich,Sides,Veg,150.0,sides,sides
1235,Grill Mix Veg. Sandwich,Sides,Veg,150.0,sides,sides
1236,Grill Paneer Cheese Sandwich,Curry,Veg,150.0,curry,curry
1237,Grill Mushroom Cheese Sandwich,Sides,Veg,150.0,sides,sides
1238,Grill Aloo Capsicum Cheese Sandwich,Sides,Veg,150.0,sides,sides
1239,Pani Puri,Sides,Veg,150.0,sides,sides
1240,Bhel Puri,Sides,Veg,150.0,sides,sides
1241,Dahi Bhel Puri,Sides,Veg,150.0,sides,sides
1242,Masala Puri,Curry,Veg,150.0,curry,curry
1243,Sev Puri,Sides,Veg,150.0,sides,sides
1244,Aloo Puri,Sides,Veg,150.0,sides,sides
1245,Samosa Chana,Sides,Veg,150.0,sides,sides
1246,Bread Chana,Sides,Veg,150.0,sides,sides
1247,Dahi Pani Puri,Sides,Veg,150.0,sides,sides
1248,Dahi Samosa,Sides,Veg,150.0,sides,sides
1249,Dahi Papdi Chat,Sides,Veg,150.0,sides,sides
1250,Aloo Chat,Sides,Veg,150.0,sides,sides
1251,Paneer Pav Bhaji,Curry,Veg,150.0,curry,curry
1252,Mushroom Pav Bhaji,Sides,Veg,150.0,sides,sides
1253,Cheese Pav Bhaji,Sides,Veg,150.0,sides,sides
1254,Ps4 Spl. Bhel Puri,Sides,Veg,150.0,sides,sides
1255,Cutlet Chena,Sides,Veg,150.0,sides,sides
1256,Kachori Chana,Sides,Veg,150.0,sides,sides
1257,Dahi Kachori,Sides,Veg,150.0,sides,sides
1258,Special Mix Chat,Sides,Veg,150.0,sides,sides
1259,Chat Combo,Sides,Veg,150.0,sides,sides
1260,Samosa,Sides,Veg,150.0,sides,sides
1261,Veg Puff,Sides,Veg,150.0,sides,sides
1262,Paneer Puff,Curry,Veg,150.0,curry,curry
1263,Cutlet,Sides,Veg,150.0,sides,sides
1264,Kachori,Sides,Veg,150.0,sides,sides
1265,7'' Pizza Fromage,Sides,Veg,150.0,sides,sides
1266,7'' Pizza Champion,Sides,Veg,150.0,sides,sides
1267,7'' Paneer Temptation,Curry,Veg,150.0,curry,curry
1268,7'' Garlic Mushroom,Sides,Veg,150.0,sides,sides
1269,7'' Deluxe Veggie,Sides,Veg,150.0,sides,sides
1270,Special Jain Pizza,Sides,Veg,150.0,sides,sides
1271,Mint Lime Juice,Beverage,Veg,150.0,beverage,beverage
1272,Sweet Lime Juice (Sathukudi),Beverage,Veg,150.0,beverage,beverage
1273,Musk Melon  Juice,Beverage,Veg,150.0,beverage,beverage
1274,Chikoo Juice (Sapota),Beverage,Veg,150.0,beverage,beverage
1275,Ps4 Special Meals,Sides,Veg,150.0,sides,sides
1276,Bombay Meals,Sides,Veg,150.0,sides,sides
1277,Mini Meals,Sides,Veg,150.0,sides,sides
1278,Meals,Sides,Veg,150.0,sides,sides
1279,Sambar Rice,Biryani,Veg,150.0,biryani,biryani
1280,Variety Rice,Biryani,Veg,150.0,biryani,biryani
1281,Idly 65,Sides,Veg,150.0,sides,sides
1282,Ghee Garlic Podi Idly,Sides,Veg,150.0,sides,sides
1283,Idly Manchurian,Chinese,Veg,150.0,chinese,chinese
1284,Sirudhaniya Pongal (Eve),Sides,Veg,150.0,sides,sides
1285,Dosa,South Indian,Veg,150.0,south indian,south indian
1286,Masala Dosa,South Indian,Veg,150.0,south indian,south indian
1287,Podi Dosa,South Indian,Veg,150.0,south indian,south indian
1288,Onion Dosa,South Indian,Veg,150.0,south indian,south indian
1289,Ghee Roast,Sides,Veg,150.0,sides,sides
1290,Rava Dosa,South Indian,Veg,150.0,south indian,south indian
1291,Onion Rava Dosa,South Indian,Veg,150.0,south indian,south indian
1292,Plain Uthappam,Sides,Veg,150.0,sides,sides
1293,Onion Uthappam,Sides,Veg,150.0,sides,sides
1294,Ghee Roast With Masala,Curry,Veg,150.0,curry,curry
1295,Ghee Onion Dosai,South Indian,Veg,150.0,south indian,south indian
1296,Ghee Podi Dosai,South Indian,Veg,150.0,south indian,south indian
1297,Vadacurry Masala Dosai,South Indian,Veg,150.0,south indian,south indian
1298,Ghee Masala Dosai,South Indian,Veg,150.0,south indian,south indian
1299,Ps4 Spl. Uthappam,Sides,Veg,150.0,sides,sides
1300,Poondu Podi Uthappam,Sides,Veg,150.0,sides,sides
1301,Poondu Uthappam,Sides,Veg,150.0,sides,sides
1302,Nallennai Uthappam,Sides,Veg,150.0,sides,sides
1303,Veg. Uthappam,Sides,Veg,150.0,sides,sides
1304,Ghee Chinna Vengaya Uthappam,Sides,Veg,150.0,sides,sides
1305,Ghee Podi Uthappam,Sides,Veg,150.0,sides,sides
1306,Ghee Onion Rava Masala Dosai,South Indian,Veg,150.0,south indian,south indian
1307,Ghee Onion Rava Dosai,South Indian,Veg,150.0,south indian,south indian
1308,Ghee Rava Dosai,South Indian,Veg,150.0,south indian,south indian
1309,Ghee Rava Masala Dosai,South Indian,Veg,150.0,south indian,south indian
1310,Rava Masala Dosa,South Indian,Veg,150.0,south indian,south indian
1311,Venthaya Dosai Vadacurry,South Indian,Veg,150.0,south indian,south indian
1397,Apple Juice Sugarless,Beverage,Veg,150.0,beverage,beverage
1312,Paneer Masala Dosai,South Indian,Veg,150.0,south indian,south indian
1313,Mushroom Masala Dosai,South Indian,Veg,150.0,south indian,south indian
1314,Ps4 Spl. Keerai Dosai,South Indian,Veg,150.0,south indian,south indian
1315,Kambu Dosai (2 Pcs) (Wed),South Indian,Veg,150.0,south indian,south indian
1316,Adai Aviyal (Daily),Sides,Veg,150.0,sides,sides
1317,Mushroom Kabab Dum Briyani,Starter,Veg,150.0,starter,starter
1318,Paneer Kabab Dum Briyani,Curry,Veg,150.0,curry,curry
1319,Ps4 Paneer Veg Platter,Curry,Veg,150.0,curry,curry
1320,Family Naan,Bread,Veg,150.0,bread,bread
1321,Roti,Bread,Veg,150.0,bread,bread
1322,Kadak Roti,Bread,Veg,150.0,bread,bread
1323,Kaju Roti,Bread,Veg,150.0,bread,bread
1324,Pulka (2 Pcs),Bread,Veg,150.0,bread,bread
1325,Paneer Naan,Curry,Veg,150.0,curry,curry
1326,Badham Naan,Bread,Veg,150.0,bread,bread
1327,Masala Naan,Curry,Veg,150.0,curry,curry
1328,Sweet Naan,Bread,Veg,150.0,bread,bread
1329,Kaju Rocket,Sides,Veg,150.0,sides,sides
1330,Kaju Casatta,Sides,Veg,150.0,sides,sides
1331,Kaju Water Melon,Sides,Veg,150.0,sides,sides
1332,Kaju Pan,Sides,Veg,150.0,sides,sides
1333,Kaju Cone,Sides,Veg,150.0,sides,sides
1334,Chikoo Shake,Beverage,Veg,150.0,beverage,beverage
1335,Pomegranate Shake,Beverage,Veg,150.0,beverage,beverage
1336,Apple Shake,Beverage,Veg,150.0,beverage,beverage
1337,Strawberry Shake,Beverage,Veg,150.0,beverage,beverage
1338,Athi (Fig) Shake,Beverage,Veg,150.0,beverage,beverage
1339,Coconut Burfi,Sides,Veg,150.0,sides,sides
1340,Fancy Peda,Sides,Veg,150.0,sides,sides
1341,Ghee Chandrakala,Sides,Veg,150.0,sides,sides
1342,Special Ghee Laddu,Sides,Veg,150.0,sides,sides
1343,Dhota Burfi,Sides,Veg,150.0,sides,sides
1344,Special Ghee Laddu (250 Gms),Sides,Veg,150.0,sides,sides
1345,Karupatti Laddu (250 Gms),Sides,Veg,150.0,sides,sides
1346,Dhota Burfi (250 Gms),Sides,Veg,150.0,sides,sides
1347,Mothi Pak (250 Gms),Sides,Veg,150.0,sides,sides
1348,Kashmir Kalakand (250 Gms),Sides,Veg,150.0,sides,sides
1349,Kaju Kathli (250 Gms),Sides,Veg,150.0,sides,sides
1350,Badam Cake (250 Gms),Sides,Veg,150.0,sides,sides
1351,Kaju Sandwich (250 Gms),Sides,Veg,150.0,sides,sides
1352,Kaju Flower (250 Gms),Sides,Veg,150.0,sides,sides
1353,Dry Fruit Halwa (250 Gms),Dessert,Veg,150.0,dessert,dessert
1354,Spl Cashew Halwa (250 Gms),Dessert,Veg,150.0,dessert,dessert
1355,Spl Mysore Pak (250 Gms),Sides,Veg,150.0,sides,sides
1356,Gulab Jamun (500 Gms),Dessert,Veg,150.0,dessert,dessert
1357,Kaju Flower 250Gms,Sides,Veg,150.0,sides,sides
1358,Ghee Suryakala,Sides,Veg,150.0,sides,sides
1359,Ariselu (200 Grams),Sides,Veg,150.0,sides,sides
1360,Thenkuzhal Murukku (200 Grams),Sides,Veg,150.0,sides,sides
1361,Millagu Thattai (200 Grams),Sides,Veg,150.0,sides,sides
1362,Ellu Burfi (200 Grams),Sides,Veg,150.0,sides,sides
1363,Wheat Aloo Paratha,Sides,Veg,150.0,sides,sides
1364,Wheat Tandoori Paratha,Sides,Veg,150.0,sides,sides
1365,Wheat Paratha,Sides,Veg,150.0,sides,sides
1366,Wheat Roti,Bread,Veg,150.0,bread,bread
1367,Wheat Phulka,Sides,Veg,150.0,sides,sides
1368,Wheat Tandori Roti,Bread,Veg,150.0,bread,bread
1369,Wheat Uthappam,Sides,Veg,150.0,sides,sides
1370,Raagi Dosa,South Indian,Veg,150.0,south indian,south indian
1371,Wheat Dosa,South Indian,Veg,150.0,south indian,south indian
1372,Kambu Dosa,South Indian,Veg,150.0,south indian,south indian
1373,Special Keerai Dosa,South Indian,Veg,150.0,south indian,south indian
1374,Veg Sandwich Wheat Bread,Sides,Veg,150.0,sides,sides
1375,Cheese Sandwich Wheat Bread,Sides,Veg,150.0,sides,sides
1376,Chilli Cheese Sandwich Wheat Bread,Sides,Veg,150.0,sides,sides
1377,Grill Chilly Cheese Sandwich Wheat Bread,Sides,Veg,150.0,sides,sides
1378,Grill Veg Cheese Sandwich Wheat Bread,Sides,Veg,150.0,sides,sides
1379,Grill Paneer Cheese Sandwich Wheat Bread,Curry,Veg,150.0,curry,curry
1380,Grill Veg Sandwich Wheat Bread,Sides,Veg,150.0,sides,sides
1381,Grill Aloo Capsicum Cheese Sandwich Wheat Bread,Sides,Veg,150.0,sides,sides
1382,Grill Mix Veg Sandwich Wheat Bread,Sides,Veg,150.0,sides,sides
1383,Grill Mushroom Cheese Sandwich Wheat Bread,Sides,Veg,150.0,sides,sides
1384,Sirudhaniya Pongal,Sides,Veg,150.0,sides,sides
1385,Panavellam Milk Cake,Sides,Veg,150.0,sides,sides
1386,Karuppatti Kaju Kathli,Sides,Veg,150.0,sides,sides
1387,Karuppatti Mysore Pak,Sides,Veg,150.0,sides,sides
1388,Fresh Lime Juice Sugarless,Beverage,Veg,150.0,beverage,beverage
1389,Mint Lime Juice Sugarless,Beverage,Veg,150.0,beverage,beverage
1390,Papaya Juice Sugarless,Beverage,Veg,150.0,beverage,beverage
1391,Water Melon Juice Sugarless,Beverage,Veg,150.0,beverage,beverage
1392,Musk Melon Juice Sugarless,Beverage,Veg,150.0,beverage,beverage
1393,Pineapple Juice Sugarless,Beverage,Veg,150.0,beverage,beverage
1394,Grape Juice Sugarless,Beverage,Veg,150.0,beverage,beverage
1395,Chikoo Juice (Sapota) Sugarless,Beverage,Veg,150.0,beverage,beverage
1396,Sweet Lime Juice (Sathukudi) Sugarless,Beverage,Veg,150.0,beverage,beverage
1398,Pomegranate Juice (Madhulam) Sugarless,Beverage,Veg,150.0,beverage,beverage
1399,Orange Juice Sugarless,Beverage,Veg,150.0,beverage,beverage
1400,Special Veg Meals(Sambar + Rice + Rasam + Kootu + Poriyal + Buttermilk + Kara Kozambhu/Moore Kozambhu + Papad + Sweet + Pickle + Veg Pakora  + 1 Chapati + Korma + Rice Papad + Dal + Chutney),Biryani,Veg,150.0,biryani,biryani
1401,Chicken Biryani Thali,Biryani,Non-Veg,150.0,biryani,biryani
1402,Mutton Meals,Sides,Non-Veg,150.0,sides,sides
1403,Egg Kothu Idli,South Indian,Egg,150.0,south indian,south indian
1404,Pandia's Curry Dosa,South Indian,Veg,150.0,south indian,south indian
1405,Plain Dosa ( 1 Pc ),South Indian,Veg,150.0,south indian,south indian
1406,Chicken Kizhi Parota,Sides,Non-Veg,150.0,sides,sides
1407,Pandia's Fried Chicken,Sides,Non-Veg,150.0,sides,sides
1408,Masala Chicken 65,Curry,Non-Veg,150.0,curry,curry
1409,Barbeque Chicken,Sides,Non-Veg,150.0,sides,sides
1410,Pepper Barbeque Chicken,Sides,Non-Veg,150.0,sides,sides
1411,Mutton Kola Urundai(5 Pcs),Sides,Non-Veg,150.0,sides,sides
1412,Vanjaram Fish Tawa Fry,Starter,Non-Veg,150.0,starter,starter
1413,"Tandoori Chicken (served with  extra mint chutney, salad or mayo)",Sides,Non-Veg,150.0,sides,sides
1414,Mutton Chops (5pcs),Sides,Non-Veg,150.0,sides,sides
1415,"Special Mutton Kurma (4pcs, 500ml)",Sides,Non-Veg,150.0,sides,sides
1416,"Attukal Paya (3pcs, 500ml)",Sides,Non-Veg,150.0,sides,sides
1417,Vegetable Biryani,Biryani,Veg,150.0,biryani,biryani
1418,Chicken Potlam Briyani,Sides,Non-Veg,150.0,sides,sides
1419,Chicken Biryani (600gms)(served with raita and salan),Biryani,Non-Veg,150.0,biryani,biryani
1420,Mughlai Chicken Biryani,Biryani,Non-Veg,150.0,biryani,biryani
1421,Special Chicken Biryani,Biryani,Non-Veg,150.0,biryani,biryani
1422,Chettinad Chicken Biryani,Biryani,Non-Veg,150.0,biryani,biryani
1423,Tawa Chicken Biryani,Biryani,Non-Veg,150.0,biryani,biryani
1424,Red Hot Chicken Biryani,Biryani,Non-Veg,150.0,biryani,biryani
1425,Black Peppery Chicken Biryani,Biryani,Non-Veg,150.0,biryani,biryani
1426,Mutton Biryani (600gms)(served with raita and salan),Biryani,Non-Veg,150.0,biryani,biryani
1427,Spicy Chicken 65,Starter,Non-Veg,150.0,starter,starter
1428,Navarathan Sadha Beeda,Sides,Veg,150.0,sides,sides
1429,Spl Navarathan Beeda,Sides,Veg,150.0,sides,sides
1430,Rajinikantha Pan,Sides,Veg,150.0,sides,sides
1431,Chocolate With Caramel Pan,Sides,Veg,150.0,sides,sides
1432,Vanilla Pan,Sides,Veg,150.0,sides,sides
1433,Herseley Caramel Pan,Sides,Veg,150.0,sides,sides
1434,Herseley Chocolate Pan,Sides,Veg,150.0,sides,sides
1435,All Berry Pan,Sides,Veg,150.0,sides,sides
1436,Blue Berry Pan,Sides,Veg,150.0,sides,sides
1437,Cran Berry Pan,Sides,Veg,150.0,sides,sides
1438,Rasberry Pan,Sides,Veg,150.0,sides,sides
1439,Black Currant Pan,Sides,Veg,150.0,sides,sides
1440,Ras Malai Beeda,Sides,Veg,150.0,sides,sides
1441,Malai Gulfi Beeda,Sides,Veg,150.0,sides,sides
1442,Mix Fruit Beeda,Sides,Veg,150.0,sides,sides
1443,Butterscotch Beeda,Sides,Veg,150.0,sides,sides
1444,Strawberry Beeda,Sides,Veg,150.0,sides,sides
1445,Water Melon Beeda,Sides,Veg,150.0,sides,sides
1446,Double Apple Beeda,Sides,Veg,150.0,sides,sides
1447,Orange Beeda,Sides,Veg,150.0,sides,sides
1448,Pine Apple Beeda,Sides,Veg,150.0,sides,sides
1449,Mango Beeda,Sides,Veg,150.0,sides,sides
1450,Chocolate Beeda,Sides,Veg,150.0,sides,sides
1451,Honey Beeda,Sides,Veg,150.0,sides,sides
1452,Silver Beeda,Sides,Veg,150.0,sides,sides
1453,Sweet Beeda,Sides,Veg,150.0,sides,sides
1454,Spl Sweet Beeda,Sides,Veg,150.0,sides,sides
1455,Manchurian Fried Chicken Momos (6 Pcs),Chinese,Non-Veg,150.0,chinese,chinese
1456,Manchurian Fried Veg Momos (6 Pcs),Chinese,Veg,150.0,chinese,chinese
1457,Schezwan Fried Veg Momos (6 Pcs),Chinese,Veg,150.0,chinese,chinese
1458,Schezwan Fried Chicken Momos (6 Pcs),Chinese,Non-Veg,150.0,chinese,chinese
1459,Fried Chicken Momos (6 Pcs),Chinese,Non-Veg,150.0,chinese,chinese
1460,Fried Veg Momos (6 Pcs),Chinese,Veg,150.0,chinese,chinese
1461,Steamed Chicken Momos (6 Pcs),Chinese,Non-Veg,150.0,chinese,chinese
1462,Steamed Veg Momos(6 Pcs),Chinese,Veg,150.0,chinese,chinese
1463,Mini Tiffin 2,South Indian,Veg,150.0,south indian,south indian
1464,Mini Tiffin 1,South Indian,Veg,150.0,south indian,south indian
1465,Alfaham Chicken 1/2 Get 1/4 Pepper Roasted Tandoor Chicken Free,Sides,Non-Veg,150.0,sides,sides
1466,Peri Peri Chicken 1/2 Get 1/4 Pepper Roasted Tandoor Chicken Free,Sides,Non-Veg,150.0,sides,sides
1467,Pepper Roasted Tandoor Chicken 1/2 Get 1/4 Peri Peri Chicken Free,Sides,Non-Veg,150.0,sides,sides
1468,Pepper Roasted Tandoor Chicken 1/2 Get 1/4 Alfaham Chicken Free,Sides,Non-Veg,150.0,sides,sides
1469,Alfaham Chicken 1/2 Get 1/4 Peri Peri Chicken Free,Sides,Non-Veg,150.0,sides,sides
1470,Peri Peri Chicken 1/2 Get 1/4 Alfaham Chicken Free,Sides,Non-Veg,150.0,sides,sides
1471,Alfaham Chicken 1 Full Get 1/2 Pepper Roasted Tandoor Chicken Free,Sides,Non-Veg,150.0,sides,sides
1472,Peri Peri Chicken 1 Full Get 1/2 Pepper Roasted Tandoor Chicken Free,Sides,Non-Veg,150.0,sides,sides
1473,Pepper Roasted Tandoor Chicken 1 Full Get 1/2 Peri Peri Chicken Free,Sides,Non-Veg,150.0,sides,sides
1474,Pepper Roasted Tandoor Chicken 1 Full Get 1/2 Alfaham Chicken Free,Sides,Non-Veg,150.0,sides,sides
1475,Alfaham Chicken 1 Full Get 1/2 Peri Peri Chicken Free,Sides,Non-Veg,150.0,sides,sides
1476,Peri Peri Chicken 1 Full Get 1/2 Alfaham Chicken Free,Sides,Non-Veg,150.0,sides,sides
1477,Corporate Veg Briyani Combo,Sides,Non-Veg,150.0,sides,sides
1478,Corporate Egg Briyani Combo,Sides,Egg,150.0,sides,sides
1479,Corporate Khuska Briyani Combo,Sides,Non-Veg,150.0,sides,sides
1480,Corporate Mutton Briyani Combo,Sides,Non-Veg,150.0,sides,sides
1481,Corporate Chicken Briyani Combo,Sides,Non-Veg,150.0,sides,sides
1482,"Khuska Combo Pack (single)(Served with chicken 65, egg, sweet, briyani khurma, raitha)",Starter,Egg,150.0,starter,starter
1483,Egg Briyani Combo Pack (single),Sides,Egg,150.0,sides,sides
1484,Kaadai Briyani Combo Pack (single),Sides,Non-Veg,150.0,sides,sides
1485,Naatukozhi Briyani Combo Pack (single),Sides,Non-Veg,150.0,sides,sides
1486,Chicken Briyani Combo Pack (single),Sides,Non-Veg,150.0,sides,sides
1487,Mutton Briyani Combo Pack (single),Sides,Non-Veg,150.0,sides,sides
1488,Khuska ( Family Pack),Sides,Non-Veg,150.0,sides,sides
1489,Egg Briyani ( Family Pack),Sides,Egg,150.0,sides,sides
1490,Kaadai Briyani ( Family Pack),Sides,Non-Veg,150.0,sides,sides
1491,Naatukozhi Briyani ( Family Pack),Sides,Non-Veg,150.0,sides,sides
1492,Chicken Briyani ( Family Pack),Sides,Non-Veg,150.0,sides,sides
1493,Mutton Briyani ( Family Pack),Sides,Non-Veg,150.0,sides,sides
1494,Large Kaadai Briyani,Sides,Non-Veg,150.0,sides,sides
1495,Large Naatu Kozhi Briyani,Sides,Non-Veg,150.0,sides,sides
1496,Large Khuska Briyani,Sides,Non-Veg,150.0,sides,sides
1497,Large Chicken Briyani,Sides,Non-Veg,150.0,sides,sides
1498,Large Mutton Briyani,Sides,Non-Veg,150.0,sides,sides
1499,Mutton Briyani 1padi Pack,Sides,Non-Veg,150.0,sides,sides
1500,Chicken Briyani 1kg Pack,Sides,Non-Veg,150.0,sides,sides
1501,Mutton Briyani 1kg Pack,Sides,Non-Veg,150.0,sides,sides
1502,Mutton Briyani 0.5padi Pack,Sides,Non-Veg,150.0,sides,sides
1503,Chicken Briyani 0.5padi Pack,Sides,Non-Veg,150.0,sides,sides
1504,Mutton Briyani 0.5kg Pack,Sides,Non-Veg,150.0,sides,sides
1505,Chicken Briyani 0.5kg Pack,Sides,Non-Veg,150.0,sides,sides
1506,Chicken Briyani 1padi Pack,Sides,Non-Veg,150.0,sides,sides
1507,Large Egg Briyani(Serves to 2 pax with 4 pcs of chicken 65) (item serves with raita and salan),Starter,Egg,150.0,starter,starter
1508,Wheat Dosai With Side,South Indian,Veg,150.0,south indian,south indian
1509,Paneer Masala Dosai With Side,South Indian,Veg,150.0,south indian,south indian
1510,Peri Peri Butter Dosai With Side,South Indian,Veg,150.0,south indian,south indian
1511,Mysore Masala Dosai With Side,South Indian,Veg,150.0,south indian,south indian
1512,Chola Poori With Side,Sides,Veg,150.0,sides,sides
1513,Poori With Side,Sides,Veg,150.0,sides,sides
1514,Vada Curry,South Indian,Veg,150.0,south indian,south indian
1515,Masala Vada (1 Pc),South Indian,Veg,150.0,south indian,south indian
1516,Mushroom Masala Dosai With Side,South Indian,Veg,150.0,south indian,south indian
1517,Rice Of The Day,Biryani,Veg,150.0,biryani,biryani
1518,Tahttu Idli With Side (1pc),South Indian,Veg,150.0,south indian,south indian
1519,Mixed Barbeque Mandi Rice (half),Biryani,Non-Veg,150.0,biryani,biryani
1520,Mixed Barbeque Mandi Rice (full),Biryani,Non-Veg,150.0,biryani,biryani
1521,Fish Barbeque Mandi Rice (single),Biryani,Non-Veg,150.0,biryani,biryani
1522,Fish Barbeque Mandi Rice (half),Biryani,Non-Veg,150.0,biryani,biryani
1523,Fish Barbeque Mandi Rice (full),Biryani,Non-Veg,150.0,biryani,biryani
1524,Chicken Barbeque Mandi Rice (single),Biryani,Non-Veg,150.0,biryani,biryani
1525,Chicken Barbeque Mandi Rice (half),Biryani,Non-Veg,150.0,biryani,biryani
1526,Chicken Barbeque Mandi Rice (full),Biryani,Non-Veg,150.0,biryani,biryani
1527,Mutton Barbeque Mandi Rice (single),Biryani,Non-Veg,150.0,biryani,biryani
1528,Mutton Barbeque Mandi Rice (half),Biryani,Non-Veg,150.0,biryani,biryani
1529,Mutton Barbeque Mandi Rice (full),Biryani,Non-Veg,150.0,biryani,biryani
1530,Mexican Mutton Barbeque Ribs,Sides,Non-Veg,150.0,sides,sides
1531,Peri Peri Prawns,Sides,Non-Veg,150.0,sides,sides
1532,Grilled Fish Steak,Beverage,Non-Veg,150.0,beverage,beverage
1533,Honey Glazed Hot Barbeque Chicken,Sides,Non-Veg,150.0,sides,sides
1534,Black Bean Mayo Chicken Steak,Beverage,Non-Veg,150.0,beverage,beverage
1535,Arabian Chicken Lollipop (6 Pcs),Sides,Non-Veg,150.0,sides,sides
1536,Peri Peri Barbeque Chicken (half),Sides,Non-Veg,150.0,sides,sides
1537,Peri Peri Barbeque Chicken (full),Sides,Non-Veg,150.0,sides,sides
1538,Shawarma Roll Pack Of 4,Sides,Non-Veg,150.0,sides,sides
1539,Spl Shawarma Roll Pack Of 4,Sides,Non-Veg,150.0,sides,sides
1540,Shawarma Plate Pack Of 4,Sides,Non-Veg,150.0,sides,sides
1541,Spl Plate Shawarma Pack Of 4,Sides,Non-Veg,150.0,sides,sides
1542,Spicy Shawarma Roll Pack Of 4,Sides,Non-Veg,150.0,sides,sides
1543,Parota Shawarma Roll Pack Of 4,Sides,Non-Veg,150.0,sides,sides
1544,Chapathi Shawarma Pack Of 4,Sides,Non-Veg,150.0,sides,sides
1545,Indian Shawarma Pack Of 4,Sides,Non-Veg,150.0,sides,sides
1546,Shawarma With Cheese Pack Of 4,Sides,Non-Veg,150.0,sides,sides
1547,Shawarma With Cream Cheese Pack Of 4,Sides,Non-Veg,150.0,sides,sides
1548,Lamb Shawarma Pack Of 4,Sides,Non-Veg,150.0,sides,sides
1549,Chicken Briyani 0.5 Kg (served along kuruma+ raitha + boiled egg+ sweet +cool drinks and plates),Sides,Egg,150.0,sides,sides
1550,Chicken Briyani 1 Kg,Sides,Non-Veg,150.0,sides,sides
1551,Mutton Briyani 1 Kg,Sides,Non-Veg,150.0,sides,sides
1552,Chicken Briyani 0.5 Padi,Sides,Non-Veg,150.0,sides,sides
1553,Mutton Briyani 0.5 Padi,Sides,Non-Veg,150.0,sides,sides
1554,Chicken Briyani 1 Padi,Sides,Non-Veg,150.0,sides,sides
1555,Mutton Briyani 1 Padi,Sides,Non-Veg,150.0,sides,sides
1556,"Mutton Briyani 0.5 Kg(Briyani is served along kuruma, raitha, boiled egg, sweet, cool drinks and plates. Can be served for 5 pax approx.)",Sides,Egg,150.0,sides,sides
1557,Pandias Spl  Meals,Sides,Non-Veg,150.0,sides,sides
1558,Chicken  Mutton Meals,Sides,Non-Veg,150.0,sides,sides
1559,Sea Food Meals,Sides,Non-Veg,150.0,sides,sides
1560,Pandias Spl Potlam Sooru,Sides,Non-Veg,150.0,sides,sides
1561,Mutton Spare Meals,Sides,Non-Veg,150.0,sides,sides
1562,Nethily Fish Meals,Sides,Non-Veg,150.0,sides,sides
1563,North Indian  Thali (VEG),Sides,Veg,150.0,sides,sides
1564,North Indian Thali (Non-Veg),Sides,Non-Veg,150.0,sides,sides
1565,Naatukozhi Meals,Sides,Non-Veg,150.0,sides,sides
1566,Chicken Meals,Sides,Non-Veg,150.0,sides,sides
1567,Kaadai Meals,Sides,Non-Veg,150.0,sides,sides
1568,Mutton Kheema Meals,Sides,Non-Veg,150.0,sides,sides
1569,Mutton Sukka Meals,Sides,Non-Veg,150.0,sides,sides
1570,Mutton Biryani Thali,Biryani,Non-Veg,150.0,biryani,biryani
1571,Spl Vanjaram Fish Meals(Rice + Rasam + Kootu + Poriyal + Buttermilk + Papad + Sweet + Pickle + Special Fish Kozambhu (2 Pcs)),Biryani,Non-Veg,150.0,biryani,biryani
1572,Prawn Thokku Meals,Sides,Non-Veg,150.0,sides,sides
1573,Crab Masala Meals,Curry,Non-Veg,150.0,curry,curry
1574,Chicken Sukka Meals,Sides,Non-Veg,150.0,sides,sides
1575,Nalli Kozhambu Meals,Sides,Non-Veg,150.0,sides,sides
1576,Mutton Kothu Idli,South Indian,Non-Veg,150.0,south indian,south indian
1577,Idli (2 Pcs),South Indian,Veg,150.0,south indian,south indian
1578,Fiery Idli (2 Pcs),South Indian,Veg,150.0,south indian,south indian
1579,Ghee Idli (2 Pcs),South Indian,Veg,150.0,south indian,south indian
1580,Chicken Kothu Idli,South Indian,Non-Veg,150.0,south indian,south indian
1581,Butter Idli ( 2 Pcs ),South Indian,Veg,150.0,south indian,south indian
1582,Ghee Dosa,South Indian,Veg,150.0,south indian,south indian
1583,Cheese Dosa,South Indian,Veg,150.0,south indian,south indian
1584,Butter Dosa,South Indian,Veg,150.0,south indian,south indian
1585,Pandia's Chicken Dosa,South Indian,Non-Veg,150.0,south indian,south indian
1586,Mutton Keema Dosa,South Indian,Non-Veg,150.0,south indian,south indian
1587,Kal Dosa,South Indian,Veg,150.0,south indian,south indian
1588,Gun Powder Dosa,South Indian,Veg,150.0,south indian,south indian
1589,Special Dosa,South Indian,Veg,150.0,south indian,south indian
1590,Egg Dosa,South Indian,Egg,150.0,south indian,south indian
1591,Kal Egg Dosa (2 Pcs),South Indian,Egg,150.0,south indian,south indian
1592,Idiyappam (2 Pcs),Sides,Veg,150.0,sides,sides
1593,Ghee Idiyappam (2 Pcs),Sides,Veg,150.0,sides,sides
1594,Egg Kothu Idiyappam,Sides,Egg,150.0,sides,sides
1595,Chicken Kothu Idiyappam,Sides,Non-Veg,150.0,sides,sides
1596,Veg Kothu Parotta,Bread,Veg,150.0,bread,bread
1597,Egg Kothu Parotta,Bread,Egg,150.0,bread,bread
1598,Chicken Kothu Parotta,Bread,Non-Veg,150.0,bread,bread
1599,Mutton Kothu Parotta (item serves with salan),Bread,Non-Veg,150.0,bread,bread
1600,Mixed Kothu Parotta,Bread,Non-Veg,150.0,bread,bread
1601,Veg Kizhi Parotta,Bread,Veg,150.0,bread,bread
1602,Kaadai Kizhi Parota,Sides,Non-Veg,150.0,sides,sides
1603,Naatu Kozhi Kizhi Parota,Sides,Non-Veg,150.0,sides,sides
1604,Egg Kizhi Parota,Sides,Egg,150.0,sides,sides
1605,Mutton Kizhi Parota,Sides,Non-Veg,150.0,sides,sides
1606,Mutton Dum Parota,Sides,Non-Veg,150.0,sides,sides
1607,Egg Dum Parota,Sides,Egg,150.0,sides,sides
1608,Veg Dum Parota,Sides,Veg,150.0,sides,sides
1609,Kaadai Dum Parota,Sides,Non-Veg,150.0,sides,sides
1610,Naatu Kozhi Dum Parota,Sides,Non-Veg,150.0,sides,sides
1611,Chicken Dum Parota,Sides,Non-Veg,150.0,sides,sides
1612,Mutton Kalaki Parota,Sides,Non-Veg,150.0,sides,sides
1613,Chicken Kalaki Parota,Sides,Non-Veg,150.0,sides,sides
1614,Naatu Kozhi Kalaki Parota,Sides,Non-Veg,150.0,sides,sides
1615,Kaadai Kalaki Parota,Sides,Non-Veg,150.0,sides,sides
1616,Egg Kalaki Parota,Sides,Egg,150.0,sides,sides
1617,Seerva Omelette,Sides,Non-Veg,150.0,sides,sides
1618,Half Boiled Egg,Sides,Egg,150.0,sides,sides
1619,Mushroom Omelette,Sides,Non-Veg,150.0,sides,sides
1620,Cheese Omelette,Sides,Non-Veg,150.0,sides,sides
1621,Chicken Omelette,Sides,Non-Veg,150.0,sides,sides
1622,Mutton Brain Omelette,Sides,Non-Veg,150.0,sides,sides
1623,Mutton Omelette,Sides,Non-Veg,150.0,sides,sides
1624,Crab Omelette,Sides,Non-Veg,150.0,sides,sides
1625,Chappathi Shawarma,Sides,Non-Veg,150.0,sides,sides
1626,Spicy Shawarma,Sides,Non-Veg,150.0,sides,sides
1627,Shawarma With Cream Cheese,Sides,Non-Veg,150.0,sides,sides
1628,Shawarma With Cheese,Sides,Non-Veg,150.0,sides,sides
1629,Lamb Shawarma,Sides,Non-Veg,150.0,sides,sides
1630,Chicken Shawarma (serves1),Sides,Non-Veg,150.0,sides,sides
1631,Special Chicken Shawarma,Sides,Non-Veg,150.0,sides,sides
1632,Special Chicken Shawarma Plate,Sides,Non-Veg,150.0,sides,sides
1633,Chicken Paratha Shawarma,Sides,Non-Veg,150.0,sides,sides
1634,Special Chicken Paratha Shawarma,Sides,Non-Veg,150.0,sides,sides
1635,Indian Chicken Shawarma,Sides,Non-Veg,150.0,sides,sides
1636,Chettinad Mushroom Soup,Sides,Veg,150.0,sides,sides
1637,Chettinad Veg Soup,Sides,Veg,150.0,sides,sides
1638,Veg Mulligatwany Soup,Sides,Veg,150.0,sides,sides
1639,Naatukozhi Rasam (serves1),Sides,Non-Veg,150.0,sides,sides
1640,Chettinad Chicken Soup,Sides,Non-Veg,150.0,sides,sides
1641,Mutton Nalli Ellumbu Soup,Sides,Non-Veg,150.0,sides,sides
1642,Mutton Nenjellumbu Soup,Sides,Non-Veg,150.0,sides,sides
1643,Aattukkal Soup,Sides,Non-Veg,150.0,sides,sides
1644,Mutton Paal Kari Soup,Sides,Non-Veg,150.0,sides,sides
1645,Chettinad Mutton Soup,Sides,Non-Veg,150.0,sides,sides
1646,Mutton Tom Yum Soup,Sides,Non-Veg,150.0,sides,sides
1647,Mutton Hot & Sour Soup,Sides,Non-Veg,150.0,sides,sides
1648,Mutton Sweet corn Soup,Sides,Non-Veg,150.0,sides,sides
1649,Cream of Mutton Soup,Sides,Non-Veg,150.0,sides,sides
1650,Prawns Coconut Stew Soup,Sides,Non-Veg,150.0,sides,sides
1651,Prawns Tom Yum Soup,Sides,Non-Veg,150.0,sides,sides
1652,Prawns Hot & Sour Soup,Sides,Non-Veg,150.0,sides,sides
1653,Prawns Manchow Soup,Sides,Non-Veg,150.0,sides,sides
1654,Cream of Prawns Soup,Sides,Non-Veg,150.0,sides,sides
1655,Crab Rasam,Sides,Non-Veg,150.0,sides,sides
1656,Crab Tom Yum Crab Soup,Sides,Non-Veg,150.0,sides,sides
1657,Crab Manchow Soup,Sides,Non-Veg,150.0,sides,sides
1658,Crab Mulligatwany Soup,Sides,Non-Veg,150.0,sides,sides
1659,Fresh Garden Vegetable Salad,Sides,Veg,150.0,sides,sides
1660,Hawaiian Salad,Sides,Veg,150.0,sides,sides
1661,Tandoor Chicken Salad,Sides,Non-Veg,150.0,sides,sides
1662,Egg Podimas,Sides,Egg,150.0,sides,sides
1663,Masala Egg Kalakki,Curry,Egg,150.0,curry,curry
1664,Egg Kalakki,Sides,Egg,150.0,sides,sides
1665,Muttai Mass,Sides,Non-Veg,150.0,sides,sides
1666,Dragon Fried Chicken,Sides,Non-Veg,150.0,sides,sides
1667,Chicken Lollipop(Saucy),Sides,Non-Veg,150.0,sides,sides
1668,Alfaham Chicken ( Half ),Sides,Non-Veg,150.0,sides,sides
1669,Dry Style Chicken Lollipop,Sides,Non-Veg,150.0,sides,sides
1670,Chettinad Style Chicken Lollipop,Sides,Non-Veg,150.0,sides,sides
1671,Peppery Style Chicken Lollipop,Sides,Non-Veg,150.0,sides,sides
1672,Mughlai Style Chicken Lollipop,Sides,Non-Veg,150.0,sides,sides
1673,Pandia's Style Chicken Lollipop,Sides,Non-Veg,150.0,sides,sides
1674,Dry Style Chicken Wings,Sides,Non-Veg,150.0,sides,sides
1675,Chettinad Style Chicken Wings,Sides,Non-Veg,150.0,sides,sides
1676,Peppery Style Chicken Wings,Sides,Non-Veg,150.0,sides,sides
1677,Pichi Potta Chicken,Sides,Non-Veg,150.0,sides,sides
1678,Dynamite Style Chicken Wings,Sides,Non-Veg,150.0,sides,sides
1679,Pandia's Style Chicken Wings,Sides,Non-Veg,150.0,sides,sides
1680,Dry Style Chicken Drumstick,Sides,Non-Veg,150.0,sides,sides
1681,Chettinad Style Chicken Drumstick,Sides,Non-Veg,150.0,sides,sides
1682,Peppery Style Chicken Drumstick,Sides,Non-Veg,150.0,sides,sides
1683,Dynamite Style Chicken Drumstick,Sides,Non-Veg,150.0,sides,sides
1684,Mughlai Style Chicken Drumstick,Sides,Non-Veg,150.0,sides,sides
1685,Pandia's Style Chicken Drumstick,Sides,Non-Veg,150.0,sides,sides
1686,Dry Style Chicken Breast,Sides,Non-Veg,150.0,sides,sides
1687,Chettinad Style Chicken Breast,Sides,Non-Veg,150.0,sides,sides
1688,Dynamite Style Chicken Breast,Sides,Non-Veg,150.0,sides,sides
1689,Peppery Style Chicken Breast,Sides,Non-Veg,150.0,sides,sides
1690,Mughlai Style Chicken Breast,Sides,Non-Veg,150.0,sides,sides
1691,Pandia's Style Chicken Breast,Sides,Non-Veg,150.0,sides,sides
1692,Dry Style Chicken Leg Piece,Sides,Non-Veg,150.0,sides,sides
1693,Peppery Style Chicken Leg Piece,Sides,Non-Veg,150.0,sides,sides
1694,Dynamite Style Chicken Leg Piece,Sides,Non-Veg,150.0,sides,sides
1695,Mughlai Style Chicken Leg Piece,Sides,Non-Veg,150.0,sides,sides
1696,Pandia's Style Chicken Leg Piece,Sides,Non-Veg,150.0,sides,sides
1697,Chettinad Fried Chicken,Sides,Non-Veg,150.0,sides,sides
1698,Peppery Fried Chicken,Sides,Non-Veg,150.0,sides,sides
1699,Andhra Fried Chicken,Sides,Non-Veg,150.0,sides,sides
1700,Red Hot Fried Chicken,Sides,Non-Veg,150.0,sides,sides
1701,Mughlai Fried Chicken (Saucy),Sides,Non-Veg,150.0,sides,sides
1702,Chicken Pakora,Sides,Non-Veg,150.0,sides,sides
1703,Chicken Bits (Oil),Sides,Non-Veg,150.0,sides,sides
1704,Special Barbeque Chicken,Sides,Non-Veg,150.0,sides,sides
1705,Chicken Sukka,Sides,Non-Veg,150.0,sides,sides
1706,Chicken Fry,Starter,Non-Veg,150.0,starter,starter
1707,Alfaham Chicken ( Full),Sides,Non-Veg,150.0,sides,sides
1708,Nalli Fry,Starter,Non-Veg,150.0,starter,starter
1709,Nenjellumbu Fry,Starter,Non-Veg,150.0,starter,starter
1710,Mutton Egg Pirattal,Sides,Egg,150.0,sides,sides
1711,Mutton Chukka (100gms),Sides,Non-Veg,150.0,sides,sides
1712,Mutton Liver Fry,Starter,Non-Veg,150.0,starter,starter
1713,Mutton Liver Tawa Fry,Starter,Non-Veg,150.0,starter,starter
1714,Mutton Kidney Fry,Starter,Non-Veg,150.0,starter,starter
1715,Mutton Kidney Tawa Fry,Starter,Non-Veg,150.0,starter,starter
1716,Mutton Spleen Fry,Starter,Non-Veg,150.0,starter,starter
1717,Mutton Spleen Tawa Fry with Egg,Starter,Egg,150.0,starter,starter
1718,Mutton Brain Fry with Egg,Starter,Egg,150.0,starter,starter
1719,Mutton Liver Fry with Egg,Starter,Egg,150.0,starter,starter
1720,Mutton Kidney Fry with Egg,Starter,Egg,150.0,starter,starter
1721,Aattukal Pepper Fry,Starter,Non-Veg,150.0,starter,starter
1722,Mutton Brain Fry,Starter,Non-Veg,150.0,starter,starter
1723,Mutton Brain Tawa Fry,Starter,Non-Veg,150.0,starter,starter
1724,Fish Barbeque,Sides,Non-Veg,150.0,sides,sides
1725,Fish 65,Sides,Non-Veg,150.0,sides,sides
1726,Spicy Fish 65,Sides,Non-Veg,150.0,sides,sides
1727,Nethilli 65,Sides,Non-Veg,150.0,sides,sides
1728,Fish Puttu,Sides,Non-Veg,150.0,sides,sides
1729,Special Fried Prawns,Sides,Non-Veg,150.0,sides,sides
1730,Crab Pepper Fry(shell),Starter,Non-Veg,150.0,starter,starter
1731,Crab Fry (shell),Starter,Non-Veg,150.0,starter,starter
1732,Crab Puttu,Sides,Non-Veg,150.0,sides,sides
1733,Malai Paneer Tikka,Curry,Veg,150.0,curry,curry
1734,Tandoor Mushroom,Sides,Veg,150.0,sides,sides
1735,Achari Mushroom Tikka,Starter,Veg,150.0,starter,starter
1736,Minted Gobi Kebab,Starter,Veg,150.0,starter,starter
1737,Chicken Tangdi Kebab,Starter,Non-Veg,150.0,starter,starter
1738,Malabar Chicken Tikka,Starter,Non-Veg,150.0,starter,starter
1739,Chicken Reshmi Kebab,Starter,Non-Veg,150.0,starter,starter
1740,Chicken Angari Kebab,Starter,Non-Veg,150.0,starter,starter
1741,Chicken Malai Kebab,Starter,Non-Veg,150.0,starter,starter
1742,Chicken Irani Kebab,Starter,Non-Veg,150.0,starter,starter
1743,Chicken Kalmi Kebab,Starter,Non-Veg,150.0,starter,starter
1744,Chicken Hariyali Kebab,Starter,Non-Veg,150.0,starter,starter
1745,Hot Chicken Tikka,Starter,Non-Veg,150.0,starter,starter
1746,Mutton Seekh Kebab,Starter,Non-Veg,150.0,starter,starter
1747,Tandoor Vanjaram Fish Slice,Sides,Non-Veg,150.0,sides,sides
1748,Hariyali Vanjaram Fish Slice,Sides,Non-Veg,150.0,sides,sides
1749,Irani Vanjaram Fish Slice,Sides,Non-Veg,150.0,sides,sides
1750,Achari Vanjaram Fish Slice,Sides,Non-Veg,150.0,sides,sides
1751,Tandoor Prawns,Sides,Non-Veg,150.0,sides,sides
1752,Prawns Hariyali,Sides,Non-Veg,150.0,sides,sides
1753,Prawns Achari,Sides,Non-Veg,150.0,sides,sides
1754,Paneer Chettinad,Curry,Veg,150.0,curry,curry
1755,Paneer Pepper masala,Curry,Veg,150.0,curry,curry
1756,Paneer Butter masala,Curry,Veg,150.0,curry,curry
1757,Paneer Kadai,Curry,Veg,150.0,curry,curry
1758,Paneer Masala,Curry,Veg,150.0,curry,curry
1759,Mushroom Pepper masala,Curry,Veg,150.0,curry,curry
1760,Mushroom Tikka Masala,Curry,Veg,150.0,curry,curry
1761,Gobi Chettinad,Sides,Veg,150.0,sides,sides
1762,Gobi Pepper masala,Curry,Veg,150.0,curry,curry
1763,Gobi Masala,Curry,Veg,150.0,curry,curry
1764,Malai Kofta Curry,Curry,Veg,150.0,curry,curry
1765,Veg Jalfrezi,Sides,Veg,150.0,sides,sides
1766,Navaratan Korma,Sides,Veg,150.0,sides,sides
1767,Gobi Capsicum,Sides,Veg,150.0,sides,sides
1768,Kadai Vegetable,Sides,Veg,150.0,sides,sides
1769,Vegetable Masala,Curry,Veg,150.0,curry,curry
1770,Mix Vegetable Korma,Sides,Veg,150.0,sides,sides
1771,Egg Chettinad,Sides,Egg,150.0,sides,sides
1772,Egg Andhra,Sides,Egg,150.0,sides,sides
1773,Chicken Andhra,Sides,Non-Veg,150.0,sides,sides
1774,Chicken Shahi Korma,Sides,Non-Veg,150.0,sides,sides
1775,Chicken Butter Masala B/L,Curry,Non-Veg,150.0,curry,curry
1776,"Chicken Kurma (500ml, 3pcs Chicken)",Sides,Non-Veg,150.0,sides,sides
1777,Chicken Thokku,Sides,Non-Veg,150.0,sides,sides
1778,Special Chicken Kozhambu(3-4 pcs) (served with gravy),Curry,Non-Veg,150.0,curry,curry
1779,Chicken Chops,Sides,Non-Veg,150.0,sides,sides
1780,Mutton Kheema Masala,Curry,Non-Veg,150.0,curry,curry
1781,Mutton Pepper Chops,Sides,Non-Veg,150.0,sides,sides
1782,Mutton Andhra,Sides,Non-Veg,150.0,sides,sides
1783,Mutton Shahi Korma,Sides,Non-Veg,150.0,sides,sides
1784,Mutton Kola Urundai Kozhambu,Sides,Non-Veg,150.0,sides,sides
1785,Mutton Nalli Kozhambu,Sides,Non-Veg,150.0,sides,sides
1786,Mutton Nenjellumbu  Kozhambu,Sides,Non-Veg,150.0,sides,sides
1787,Mutton Pepper Paya,Sides,Non-Veg,150.0,sides,sides
1788,Special Mutton Kozhambu,Sides,Non-Veg,150.0,sides,sides
1789,Mutton Kheema,Sides,Non-Veg,150.0,sides,sides
1790,Special Attukal Kurma,Sides,Non-Veg,150.0,sides,sides
1791,Vanjaram Fish Kozambhu,Sides,Non-Veg,150.0,sides,sides
1792,Nethly Fish Kozhambu,Sides,Non-Veg,150.0,sides,sides
1793,Prawns Thokku,Sides,Non-Veg,150.0,sides,sides
1794,Prawns Hyderabadi,Sides,Non-Veg,150.0,sides,sides
1795,Prawns Andhra,Sides,Non-Veg,150.0,sides,sides
1796,Prawns Pepper Gravy,Curry,Non-Veg,150.0,curry,curry
1797,Squid Chettinad,Sides,Non-Veg,150.0,sides,sides
1798,Squid Andhra,Sides,Non-Veg,150.0,sides,sides
1799,Squid Pepper Masala,Curry,Non-Veg,150.0,curry,curry
1800,Paneer Tikka Biryani,Biryani,Veg,150.0,biryani,biryani
1801,Mushroom Tikka Biryani,Biryani,Veg,150.0,biryani,biryani
1802,Paneer Biryani,Biryani,Veg,150.0,biryani,biryani
1803,Mushroom Biryani,Biryani,Veg,150.0,biryani,biryani
1804,Veg Mughal Biryani,Biryani,Veg,150.0,biryani,biryani
1805,Seeraga Samba Egg Biryani,Biryani,Egg,150.0,biryani,biryani
1806,Kaadai Potlam Briyani,Sides,Non-Veg,150.0,sides,sides
1807,Naatu Kozhi Potlam Briyani,Sides,Non-Veg,150.0,sides,sides
1808,Khuska Biryani,Biryani,Non-Veg,150.0,biryani,biryani
1809,Spl Naatu Kozhi Biryani,Biryani,Non-Veg,150.0,biryani,biryani
1810,Chicken 65 Biryani,Biryani,Non-Veg,150.0,biryani,biryani
1811,Seeraga Samba Chicken Biryani,Biryani,Non-Veg,150.0,biryani,biryani
1812,Seeraga Samba Khuska Briyani,Sides,Non-Veg,150.0,sides,sides
1813,Mix Potlam Briyani,Sides,Non-Veg,150.0,sides,sides
1814,Mutton Potlam Briyani,Sides,Non-Veg,150.0,sides,sides
1815,Mutton Nalli Biryani,Biryani,Non-Veg,150.0,biryani,biryani
1816,Mughlai Mutton Biryani (item served with raita or salan),Biryani,Non-Veg,150.0,biryani,biryani
1817,Chettinad Mutton Biryani,Biryani,Non-Veg,150.0,biryani,biryani
1818,Mutton Keema Biryani,Biryani,Non-Veg,150.0,biryani,biryani
1819,Aattukkal Biryani,Biryani,Non-Veg,150.0,biryani,biryani
1820,Tawa Mutton Biryani,Biryani,Non-Veg,150.0,biryani,biryani
1821,Black Peppery Mutton Biryani,Biryani,Non-Veg,150.0,biryani,biryani
1822,Seeraga Samba Mutton Biryani,Biryani,Non-Veg,150.0,biryani,biryani
1823,Red Hot Fish Biryani,Biryani,Non-Veg,150.0,biryani,biryani
1824,Crab Biryani,Biryani,Non-Veg,150.0,biryani,biryani
1825,Ghee Parotta,Bread,Veg,150.0,bread,bread
1826,Ghee Naan,Bread,Veg,150.0,bread,bread
1827,Cream Naan,Bread,Veg,150.0,bread,bread
1828,Green Chilli Naan,Bread,Veg,150.0,bread,bread
1829,Phulka (2 Nos),Sides,Veg,150.0,sides,sides
1830,Tandoor Parotta,Bread,Veg,150.0,bread,bread
1831,Ghee Tandoor Parotta,Bread,Veg,150.0,bread,bread
1832,Ghee Chapati (1 Pc),Sides,Veg,150.0,sides,sides
1833,Butter Chapati (1 Pc),Sides,Veg,150.0,sides,sides
1834,Chapati (1 Pc),Sides,Veg,150.0,sides,sides
1835,Poricha Parotta (1 Pc),Bread,Veg,150.0,bread,bread
1836,Butter Parotta (1 Pc),Bread,Veg,150.0,bread,bread
1837,Veechu Parotta (1 Pc),Bread,Veg,150.0,bread,bread
1838,Nal Ennai Parotta (1 Pc),Bread,Veg,150.0,bread,bread
1839,Thengai Ennai Parotta (1 Pc),Bread,Veg,150.0,bread,bread
1840,Sweet Parotta (1 Pc),Bread,Veg,150.0,bread,bread
1841,Family Parotta,Bread,Veg,150.0,bread,bread
1842,Coin Parotta (5 Pcs),Bread,Veg,150.0,bread,bread
1843,Parotta (1 Pc),Bread,Veg,150.0,bread,bread
1844,Wheat Parotta (1 Pc),Bread,Veg,150.0,bread,bread
1845,Egg Ceylon Parotta,Bread,Egg,150.0,bread,bread
1846,Chennai Egg Parotta,Bread,Egg,150.0,bread,bread
1847,Mughlai Egg Parotta,Bread,Egg,150.0,bread,bread
1848,Egg Veechu Parotta (1 Pc),Bread,Egg,150.0,bread,bread
1849,Egg Chapati (1 Pc),Sides,Egg,150.0,sides,sides
1850,Chicken Ceylon Parotta,Bread,Non-Veg,150.0,bread,bread
1851,Chicken Chapati with Cheese (1 Pc),Sides,Non-Veg,150.0,sides,sides
1852,Mutton Ceylon Parotta,Bread,Non-Veg,150.0,bread,bread
1853,Mixed Ceylon Parotta,Bread,Non-Veg,150.0,bread,bread
1854,Mutton Chapati with Cheese (1 Pc),Sides,Non-Veg,150.0,sides,sides
1855,Mutton Keema Naan,Bread,Non-Veg,150.0,bread,bread
1856,Ghee Parotta (1 Pc),Bread,Veg,150.0,bread,bread
1857,Pineapple Raitha,Sides,Veg,150.0,sides,sides
1858,Mixed Vegetable Raitha,Sides,Veg,150.0,sides,sides
1859,Tomato Cucumber Raitha,Sides,Veg,150.0,sides,sides
1860,Crab Masala (shell),Curry,Non-Veg,150.0,curry,curry
1861,Crab Shell Less Chettinad,Sides,Non-Veg,150.0,sides,sides
1862,Crab Shell Less Andhra,Sides,Non-Veg,150.0,sides,sides
1863,Crab Shell Less Pepper Masala,Curry,Non-Veg,150.0,curry,curry
1864,Veg Spring Roll,Chinese,Veg,150.0,chinese,chinese
1865,Paneer Salt and Pepper,Curry,Veg,150.0,curry,curry
1866,Paneer Hot Garlic,Curry,Veg,150.0,curry,curry
1867,Paneer Dragon,Curry,Veg,150.0,curry,curry
1868,Paneer Golden Fried,Curry,Veg,150.0,curry,curry
1869,Paneer Spicy Fried,Curry,Veg,150.0,curry,curry
1870,Mushroom Salt and Pepper,Chinese,Veg,150.0,chinese,chinese
1871,Mushroom Chilli,Chinese,Veg,150.0,chinese,chinese
1872,Mushroom Hot Garlic,Chinese,Veg,150.0,chinese,chinese
1873,Mushroom Spicy Fried,Chinese,Veg,150.0,chinese,chinese
1874,Gobi Chilli,Chinese,Veg,150.0,chinese,chinese
1875,Gobi Hot Garlic,Chinese,Veg,150.0,chinese,chinese
1876,Gobi Spicy Fried,Chinese,Veg,150.0,chinese,chinese
1877,Crispy Fried Vegetables,Chinese,Veg,150.0,chinese,chinese
1878,Honey Crispy Fried Vegetables,Chinese,Veg,150.0,chinese,chinese
1879,Baby corn Dragon,Chinese,Veg,150.0,chinese,chinese
1880,Egg Chilly,Chinese,Egg,150.0,chinese,chinese
1881,Egg Hot Garlic,Chinese,Egg,150.0,chinese,chinese
1882,Chicken Spring Roll,Chinese,Non-Veg,150.0,chinese,chinese
1883,Chicken Cutlet,Chinese,Non-Veg,150.0,chinese,chinese
1884,Finger Chicken,Chinese,Non-Veg,150.0,chinese,chinese
1885,Black Pepper Chicken Legs,Chinese,Non-Veg,150.0,chinese,chinese
1886,555 Chicken,Chinese,Non-Veg,150.0,chinese,chinese
1887,Chilli Chicken,Chinese,Non-Veg,150.0,chinese,chinese
1888,Ginger Chicken,Chinese,Non-Veg,150.0,chinese,chinese
1889,Garlic Chicken,Chinese,Non-Veg,150.0,chinese,chinese
1890,Pepper Chicken,Chinese,Non-Veg,150.0,chinese,chinese
1891,Chicken Manchurian,Chinese,Non-Veg,150.0,chinese,chinese
1892,Dragon Style Chicken Lollipop,Chinese,Non-Veg,150.0,chinese,chinese
1893,Dragon Style Chicken Drumstick,Chinese,Non-Veg,150.0,chinese,chinese
1894,Dragon Style Chicken Breast,Chinese,Non-Veg,150.0,chinese,chinese
1895,Dragon Style Chicken Leg Piece,Chinese,Non-Veg,150.0,chinese,chinese
1896,Crispy Chilli Lamb,Chinese,Non-Veg,150.0,chinese,chinese
1897,Beijing Lamb,Chinese,Non-Veg,150.0,chinese,chinese
1898,Phuket Fish,Chinese,Non-Veg,150.0,chinese,chinese
1899,Chilly Fish,Chinese,Non-Veg,150.0,chinese,chinese
1900,Dragon Fish,Chinese,Non-Veg,150.0,chinese,chinese
1901,Salt and Pepper Fish,Chinese,Non-Veg,150.0,chinese,chinese
1902,Honey Chilly Fish,Chinese,Non-Veg,150.0,chinese,chinese
1903,Hot Garlic Fish,Chinese,Non-Veg,150.0,chinese,chinese
1904,Chilly Prawns,Chinese,Non-Veg,150.0,chinese,chinese
1905,Salt And Pepper Prawns,Chinese,Non-Veg,150.0,chinese,chinese
1906,Golden Fried Prawns,Chinese,Non-Veg,150.0,chinese,chinese
1907,Butter Fried prawns,Chinese,Non-Veg,150.0,chinese,chinese
1908,Hot Garlic Prawns,Chinese,Non-Veg,150.0,chinese,chinese
1909,Squid Hot Garlic,Chinese,Non-Veg,150.0,chinese,chinese
1910,Squid Honey Chilli,Chinese,Non-Veg,150.0,chinese,chinese
1911,Salt & Pepper Squid,Chinese,Non-Veg,150.0,chinese,chinese
1912,Chilliy Squid,Chinese,Non-Veg,150.0,chinese,chinese
1913,Chilly Chicken,Chinese,Non-Veg,150.0,chinese,chinese
1914,Dragon Chicken,Chinese,Non-Veg,150.0,chinese,chinese
1915,Golden Fried Chicken,Chinese,Non-Veg,150.0,chinese,chinese
1916,Butter Fried Chicken,Chinese,Non-Veg,150.0,chinese,chinese
1917,Honey Chilly Chicken,Chinese,Non-Veg,150.0,chinese,chinese
1918,Hot Garlic Chicken,Chinese,Non-Veg,150.0,chinese,chinese
1919,Chilly Mutton,Chinese,Non-Veg,150.0,chinese,chinese
1920,Butter Fried Mutton,Chinese,Non-Veg,150.0,chinese,chinese
1921,Honey Chilly Mutton,Chinese,Non-Veg,150.0,chinese,chinese
1922,Veg Manchow Fried Rice,Chinese,Veg,150.0,chinese,chinese
1923,Schezwan Veg Fried Rice,Chinese,Veg,150.0,chinese,chinese
1924,Stir Fried Veg Fried Rice,Chinese,Veg,150.0,chinese,chinese
1925,Burnt Garlic Veg Fried Rice,Chinese,Veg,150.0,chinese,chinese
1926,Burnt Ginger  Veg Fried Rice,Chinese,Veg,150.0,chinese,chinese
1927,Manchow Egg Fried Rice,Chinese,Egg,150.0,chinese,chinese
1928,Schezwan Egg Fried Rice,Chinese,Egg,150.0,chinese,chinese
1929,Singapore Egg Fried Rice,Chinese,Egg,150.0,chinese,chinese
1930,Stir Fried Egg Fried Rice,Chinese,Egg,150.0,chinese,chinese
1931,Manchow Chicken Fried Rice,Chinese,Non-Veg,150.0,chinese,chinese
1932,Schezwan Chicken Fried Rice,Chinese,Non-Veg,150.0,chinese,chinese
1933,Singapore Chicken Fried Rice,Chinese,Non-Veg,150.0,chinese,chinese
1934,Stir Fried Chicken Fried Rice,Chinese,Non-Veg,150.0,chinese,chinese
1935,Burnt Garlic Chicken Fried Rice,Chinese,Non-Veg,150.0,chinese,chinese
1936,Burnt Ginger Chicken Fried Rice,Chinese,Non-Veg,150.0,chinese,chinese
1937,Manchow Mutton Fried Rice,Chinese,Non-Veg,150.0,chinese,chinese
1938,Schezwan Mutton Fried Rice,Chinese,Non-Veg,150.0,chinese,chinese
1939,Singapore Mutton Fried Rice,Chinese,Non-Veg,150.0,chinese,chinese
1940,Prawn Fried Rice,Chinese,Non-Veg,150.0,chinese,chinese
1941,Manchow Prawn Fried Rice,Chinese,Non-Veg,150.0,chinese,chinese
1942,Schezwan Prawn Fried Rice,Chinese,Non-Veg,150.0,chinese,chinese
1943,Singapore Prawn Fried Rice,Chinese,Non-Veg,150.0,chinese,chinese
1944,Stir Fried Prawn Fried Rice,Chinese,Non-Veg,150.0,chinese,chinese
1945,Burnt Garlic Prawn Fried Rice,Chinese,Non-Veg,150.0,chinese,chinese
1946,Burnt  Ginger Prawn Fried Rice,Chinese,Non-Veg,150.0,chinese,chinese
1947,Trible Fried Rice,Chinese,Non-Veg,150.0,chinese,chinese
1948,Manchow mixed Fried Rice,Chinese,Non-Veg,150.0,chinese,chinese
1949,Schezwan Mixed Fried Rice,Chinese,Non-Veg,150.0,chinese,chinese
1950,Singapore Mixed Fried Rice,Chinese,Non-Veg,150.0,chinese,chinese
1951,Burnt Garlic Mixed Fried Rice,Chinese,Non-Veg,150.0,chinese,chinese
1952,Burnt Ginger Mixed Fried Rice,Chinese,Non-Veg,150.0,chinese,chinese
1953,Manchow Veg Noodles,Chinese,Veg,150.0,chinese,chinese
1954,Singapore Veg Noodles,Chinese,Veg,150.0,chinese,chinese
1955,Stir Fried Veg Noodles,Chinese,Veg,150.0,chinese,chinese
1956,Burnt Garlic Veg Noodles,Chinese,Veg,150.0,chinese,chinese
1957,Burnt Ginger Veg Noodles,Chinese,Veg,150.0,chinese,chinese
1958,Manchow Egg Noodles,Chinese,Egg,150.0,chinese,chinese
1959,Schezwan Egg Noodles,Chinese,Egg,150.0,chinese,chinese
1960,Singapore Egg Noodles,Chinese,Egg,150.0,chinese,chinese
1961,Stir Fried Egg Noodles,Chinese,Egg,150.0,chinese,chinese
1962,Manchow Chicken Noodles,Chinese,Non-Veg,150.0,chinese,chinese
1963,Schezwan Chicken Noodles,Chinese,Non-Veg,150.0,chinese,chinese
1964,Singapore Chicken Noodles,Chinese,Non-Veg,150.0,chinese,chinese
1965,Stir Fried Chicken Noodles,Chinese,Non-Veg,150.0,chinese,chinese
1966,Burnt Garlic Chicken Noodles,Chinese,Non-Veg,150.0,chinese,chinese
1967,Burnt Ginger Chicken Noodles,Chinese,Non-Veg,150.0,chinese,chinese
1968,Manchow Mutton Noodles,Chinese,Non-Veg,150.0,chinese,chinese
1969,Schezwan Mutton Noodles,Chinese,Non-Veg,150.0,chinese,chinese
1970,Singapore Mutton Noodles,Chinese,Non-Veg,150.0,chinese,chinese
1971,Prawn  Noodles,Chinese,Non-Veg,150.0,chinese,chinese
1972,Manchow Prawn Noodles,Chinese,Non-Veg,150.0,chinese,chinese
1973,Schezwan Prawn Noodles,Chinese,Non-Veg,150.0,chinese,chinese
1974,Singapore Prawn Noodles,Chinese,Non-Veg,150.0,chinese,chinese
1975,Stir Fried Prawn Noodles,Chinese,Non-Veg,150.0,chinese,chinese
1976,Burnt Garlic prawn Noodles,Chinese,Non-Veg,150.0,chinese,chinese
1977,Burnt Ginger Prawn Noodles,Chinese,Non-Veg,150.0,chinese,chinese
1978,Trible Fried  Noodles,Chinese,Non-Veg,150.0,chinese,chinese
1979,Manchow Mixed Noodles,Chinese,Non-Veg,150.0,chinese,chinese
1980,Schezwan Mixed Noodles,Chinese,Non-Veg,150.0,chinese,chinese
1981,Singapore Mixed Noodles,Chinese,Non-Veg,150.0,chinese,chinese
1982,Burnt Garlic Mixed  Noodles,Chinese,Non-Veg,150.0,chinese,chinese
1983,Burnt Ginger Mixed  Noodles,Chinese,Non-Veg,150.0,chinese,chinese
1984,American Chopsuey (Egg),Chinese,Egg,150.0,chinese,chinese
1985,American Choupsey (Chicken),Chinese,Non-Veg,150.0,chinese,chinese
1986,American Choupsuey (Mutton),Chinese,Non-Veg,150.0,chinese,chinese
1987,American Choupsuey (Mixed),Chinese,Non-Veg,150.0,chinese,chinese
1988,Crab Lollypop,Chinese,Non-Veg,150.0,chinese,chinese
1989,Chilly Crab (Shell Less),Chinese,Non-Veg,150.0,chinese,chinese
1990,Salt & Pepper Crab (Shell less),Chinese,Non-Veg,150.0,chinese,chinese
1991,Crab Fried Rice,Chinese,Non-Veg,150.0,chinese,chinese
1992,Crab Noodles,Chinese,Non-Veg,150.0,chinese,chinese
1993,Kaadai Pepper Dry Roast,Sides,Non-Veg,150.0,sides,sides
1994,Naatukozhi Masala,Curry,Non-Veg,150.0,curry,curry
1995,Naatukozhi Tawa Roast,Sides,Non-Veg,150.0,sides,sides
1996,Naatukozhi Biryani,Biryani,Non-Veg,150.0,biryani,biryani
1997,Kaadai Masala,Curry,Non-Veg,150.0,curry,curry
1998,Kaadai Biryani,Biryani,Non-Veg,150.0,biryani,biryani
1999,Kaadai Tawa Roast,Sides,Non-Veg,150.0,sides,sides
2000,Turkey Masala (SUN/WED),Curry,Non-Veg,150.0,curry,curry
2001,Turkey Tawa Roast,Sides,Non-Veg,150.0,sides,sides
2002,Litchi Ice cream,Dessert,Veg,150.0,dessert,dessert
2003,Dry Fruits Ice cream,Dessert,Veg,150.0,dessert,dessert
2004,Brownie,Dessert,Veg,150.0,dessert,dessert
2005,Kirni Juice,Beverage,Veg,150.0,beverage,beverage
2006,Fig Fruit Juice,Beverage,Veg,150.0,beverage,beverage
2007,Litchi Juice,Beverage,Veg,150.0,beverage,beverage
2008,Dragon Fruit Juice,Beverage,Veg,150.0,beverage,beverage
2009,Nellikai Juice,Beverage,Veg,150.0,beverage,beverage
2010,Guava Juice,Beverage,Veg,150.0,beverage,beverage
2011,Chikku Juice,Beverage,Veg,150.0,beverage,beverage
2012,Lime Mint Juice,Beverage,Veg,150.0,beverage,beverage
2013,Lime Soda Juice,Beverage,Veg,150.0,beverage,beverage
2014,Cold Coffee,Beverage,Veg,150.0,beverage,beverage
2015,Litchi Milkshake,Beverage,Veg,150.0,beverage,beverage
2016,Dates Shake,Beverage,Veg,150.0,beverage,beverage
2017,Saffron Milk,Beverage,Veg,150.0,beverage,beverage
2018,Pomegranate Mojito,Beverage,Veg,150.0,beverage,beverage
2019,Lime Mojito,Beverage,Veg,150.0,beverage,beverage
2020,Berry Mojito,Beverage,Veg,150.0,beverage,beverage
2021,Banana Mojito,Beverage,Veg,150.0,beverage,beverage
2022,Green Apple Mojito,Beverage,Veg,150.0,beverage,beverage
2023,Raspberry Mojito,Beverage,Veg,150.0,beverage,beverage
2024,Red Velvet Mojito,Beverage,Veg,150.0,beverage,beverage
2025,Fresh Fruit Falooda,Dessert,Veg,150.0,dessert,dessert
2026,Pandia's Special Falooda,Dessert,Veg,150.0,dessert,dessert
2027,Sweet Lassi,Beverage,Veg,150.0,beverage,beverage
2028,Salt Lassi,Beverage,Veg,150.0,beverage,beverage
2029,Pineapple Lassi,Beverage,Veg,150.0,beverage,beverage
2030,Mango Lassi,Beverage,Veg,150.0,beverage,beverage
2031,Mineral Water (1 ltr),Beverage,Veg,150.0,beverage,beverage
2032,Special Tea,Beverage,Veg,150.0,beverage,beverage
2033,Special Coffee,Beverage,Veg,150.0,beverage,beverage
2034,Boost,Beverage,Veg,150.0,beverage,beverage
2035,Bournvita,Beverage,Veg,150.0,beverage,beverage
2036,Horlicks,Beverage,Veg,150.0,beverage,beverage
2037,Green Tea,Beverage,Veg,150.0,beverage,beverage
2038,Pandia's Meals,Sides,Non-Veg,150.0,sides,sides
2039,Fresh Lime,Sides,Veg,150.0,sides,sides
2040,Onion Aloo Mix Parantha,Sides,Veg,150.0,sides,sides
2041,Onion Parantha,Sides,Veg,150.0,sides,sides
2042,Paneer Parantha Tawa,Curry,Veg,150.0,curry,curry
2043,Pizza Parantha (clay Oven),Sides,Veg,150.0,sides,sides
2044,Indo Italian Parantha,Sides,Veg,150.0,sides,sides
2045,Chicken Keema Parantha Tawa,Sides,Non-Veg,150.0,sides,sides
2046,Afghani Fatiri (mutton),Sides,Non-Veg,150.0,sides,sides
2047,Mutton Keema Parantha Tawa,Sides,Non-Veg,150.0,sides,sides
2048,Chicken Cheese Parantha,Sides,Non-Veg,150.0,sides,sides
2049,Mutton Keema And Cheese Parantha,Sides,Non-Veg,150.0,sides,sides
2050,Tawa Ghee Phulka,Sides,Veg,150.0,sides,sides
2051,Tawa Phulka,Sides,Veg,150.0,sides,sides
2052,Tawa Gobi Parantha,Sides,Veg,150.0,sides,sides
2053,Tawa Aloo Parantha,Sides,Veg,150.0,sides,sides
2054,Plain Parantha,Sides,Veg,150.0,sides,sides
2055,Tawa Mooli Parantha,Sides,Veg,150.0,sides,sides
2056,Makke Di Roti,Bread,Veg,150.0,bread,bread
2057,Missi Roti,Bread,Veg,150.0,bread,bread
2058,Dhaniya Roti,Bread,Veg,150.0,bread,bread
2059,Garlic Roti,Bread,Veg,150.0,bread,bread
2060,Khasta Roti,Bread,Veg,150.0,bread,bread
2061,Cheese Garlic Naan,Bread,Veg,150.0,bread,bread
2062,Chilli Cheese Naan,Bread,Veg,150.0,bread,bread
2063,Amritsari Naan,Bread,Veg,150.0,bread,bread
2064,Ajwain Naan,Bread,Veg,150.0,bread,bread
2065,Rogoni Naan,Bread,Veg,150.0,bread,bread
2066,Khameeri Naan,Bread,Veg,150.0,bread,bread
2067,Cheese Garlic Kulcha,Sides,Veg,150.0,sides,sides
2068,Garlic Kulcha,Sides,Veg,150.0,sides,sides
2069,Pudina Kulcha,Sides,Veg,150.0,sides,sides
2070,Amritsari Kulcha,Sides,Veg,150.0,sides,sides
2071,Methi Kulcha,Sides,Veg,150.0,sides,sides
2072,Mutton Keema Kulcha,Sides,Non-Veg,150.0,sides,sides
2073,Chicken Keema Kulcha,Sides,Non-Veg,150.0,sides,sides
2074,Methi Parantha,Sides,Veg,150.0,sides,sides
2075,Lachha Parantha,Sides,Veg,150.0,sides,sides
2076,Pudina Parantha,Sides,Veg,150.0,sides,sides
2077,Tandoori Gobi Parantha,Sides,Veg,150.0,sides,sides
2078,Tandoori Aloo Parantha,Sides,Veg,150.0,sides,sides
2079,Onion & Aloo Mix Parantha,Sides,Veg,150.0,sides,sides
2080,Tandoori Mooli Parantha,Sides,Veg,150.0,sides,sides
2081,Mirchi Parantha,Sides,Veg,150.0,sides,sides
2082,Paneer Parantha,Curry,Veg,150.0,curry,curry
2083,Chicken Keema Parantha,Sides,Non-Veg,150.0,sides,sides
2084,Indo Italin Parantha,Sides,Veg,150.0,sides,sides
2085,Mutton Keema Parantha,Sides,Non-Veg,150.0,sides,sides
2086,Patiyala Basket (11 Varieties),Sides,Veg,150.0,sides,sides
2087,Mini Basket (5 Varieties),Sides,Veg,150.0,sides,sides
2088,Mayo Extra,Sides,Veg,150.0,sides,sides
2089,Veg Kofta Biryani,Biryani,Veg,150.0,biryani,biryani
2090,Paneer 65 Biryani,Biryani,Veg,150.0,biryani,biryani
2091,Butter Chicken Biryani,Biryani,Non-Veg,150.0,biryani,biryani
2092,Mutton Kofta Biryani,Biryani,Non-Veg,150.0,biryani,biryani
2093,Prawn Biryani,Biryani,Non-Veg,150.0,biryani,biryani
2094,Special Vegetable Biryani,Biryani,Veg,150.0,biryani,biryani
2095,Special Chicken Dum Biryani,Biryani,Non-Veg,150.0,biryani,biryani
2096,Special Egg Biryani,Biryani,Egg,150.0,biryani,biryani
2097,Special Prawn Dum Biryani,Biryani,Non-Veg,150.0,biryani,biryani
2098,Special Mutton Dum Biryani,Biryani,Non-Veg,150.0,biryani,biryani
2099,Buffet,Sides,Veg,150.0,sides,sides
2100,Buffet Weekdays Veg,Sides,Veg,150.0,sides,sides
2101,Buffet Weekend Nonveg,Sides,Veg,150.0,sides,sides
2102,Buffet Weekend Veg,Sides,Veg,150.0,sides,sides
2103,Kashmiri Pulao,Rice,Veg,150.0,rice,rice
2104,Plain Rice,Biryani,Veg,150.0,biryani,biryani
2105,Green Peas Pulao,Rice,Veg,150.0,rice,rice
2106,Egg Pulao,Rice,Egg,150.0,rice,rice
2107,Bx Special Rice,Biryani,Veg,150.0,biryani,biryani
2108,Chicken Pulao,Rice,Non-Veg,150.0,rice,rice
2109,Dal Khichidi,Curry,Veg,150.0,curry,curry
2110,Kid Buffet,Sides,Veg,150.0,sides,sides
2111,Non Veg Thail,Sides,Non-Veg,150.0,sides,sides
2112,Pav Extra,Sides,Veg,150.0,sides,sides
2113,Plain Biryani,Biryani,Veg,150.0,biryani,biryani
2114,Veg Thali,Sides,Veg,150.0,sides,sides
2115,Prawn Nanking Fried Noodles,Chinese,Non-Veg,150.0,chinese,chinese
2116,Veg Burnt Garlic Fried Noodles,Chinese,Veg,150.0,chinese,chinese
2117,Mixed Nanking Fried Noodles,Chinese,Non-Veg,150.0,chinese,chinese
2118,Chicken Burnt Garlic Fried Noodles,Chinese,Non-Veg,150.0,chinese,chinese
2119,Egg Burnt Garlic Fried Noodles,Chinese,Egg,150.0,chinese,chinese
2120,Mixed Burnt Garlic Fried Noodles,Chinese,Non-Veg,150.0,chinese,chinese
2121,Prawn Burnt Garlic Fried Noodles,Chinese,Non-Veg,150.0,chinese,chinese
2122,Egg Thai Fried Noodles,Chinese,Egg,150.0,chinese,chinese
2123,Veg Thai Fried Noodles,Chinese,Veg,150.0,chinese,chinese
2124,Prawn Thai Fried Noodles,Chinese,Non-Veg,150.0,chinese,chinese
2125,Chicken Thai Fried Noodles,Chinese,Non-Veg,150.0,chinese,chinese
2126,Mixed Thai Fried Noodles,Chinese,Non-Veg,150.0,chinese,chinese
2127,Prawn Singapore Noodles,Chinese,Non-Veg,150.0,chinese,chinese
2128,Chicken & Shiitake,Chinese,Non-Veg,150.0,chinese,chinese
2129,Mixed Singapore Noodles,Chinese,Non-Veg,150.0,chinese,chinese
2130,Xo Prawn Fried Noodles,Chinese,Non-Veg,150.0,chinese,chinese
2131,Egg Nanking Fried Rice,Chinese,Egg,150.0,chinese,chinese
2132,Prawn Nanking Fried Rice,Chinese,Non-Veg,150.0,chinese,chinese
2133,Chicken Nanking Fried Rice,Chinese,Non-Veg,150.0,chinese,chinese
2134,Veg Burnt Garlic Fried Rice,Chinese,Veg,150.0,chinese,chinese
2135,Mixed Nanking Fried Rice,Chinese,Non-Veg,150.0,chinese,chinese
2136,Chicken Burnt Garlic Fried Rice,Chinese,Non-Veg,150.0,chinese,chinese
2137,Egg Burnt Garlic Fried Rice,Chinese,Egg,150.0,chinese,chinese
2138,Mixed Burnt Garlic Fried Rice,Chinese,Non-Veg,150.0,chinese,chinese
2139,Prawn Burnt Garlic Fried Rice,Chinese,Non-Veg,150.0,chinese,chinese
2140,Veg Thai Fried Rice,Chinese,Veg,150.0,chinese,chinese
2141,Chicken Thai Fried Rice,Chinese,Non-Veg,150.0,chinese,chinese
2142,Egg Thai Fried Rice,Chinese,Egg,150.0,chinese,chinese
2143,Mixed Thai Fried Rice,Chinese,Non-Veg,150.0,chinese,chinese
2144,Prawn Thai Fried Rice,Chinese,Non-Veg,150.0,chinese,chinese
2145,Steam Rice,Biryani,Veg,150.0,biryani,biryani
2146,Xo Prawn Fried Rice,Chinese,Non-Veg,150.0,chinese,chinese
2147,Egg Fried Noodles,Chinese,Egg,150.0,chinese,chinese
2148,Veg Fried Noodles,Chinese,Veg,150.0,chinese,chinese
2149,Prawn Fried Noodles,Chinese,Non-Veg,150.0,chinese,chinese
2150,Chicken Fried Noodles,Chinese,Non-Veg,150.0,chinese,chinese
2151,Mixed Fried Noodles,Chinese,Non-Veg,150.0,chinese,chinese
2152,Egg Schezwan Fried Noodles,Chinese,Egg,150.0,chinese,chinese
2153,Veg Schezwan Fried Noodles,Chinese,Veg,150.0,chinese,chinese
2154,Prawn Schezwan Fried Noodles,Chinese,Non-Veg,150.0,chinese,chinese
2155,Chicken Schezwan Fried Noodles,Chinese,Non-Veg,150.0,chinese,chinese
2156,Veg Nanking Fried Noodles,Chinese,Veg,150.0,chinese,chinese
2157,Mixed Schezwan Fried Noodles,Chinese,Non-Veg,150.0,chinese,chinese
2158,Chicken Nanking Fried Noodles,Chinese,Non-Veg,150.0,chinese,chinese
2159,Egg Nanking Fried Noodles,Chinese,Egg,150.0,chinese,chinese
2160,Veg Nanking Fried Rice,Chinese,Veg,150.0,chinese,chinese
2161,Cucumber Salad,Sides,Veg,150.0,sides,sides
2162,1000 Island Salad,Sides,Veg,150.0,sides,sides
2163,Kachumber Salad,Sides,Veg,150.0,sides,sides
2164,Russian Fruit Salad,Sides,Veg,150.0,sides,sides
2165,Russian Veg Salad,Sides,Veg,150.0,sides,sides
2166,Hot Salad,Sides,Veg,150.0,sides,sides
2167,Fruit Salad,Sides,Veg,150.0,sides,sides
2168,Tandoori Chicken Salad,Sides,Non-Veg,150.0,sides,sides
2169,Kimchi Salad,Sides,Veg,150.0,sides,sides
2170,Finger Salad,Sides,Non-Veg,150.0,sides,sides
2171,Chicken Pineapple Salad,Sides,Non-Veg,150.0,sides,sides
2172,Mustard Salad,Sides,Veg,150.0,sides,sides
2173,Chinese Salad,Sides,Veg,150.0,sides,sides
2174,Healthy Wealthy Salad,Sides,Veg,150.0,sides,sides
2175,Chicken Cheese Salad,Sides,Non-Veg,150.0,sides,sides
2176,Mix Veg Raita,Sides,Veg,150.0,sides,sides
2177,Boondi Raita,Sides,Veg,150.0,sides,sides
2178,Cucumber Raita,Sides,Veg,150.0,sides,sides
2179,Pineapple Raita,Sides,Veg,150.0,sides,sides
2180,Special Lassi,Beverage,Veg,150.0,beverage,beverage
2181,Flavoured Lassi,Beverage,Veg,150.0,beverage,beverage
2182,Kake Di Lassi,Beverage,Veg,150.0,beverage,beverage
2183,Dil Bahar Lassi,Beverage,Veg,150.0,beverage,beverage
2184,Punjabi Masala Beer (pint),Curry,Veg,150.0,curry,curry
2185,Punjabi Beer (pint),Sides,Veg,150.0,sides,sides
2186,Chicken Pasta,Sides,Non-Veg,150.0,sides,sides
2187,Patiyala Lassi,Beverage,Veg,150.0,beverage,beverage
2188,Strawberry Lassi,Beverage,Veg,150.0,beverage,beverage
2189,Sweet Lassi Crate,Beverage,Veg,150.0,beverage,beverage
2190,Pista Lassi,Beverage,Veg,150.0,beverage,beverage
2191,Black Currant Lassi,Beverage,Veg,150.0,beverage,beverage
2192,Kake Di Lassi Crate,Beverage,Veg,150.0,beverage,beverage
2193,Special Lassi Crate,Beverage,Veg,150.0,beverage,beverage
2194,Shawarma Chicken Special,Sides,Non-Veg,150.0,sides,sides
2195,Shawarma  Chicken Regular,Sides,Non-Veg,150.0,sides,sides
2196,Indo Italian Chicken Shawarma,Sides,Non-Veg,150.0,sides,sides
2197,Mexicano Chicken Shawarma,Sides,Non-Veg,150.0,sides,sides
2198,Mint O Special Chicken Shawarma,Sides,Non-Veg,150.0,sides,sides
2199,Afghani Chicken Shawarma,Sides,Non-Veg,150.0,sides,sides
2200,Punjabi Chicken Shawarma,Sides,Non-Veg,150.0,sides,sides
2201,Irani Chicken Shawarma,Sides,Non-Veg,150.0,sides,sides
2202,Mixology Shawarma,Sides,Veg,150.0,sides,sides
2203,Pepper Bbq,Sides,Non-Veg,150.0,sides,sides
2204,Bbq Chicken,Sides,Non-Veg,150.0,sides,sides
2205,Iranian Bbq,Sides,Non-Veg,150.0,sides,sides
2206,Smoked Bbq,Sides,Non-Veg,150.0,sides,sides
2207,Al Faham Dejaj,Sides,Non-Veg,150.0,sides,sides
2208,Afghani Bbq,Sides,Non-Veg,150.0,sides,sides
2209,Riyesh Bbq Ribs (6pcs),Sides,Non-Veg,150.0,sides,sides
2210,Laham Nashif (6pcs),Sides,Non-Veg,150.0,sides,sides
2211,Persian Mutton Seekh Kebab,Starter,Non-Veg,150.0,starter,starter
2212,Laham Meshwi,Sides,Non-Veg,150.0,sides,sides
2213,Coffee,Sides,Veg,150.0,sides,sides
2214,Bbq Pomfret,Sides,Non-Veg,150.0,sides,sides
2215,Red Snapper,Sides,Non-Veg,150.0,sides,sides
2216,Grilled Prawns (8pcs),Sides,Non-Veg,150.0,sides,sides
2217,Rubiyan Meshwi (8pcs),Sides,Non-Veg,150.0,sides,sides
2218,Samak Meshwi,Sides,Non-Veg,150.0,sides,sides
2219,Bbq Fish,Sides,Non-Veg,150.0,sides,sides
2220,Grilled King Fish,Sides,Non-Veg,150.0,sides,sides
2221,Combo,Sides,Veg,150.0,sides,sides
2222,Decoration,Sides,Veg,150.0,sides,sides
2223,Cream Of Mushroom Soup,Chinese,Veg,150.0,chinese,chinese
2224,Cream Of Tomato Soup,Chinese,Veg,150.0,chinese,chinese
2225,Hot & Sour Soup,Chinese,Veg,150.0,chinese,chinese
2226,Lime Coriander Soup,Chinese,Veg,150.0,chinese,chinese
2227,Wonton Veg Soup,Chinese,Veg,150.0,chinese,chinese
2228,Manchow Soup,Chinese,Veg,150.0,chinese,chinese
2229,Garlic Veg Soup,Chinese,Veg,150.0,chinese,chinese
2230,Sweet Corn Veg Soup,Chinese,Veg,150.0,chinese,chinese
2231,Noodles Veg Soup,Chinese,Veg,150.0,chinese,chinese
2232,Hunan Veg Soup,Chinese,Veg,150.0,chinese,chinese
2233,Hot & Sour Chicken Soup,Chinese,Non-Veg,150.0,chinese,chinese
2234,Wonton Chicken Soup,Chinese,Non-Veg,150.0,chinese,chinese
2235,Lung Fung Chicken Soup,Chinese,Non-Veg,150.0,chinese,chinese
2236,Hunan Chicken Soup,Chinese,Non-Veg,150.0,chinese,chinese
2237,Lime Coriander Chicken Soup,Chinese,Non-Veg,150.0,chinese,chinese
2238,Garlic Chicken Soup,Chinese,Non-Veg,150.0,chinese,chinese
2239,Sweet Corn Chicken Soup,Chinese,Non-Veg,150.0,chinese,chinese
2240,Noodles Chicken Soup,Chinese,Non-Veg,150.0,chinese,chinese
2241,Cream Of Chicken,Chinese,Non-Veg,150.0,chinese,chinese
2242,Mutton Shorba,Sides,Non-Veg,150.0,sides,sides
2243,Bagani Subziwala Shorba,Sides,Non-Veg,150.0,sides,sides
2244,Chicken Shorba,Sides,Non-Veg,150.0,sides,sides
2245,Tomato Shorba,Sides,Non-Veg,150.0,sides,sides
2246,Hariyali Aloo Tikka,Starter,Veg,150.0,starter,starter
2247,Peri Peri Paneer Tikka,Curry,Veg,150.0,curry,curry
2248,Tandoori Aloo Hariyali,Sides,Veg,150.0,sides,sides
2249,Multani Paneer Tikka,Curry,Veg,150.0,curry,curry
2250,Basil Potato Paneer Tikka,Curry,Veg,150.0,curry,curry
2251,Papdi Cheese Paneer Tikka,Curry,Veg,150.0,curry,curry
2252,Angara Paneer Tikka,Curry,Veg,150.0,curry,curry
2253,Assorted Paneer Tikka,Curry,Veg,150.0,curry,curry
2254,Kabuli Paneer Tikka,Curry,Veg,150.0,curry,curry
2255,Corn Malai Kebab,Starter,Veg,150.0,starter,starter
2256,Tandoori Aloo (nazakat),Sides,Veg,150.0,sides,sides
2257,Bhutte Mutter Ki Seekh Kebab,Starter,Veg,150.0,starter,starter
2258,Veg Galoti Kebab,Starter,Veg,150.0,starter,starter
2259,Veg Galafi Seekh,Sides,Veg,150.0,sides,sides
2260,Pahari Seekh Kebab,Starter,Veg,150.0,starter,starter
2261,Shahi Seekh Kebab,Starter,Veg,150.0,starter,starter
2262,Corn Seekh Kebab,Starter,Veg,150.0,starter,starter
2263,Dahi Kebab,Starter,Veg,150.0,starter,starter
2264,Hara Bhara Kebab,Starter,Veg,150.0,starter,starter
2265,Veg Seekh Kebab,Starter,Veg,150.0,starter,starter
2266,Achari Veg Seekh Kebab,Starter,Veg,150.0,starter,starter
2267,Aloo Chutneywala,Sides,Veg,150.0,sides,sides
2268,Cocktail Kebab,Starter,Veg,150.0,starter,starter
2269,Tandoori Phool,Sides,Veg,150.0,sides,sides
2270,Mustard Potato,Sides,Veg,150.0,sides,sides
2271,Achari Mushroom,Sides,Veg,150.0,sides,sides
2272,Bharwan Mushroom,Sides,Veg,150.0,sides,sides
2273,Tandoori Pineapple,Sides,Veg,150.0,sides,sides
2274,Tandoori Shashlik,Sides,Veg,150.0,sides,sides
2275,Tandoori Broccoli,Sides,Veg,150.0,sides,sides
2276,Soya Chaap,Sides,Veg,150.0,sides,sides
2277,Malai Broccoli,Sides,Veg,150.0,sides,sides
2278,Hariyali Soya Chaap,Sides,Veg,150.0,sides,sides
2279,Malai Soya Chaap,Sides,Veg,150.0,sides,sides
2280,Achari Soya Chaap,Sides,Veg,150.0,sides,sides
2281,Tandoori Khazana Veg,Sides,Veg,150.0,sides,sides
2282,Achari Paneer Tikka,Curry,Veg,150.0,curry,curry
2283,Badami Paneer Tikka,Curry,Veg,150.0,curry,curry
2284,Tiranga Paneer Tikka,Curry,Veg,150.0,curry,curry
2285,Hariyali Paneer Tikka,Curry,Veg,150.0,curry,curry
2286,Royal Mix Paneer Tikka,Curry,Veg,150.0,curry,curry
2287,Cheese Paneer Tikka,Curry,Veg,150.0,curry,curry
2288,Parsi Bharwan Paneer Tikka,Curry,Veg,150.0,curry,curry
2289,Mustard Paneer Tikka,Curry,Veg,150.0,curry,curry
2290,Kasturi Paneer Tikka,Curry,Veg,150.0,curry,curry
2291,Afghani Mushroom Tikka,Starter,Veg,150.0,starter,starter
2292,Hadappa Paneer Tikka,Curry,Veg,150.0,curry,curry
2293,Irani Paneer Tikka,Curry,Veg,150.0,curry,curry
2294,Nawabi Mint Paneer Tikka,Curry,Veg,150.0,curry,curry
2295,Bharwan Aloo,Sides,Veg,150.0,sides,sides
2296,Non-veg Platter,Sides,Non-Veg,150.0,sides,sides
2297,Hariyali Chicken,Sides,Non-Veg,150.0,sides,sides
2298,Chicken Bharra,Sides,Non-Veg,150.0,sides,sides
2299,Mutton Chapli Kebab,Starter,Non-Veg,150.0,starter,starter
2300,Mutton Boti Kebab,Starter,Non-Veg,150.0,starter,starter
2301,Mutton And Cheese Seekh Kebab,Starter,Non-Veg,150.0,starter,starter
2302,Mutton Bharra,Sides,Non-Veg,150.0,sides,sides
2303,Mutton Chaap,Sides,Non-Veg,150.0,sides,sides
2304,Dahi Mutton Seekh,Sides,Non-Veg,150.0,sides,sides
2305,Mutton Gulafi,Sides,Non-Veg,150.0,sides,sides
2306,Angara Tiger Prawns,Sides,Non-Veg,150.0,sides,sides
2307,Lucknowi Mutton Galouti,Sides,Non-Veg,150.0,sides,sides
2308,Tandoori Prawn Achari,Sides,Non-Veg,150.0,sides,sides
2309,Tandoori Basil Prawns,Sides,Non-Veg,150.0,sides,sides
2310,Fish Hot & Sour,Sides,Non-Veg,150.0,sides,sides
2311,Tandoori Prawn Hariyali,Sides,Non-Veg,150.0,sides,sides
2312,Achari Fish Tikka,Starter,Non-Veg,150.0,starter,starter
2313,Basil Fish Tikka,Starter,Non-Veg,150.0,starter,starter
2314,Amritsari Fish,Sides,Non-Veg,150.0,sides,sides
2315,Sea Food Platter,Sides,Non-Veg,150.0,sides,sides
2316,Bhatti Da Murgh,Sides,Non-Veg,150.0,sides,sides
2317,Chicken Pathani,Sides,Non-Veg,150.0,sides,sides
2318,Achari Murgh,Sides,Non-Veg,150.0,sides,sides
2319,Lemon Chicken Tikka,Starter,Non-Veg,150.0,starter,starter
2320,Adraki Tangdi,Sides,Non-Veg,150.0,sides,sides
2321,Chicken Tikka Tandoor,Starter,Non-Veg,150.0,starter,starter
2322,Cocktail Chicken Tikka (7pcs),Starter,Non-Veg,150.0,starter,starter
2323,Tiranga Akha Murgh,Sides,Non-Veg,150.0,sides,sides
2324,Malai Chicken Tikka,Starter,Non-Veg,150.0,starter,starter
2325,Chicken Banjara Kebab,Starter,Non-Veg,150.0,starter,starter
2326,Chicken Rojali Kebab,Starter,Non-Veg,150.0,starter,starter
2327,Bx Special Kebab,Starter,Non-Veg,150.0,starter,starter
2328,Chicken Pahari Kebab,Starter,Non-Veg,150.0,starter,starter
2329,Stuffed Tangdi Kebab,Starter,Non-Veg,150.0,starter,starter
2330,Tangdi Kebab,Starter,Non-Veg,150.0,starter,starter
2331,Noorani Kebab,Starter,Non-Veg,150.0,starter,starter
2332,Achari Chicken Tikka,Starter,Non-Veg,150.0,starter,starter
2333,Kali Mirch Kebab,Starter,Non-Veg,150.0,starter,starter
2334,Lahori Chicken Tikka,Starter,Non-Veg,150.0,starter,starter
2335,Tiranga Chicken Tikka,Starter,Non-Veg,150.0,starter,starter
2336,Hariyali Chicken Tikka,Starter,Non-Veg,150.0,starter,starter
2337,Sigri Da Murgh Tikka,Starter,Non-Veg,150.0,starter,starter
2338,Murgh Angara Tikka Tandoor,Starter,Non-Veg,150.0,starter,starter
2339,Chicken Chaap,Sides,Non-Veg,150.0,sides,sides
2340,Chicken Malai Cheese Chilli,Sides,Non-Veg,150.0,sides,sides
2341,Nawabi Mint Chicken Tikka,Starter,Non-Veg,150.0,starter,starter
2342,Buransi Chicken Tikka,Starter,Non-Veg,150.0,starter,starter
2343,Murgh Angara Tikka,Starter,Non-Veg,150.0,starter,starter
2344,Peri Peri Chicken Tikka,Starter,Non-Veg,150.0,starter,starter
2345,Chicken Seekh Kebab,Starter,Non-Veg,150.0,starter,starter
2346,Murgh Musallam Tandoor,Sides,Non-Veg,150.0,sides,sides
2347,Peshawari Chicken Tikka,Starter,Non-Veg,150.0,starter,starter
2348,Kamli Kebab (4pcs),Starter,Non-Veg,150.0,starter,starter
2349,Mutton Makhmali Kebab,Starter,Non-Veg,150.0,starter,starter
2350,Bbq Prawns,Sides,Non-Veg,150.0,sides,sides
2351,Red Snaperr,Sides,Veg,150.0,sides,sides
2352,Babycorn Pakoda,Starter,Veg,150.0,starter,starter
2353,Aloo 65,Starter,Veg,150.0,starter,starter
2354,Aloo Onion Mix,Starter,Veg,150.0,starter,starter
2355,Veg Paneer Pakoda,Curry,Veg,150.0,curry,curry
2356,Onion Pudina Pakoda,Starter,Veg,150.0,starter,starter
2357,Baingan Ka Bharta,Starter,Veg,150.0,starter,starter
2358,Dahi K Sholay,Starter,Veg,150.0,starter,starter
2359,Punjabi Hut Kadhi,Starter,Veg,150.0,starter,starter
2360,Egg Pakora,Starter,Egg,150.0,starter,starter
2361,Fish Pakora,Starter,Non-Veg,150.0,starter,starter
2362,Masala Omllet,Curry,Veg,150.0,curry,curry
2363,Cheese Corn Balls,Starter,Veg,150.0,starter,starter
2364,Veg Manchurian Dry,Starter,Veg,150.0,starter,starter
2365,Baby Corn Delight,Starter,Veg,150.0,starter,starter
2366,Schezwan Paneer Dry,Curry,Veg,150.0,curry,curry
2367,Paneer Manchurian Dry,Curry,Veg,150.0,curry,curry
2368,Paneer Pakoda,Curry,Veg,150.0,curry,curry
2369,American Chopsuey Veg,Starter,Veg,150.0,starter,starter
2370,Dragon Cauliflower,Starter,Veg,150.0,starter,starter
2371,Buttered Cauliflower,Starter,Veg,150.0,starter,starter
2372,Steamed Vegetables,Starter,Veg,150.0,starter,starter
2373,Cheese Corn Roll,Starter,Veg,150.0,starter,starter
2374,Palak Cheese Roll,Starter,Veg,150.0,starter,starter
2375,Veg Dragon Roll,Starter,Veg,150.0,starter,starter
2376,Fried Wonton,Starter,Veg,150.0,starter,starter
2377,Chilli Crispy Potatoes,Starter,Veg,150.0,starter,starter
2378,Spring Roll,Starter,Veg,150.0,starter,starter
2379,Dragon Potatoes,Starter,Veg,150.0,starter,starter
2380,Crispy Chilli Baby Corn,Starter,Veg,150.0,starter,starter
2381,Chilli Mushroom,Starter,Veg,150.0,starter,starter
2382,Mushroom Salt & Pepper,Starter,Veg,150.0,starter,starter
2383,Dragon Paneer,Curry,Veg,150.0,curry,curry
2384,Spicy Fried Paneer,Curry,Veg,150.0,curry,curry
2385,Thai Chilli Cauliflower,Starter,Veg,150.0,starter,starter
2386,Thai Chilli Paneer,Curry,Veg,150.0,curry,curry
2387,Bhindi Fry,Starter,Veg,150.0,starter,starter
2388,Crispy American Corn,Starter,Veg,150.0,starter,starter
2389,Chilli Egg,Starter,Egg,150.0,starter,starter
2390,Chicken Fried Wonton,Starter,Non-Veg,150.0,starter,starter
2391,Egg Manchurian,Starter,Egg,150.0,starter,starter
2392,Lollipop Chicken,Starter,Non-Veg,150.0,starter,starter
2393,Spicy Fried Chicken,Starter,Non-Veg,150.0,starter,starter
2394,Spicy Fried Lollipop,Starter,Non-Veg,150.0,starter,starter
2395,Chilli Garlic Chicken,Starter,Non-Veg,150.0,starter,starter
2396,Crispy Chicken Winglet,Starter,Non-Veg,150.0,starter,starter
2397,Pan Fried Chicken,Starter,Non-Veg,150.0,starter,starter
2398,Chinese Chicken Satay,Starter,Non-Veg,150.0,starter,starter
2399,Cantonese Fried Chicken,Starter,Non-Veg,150.0,starter,starter
2400,Chinese Schezwan Chicken,Starter,Non-Veg,150.0,starter,starter
2401,Bx Special Chicken,Starter,Non-Veg,150.0,starter,starter
2402,Chicken And Cheese Roll,Starter,Non-Veg,150.0,starter,starter
2403,Crispy Chicken Seekh,Starter,Non-Veg,150.0,starter,starter
2404,Chicken Leg Hot Pepper,Starter,Non-Veg,150.0,starter,starter
2405,Chicken Shangai Roll,Starter,Non-Veg,150.0,starter,starter
2406,Bx Fried Chicken,Starter,Non-Veg,150.0,starter,starter
2407,Crispy Lamb Dry,Starter,Non-Veg,150.0,starter,starter
2408,Chilli Lamb Dry,Starter,Non-Veg,150.0,starter,starter
2409,American Chicken Chopsuey,Starter,Non-Veg,150.0,starter,starter
2410,Chinese Chilli Chicken Dry,Starter,Non-Veg,150.0,starter,starter
2411,Chinese Kung Pao Chicken,Starter,Non-Veg,150.0,starter,starter
2412,Dragon Prawns,Starter,Non-Veg,150.0,starter,starter
2413,Wasabi Prawns,Starter,Non-Veg,150.0,starter,starter
2414,Buttered Prawns,Starter,Non-Veg,150.0,starter,starter
2415,Spicy Fried Prawns,Starter,Non-Veg,150.0,starter,starter
2416,Prawns Salt & Pepper,Starter,Non-Veg,150.0,starter,starter
2417,Thai Chilli Prawns,Starter,Non-Veg,150.0,starter,starter
2418,Fish Finger,Starter,Non-Veg,150.0,starter,starter
2419,Prawns Satay,Starter,Non-Veg,150.0,starter,starter
2420,Thai Chilli Fish,Starter,Non-Veg,150.0,starter,starter
2421,Fish Finger Black Pepper,Starter,Non-Veg,150.0,starter,starter
2422,Pan Fried Fish,Starter,Non-Veg,150.0,starter,starter
2423,Fish Satay,Starter,Non-Veg,150.0,starter,starter
2424,Fish Salt & Pepper Dry,Starter,Non-Veg,150.0,starter,starter
2425,Tandoori Paneer Tikka,Curry,Veg,150.0,curry,curry
2426,Veg Sattelite,Sides,Veg,150.0,sides,sides
2427,Veg Dragon Xpress,Sides,Veg,150.0,sides,sides
2428,Oriental Xpress,Sides,Veg,150.0,sides,sides
2429,Paneer Satay,Curry,Veg,150.0,curry,curry
2430,Dragon Xpress,Sides,Non-Veg,150.0,sides,sides
2431,Chicken Satay,Sides,Non-Veg,150.0,sides,sides
2432,Chinese Sizzler,Sides,Non-Veg,150.0,sides,sides
2433,Chicken Tikka Sizzler,Starter,Non-Veg,150.0,starter,starter
2434,Veg Kolhapuri,Sides,Veg,150.0,sides,sides
2435,Sarso Ka Saag,Sides,Veg,150.0,sides,sides
2436,Kaju Curry Masala,Curry,Veg,150.0,curry,curry
2437,Adraki Aloo Jeera,Sides,Veg,150.0,sides,sides
2438,Dal Makhani,Curry,Veg,150.0,curry,curry
2439,Special Dal Tadka,Curry,Veg,150.0,curry,curry
2440,Paneer Khurchan,Curry,Veg,150.0,curry,curry
2441,Signature Paneer,Curry,Veg,150.0,curry,curry
2442,Paneer E Lazeez,Curry,Veg,150.0,curry,curry
2443,Paneer Khaleji,Curry,Veg,150.0,curry,curry
2444,Paneer Angara Gravy,Curry,Veg,150.0,curry,curry
2445,Kaju Paneer,Curry,Veg,150.0,curry,curry
2446,Mutter Paneer,Curry,Veg,150.0,curry,curry
2447,Shahi Paneer,Curry,Veg,150.0,curry,curry
2448,Paneer Lababdar,Curry,Veg,150.0,curry,curry
2449,Amritsari Paneer,Curry,Veg,150.0,curry,curry
2450,Punjabi Paneer Masala,Curry,Veg,150.0,curry,curry
2451,Matka Paneer,Curry,Veg,150.0,curry,curry
2452,Kumbh Makai Paneer,Curry,Veg,150.0,curry,curry
2453,Delhi Wale Chole,Sides,Veg,150.0,sides,sides
2454,Chole Paneer,Curry,Veg,150.0,curry,curry
2455,Corn & Capsicum Masala,Curry,Veg,150.0,curry,curry
2456,Bhindi Masala,Curry,Veg,150.0,curry,curry
2457,Subzi Mili Juli,Sides,Veg,150.0,sides,sides
2458,Gobi Mutter,Sides,Veg,150.0,sides,sides
2459,Kadhai Mushroom,Sides,Veg,150.0,sides,sides
2460,Paneer Lehsuni,Curry,Veg,150.0,curry,curry
2461,Paneer Handi,Curry,Veg,150.0,curry,curry
2462,Paneer Banjara Rocks,Curry,Veg,150.0,curry,curry
2463,Paneer Takatak,Curry,Veg,150.0,curry,curry
2464,Paneer Mumtaz,Curry,Veg,150.0,curry,curry
2465,Thai Veg Curry,Curry,Veg,150.0,curry,curry
2466,Veg Jaipuri,Sides,Veg,150.0,sides,sides
2467,Bhindi Do Pyaza,Sides,Veg,150.0,sides,sides
2468,Rajma Masala,Curry,Veg,150.0,curry,curry
2469,Veg Banjara,Sides,Veg,150.0,sides,sides
2470,Mushroom Do Pyaza,Sides,Veg,150.0,sides,sides
2471,Mix Veg,Sides,Veg,150.0,sides,sides
2472,Aloo Takatak,Sides,Veg,150.0,sides,sides
2473,Veg Patiala,Sides,Veg,150.0,sides,sides
2474,Pindi Chana,Sides,Veg,150.0,sides,sides
2475,Mushroom Mutter,Sides,Veg,150.0,sides,sides
2476,Paneer Patiala,Curry,Veg,150.0,curry,curry
2477,Paneer Dilbahar,Curry,Veg,150.0,curry,curry
2478,Malai Methi Paneer,Curry,Veg,150.0,curry,curry
2479,Paneer Makhani,Curry,Veg,150.0,curry,curry
2480,Kadhai Paneer,Curry,Veg,150.0,curry,curry
2481,Hyderabad Paneer,Curry,Veg,150.0,curry,curry
2482,Mushroom Paneer,Curry,Veg,150.0,curry,curry
2483,Paneer Bhurji,Curry,Veg,150.0,curry,curry
2484,Chilli Cauliflower,Sides,Veg,150.0,sides,sides
2485,Cauliflower Manchurian,Chinese,Veg,150.0,chinese,chinese
2486,Beijing Vegetables,Sides,Veg,150.0,sides,sides
2487,Stir Fried Vegetables,Sides,Veg,150.0,sides,sides
2488,Vegetables Balls Manchurian,Chinese,Veg,150.0,chinese,chinese
2489,Mixed Vegetables,Sides,Veg,150.0,sides,sides
2490,Babay Corn,Sides,Veg,150.0,sides,sides
2491,Chilli Paneer,Curry,Veg,150.0,curry,curry
2492,Thai Red Curry Vegetable,Curry,Veg,150.0,curry,curry
2493,Dhabba Style Paneer,Curry,Veg,150.0,curry,curry
2494,Exotic Tawa Veg,Sides,Veg,150.0,sides,sides
2495,Mushroom Mur Mur,Sides,Veg,150.0,sides,sides
2496,Pind Spl. Rice,Biryani,Veg,150.0,biryani,biryani
2497,Murgh Lababdar,Sides,Non-Veg,150.0,sides,sides
2498,Chicken Changezi,Sides,Non-Veg,150.0,sides,sides
2499,Punjabi Murgh Masala,Curry,Non-Veg,150.0,curry,curry
2500,Dhaba Style Chicken,Sides,Non-Veg,150.0,sides,sides
2501,Malai Methi Murgh,Sides,Non-Veg,150.0,sides,sides
2502,Hyderabadi Chicken,Sides,Non-Veg,150.0,sides,sides
2503,Chicken Dil Ruba,Sides,Non-Veg,150.0,sides,sides
2504,Murgh Korma,Sides,Non-Veg,150.0,sides,sides
2505,Tawa Chicken Chef Special,Sides,Non-Veg,150.0,sides,sides
2506,Chicken Saag Wala,Sides,Non-Veg,150.0,sides,sides
2507,Bheja Anda Masala,Curry,Non-Veg,150.0,curry,curry
2508,Bheja Fry,Starter,Non-Veg,150.0,starter,starter
2509,Cream Chicken,Sides,Non-Veg,150.0,sides,sides
2510,Dil Khush Murgh,Sides,Non-Veg,150.0,sides,sides
2511,Creamy Kebashish Chicken,Sides,Non-Veg,150.0,sides,sides
2512,Nargesi Kofta (mutton),Sides,Non-Veg,150.0,sides,sides
2513,Nargesi Kofta (chicken),Sides,Non-Veg,150.0,sides,sides
2514,Chicken Bemmisal Curry,Curry,Non-Veg,150.0,curry,curry
2515,Chicken Kofta Curry,Curry,Non-Veg,150.0,curry,curry
2516,Chicken Banjara,Sides,Non-Veg,150.0,sides,sides
2517,Chicken Nawabi,Sides,Non-Veg,150.0,sides,sides
2518,Mutton Kofta Curry,Curry,Non-Veg,150.0,curry,curry
2519,Keema Kaleji Mutton,Sides,Non-Veg,150.0,sides,sides
2520,Mutton Saag Wala,Sides,Non-Veg,150.0,sides,sides
2521,Mutton Keema Masala,Curry,Non-Veg,150.0,curry,curry
2522,Mutton Korma,Sides,Non-Veg,150.0,sides,sides
2523,Punjabi Mutton Masala,Curry,Non-Veg,150.0,curry,curry
2524,Kadhai Mutton,Sides,Non-Veg,150.0,sides,sides
2525,Kashmiri Lal Ghosh,Sides,Non-Veg,150.0,sides,sides
2526,Mutton Lahori,Sides,Non-Veg,150.0,sides,sides
2527,Murgh Musallam,Sides,Non-Veg,150.0,sides,sides
2528,Mutton Handi,Sides,Non-Veg,150.0,sides,sides
2529,Mutton Jwalaji,Sides,Non-Veg,150.0,sides,sides
2530,Meat Tariwala,Sides,Non-Veg,150.0,sides,sides
2531,Bx Special Mutton,Sides,Non-Veg,150.0,sides,sides
2532,Prawn Curry,Curry,Non-Veg,150.0,curry,curry
2533,Kabuli Ghosh,Sides,Non-Veg,150.0,sides,sides
2534,Prawn Masala,Curry,Non-Veg,150.0,curry,curry
2535,Butter Chicken,Sides,Non-Veg,150.0,sides,sides
2536,Kadhai Chicken,Sides,Non-Veg,150.0,sides,sides
2537,Royal Butter Chicken,Sides,Non-Veg,150.0,sides,sides
2538,Chicken Rara,Sides,Non-Veg,150.0,sides,sides
2539,Patiala Chicken,Sides,Non-Veg,150.0,sides,sides
2540,Chicken Achari,Sides,Non-Veg,150.0,sides,sides
2541,Handi Chicken,Sides,Non-Veg,150.0,sides,sides
2542,Chicken Bharta,Sides,Non-Veg,150.0,sides,sides
2543,Chicken Home Style,Sides,Non-Veg,150.0,sides,sides
2544,Hariyali Murgh Masala,Curry,Non-Veg,150.0,curry,curry
2545,Today Spl Indian Curry,Curry,Veg,150.0,curry,curry
2546,Singapore Chilli Prawns,Chinese,Non-Veg,150.0,chinese,chinese
2547,Prawn Manchurian,Chinese,Non-Veg,150.0,chinese,chinese
2548,Fish Manchurian,Chinese,Non-Veg,150.0,chinese,chinese
2549,Chilli Fish,Chinese,Non-Veg,150.0,chinese,chinese
2550,Steamed Fish,Chinese,Non-Veg,150.0,chinese,chinese
2551,Hong Kong Fish,Chinese,Non-Veg,150.0,chinese,chinese
2552,Thai Red Curry Fish,Curry,Non-Veg,150.0,curry,curry
2553,Thai Red Curry Prawn,Curry,Non-Veg,150.0,curry,curry
2554,Chilli Prawns,Chinese,Non-Veg,150.0,chinese,chinese
2555,Chilli Lamb Gravy,Curry,Non-Veg,150.0,curry,curry
2556,Lamb Spring Onion,Chinese,Non-Veg,150.0,chinese,chinese
2557,Crispy Lamb Green Pepper,Chinese,Non-Veg,150.0,chinese,chinese
2558,Crispy Lamb Oyester Sauce,Chinese,Non-Veg,150.0,chinese,chinese
2559,Schezwan Chicken,Chinese,Non-Veg,150.0,chinese,chinese
2560,Black Pepper Chicken,Chinese,Non-Veg,150.0,chinese,chinese
2561,Kung Pao Chicken,Chinese,Non-Veg,150.0,chinese,chinese
2562,Shanghai Special Chicken,Chinese,Non-Veg,150.0,chinese,chinese
2563,Chicken In White Sauce,Chinese,Non-Veg,150.0,chinese,chinese
2564,Hunan Chicken,Chinese,Non-Veg,150.0,chinese,chinese
2565,Thai Red Curry Chicken,Curry,Non-Veg,150.0,curry,curry
2566,Makhani Pizza (6 Inch),Sides,Veg,150.0,sides,sides
2567,Au Gratin Pizza (6 Inch),Sides,Veg,150.0,sides,sides
2568,Open Grill Sandwich,Sides,Veg,150.0,sides,sides
2569,Corn Au Gartin Pizza (6 Inch),Sides,Veg,150.0,sides,sides
2570,Aloo Tikki Burger,Sides,Veg,150.0,sides,sides
2571,Murgh Tikka Chaat,Starter,Non-Veg,150.0,starter,starter
2572,Pizza Pani Puri,Sides,Veg,150.0,sides,sides
2573,Cheese Muruku Sandwich,Sides,Veg,150.0,sides,sides
2574,Muruku Sandwich,Sides,Veg,150.0,sides,sides
2575,Samosa (1pc),Sides,Veg,150.0,sides,sides
2576,Samosa Chaat,Sides,Veg,150.0,sides,sides
2577,Chole Samosa,Sides,Veg,150.0,sides,sides
2578,Jhal Muri,Sides,Veg,150.0,sides,sides
2579,Dahi Papdi Chaat,Sides,Veg,150.0,sides,sides
2580,Papdi Chaat,Sides,Veg,150.0,sides,sides
2581,Vada Pav,South Indian,Veg,150.0,south indian,south indian
2582,Delhi Aloo Chaat,Sides,Veg,150.0,sides,sides
2583,Masala Pav,Curry,Veg,150.0,curry,curry
2584,Sandwich,Sides,Veg,150.0,sides,sides
2585,Bombay Grilled Sandwich,Sides,Veg,150.0,sides,sides
2586,Corn & Capsicum Sandwich,Sides,Veg,150.0,sides,sides
2587,Aloo Cheese Sandwich,Sides,Veg,150.0,sides,sides
2588,Nutella Banana Toast,Sides,Veg,150.0,sides,sides
2589,Butter & Jam Toast,Sides,Veg,150.0,sides,sides
2590,Veg Hot Dog,Sides,Veg,150.0,sides,sides
2591,Chilli Cheese Toast,Sides,Veg,150.0,sides,sides
2592,Nachos With Salsa,Sides,Veg,150.0,sides,sides
2593,Aloo Tikki Chaat,Sides,Veg,150.0,sides,sides
2594,Aloo Tikki (2pcs),Sides,Veg,150.0,sides,sides
2595,Chicken Cheese Pizza (6 Inch),Sides,Non-Veg,150.0,sides,sides
2596,Cheese Garlic Bread,Sides,Veg,150.0,sides,sides
2597,Paneer Pizza (6 Inch),Curry,Veg,150.0,curry,curry
2598,Veg Cheese Pizza (6 Inch),Sides,Veg,150.0,sides,sides
2599,Aloo Tikki 2pc,Sides,Veg,150.0,sides,sides
2600,Delhi Style Chole Bhudre,Sides,Veg,150.0,sides,sides
2601,Mexican Chicken Sandwich,Sides,Non-Veg,150.0,sides,sides
2602,Nonveg Pasta,Sides,Veg,150.0,sides,sides
2603,Nonveg Sandwich,Sides,Veg,150.0,sides,sides
2604,Paneer Sandwich,Curry,Veg,150.0,curry,curry
2605,Papad,Sides,Veg,150.0,sides,sides
2606,Veg Pasta,Sides,Veg,150.0,sides,sides
2607,Chicken Momo,Chinese,Non-Veg,150.0,chinese,chinese
2608,Veg Momo,Chinese,Veg,150.0,chinese,chinese
2609,Cheese Corn Momo,Chinese,Veg,150.0,chinese,chinese
2610,Paneer Momo,Curry,Veg,150.0,curry,curry
2611,Broccoli Momo,Chinese,Veg,150.0,chinese,chinese
2612,Vanilla Ice Cream,Dessert,Veg,150.0,dessert,dessert
2613,Death By Chocolate,Sides,Veg,150.0,sides,sides
2614,Ice Cream,Dessert,Veg,150.0,dessert,dessert
2615,Sizzling Brownie,Sides,Veg,150.0,sides,sides
2616,Black Forest Sundae,Sides,Veg,150.0,sides,sides
2617,Gulab Jamun With Ice Cream,Dessert,Veg,150.0,dessert,dessert
2618,Guava Ice Cream,Dessert,Veg,150.0,dessert,dessert
2619,Rabdi With Ice Cream,Dessert,Veg,150.0,dessert,dessert
2620,Rabdi,Sides,Veg,150.0,sides,sides
2621,Banana Split,Sides,Veg,150.0,sides,sides
2622,Chickoo Ice Cream,Dessert,Veg,150.0,dessert,dessert
2623,Kulfi,Sides,Veg,150.0,sides,sides
2624,Chocolate Dipped Banana,Sides,Veg,150.0,sides,sides
2625,Choco Ice Cream,Dessert,Veg,150.0,dessert,dessert
2626,Pan Ice Cream,Dessert,Veg,150.0,dessert,dessert
2627,Gajar Ka Halwa With Rabdi,Dessert,Veg,150.0,dessert,dessert
2628,Fruit Custard,Sides,Veg,150.0,sides,sides
2629,Moong Dal Ka Halwa With Rabdi,Curry,Veg,150.0,curry,curry
2630,Moong Dal Ka Halwa,Curry,Veg,150.0,curry,curry
2631,Gajar Ka Halwa,Dessert,Veg,150.0,dessert,dessert
2632,Brownie With Icecream,Sides,Veg,150.0,sides,sides
2633,Gulab Jamun,Dessert,Veg,150.0,dessert,dessert
2634,Matka Kulfi,Sides,Veg,150.0,sides,sides
2635,Tender Coconut Ice Cream02,Dessert,Veg,150.0,dessert,dessert
2636,Fresh Fruits & Exotic Fruits,Sides,Veg,150.0,sides,sides
2637,Parcel Bag,Sides,Veg,150.0,sides,sides
2638,Tea,Beverage,Veg,150.0,beverage,beverage
2639,Bx Special Milkshake,Beverage,Veg,150.0,beverage,beverage
2640,Nut Case Milkshake,Beverage,Veg,150.0,beverage,beverage
2641,Crunchy Horlicks Cornflakes Milkshake,Beverage,Veg,150.0,beverage,beverage
2642,Brownie Milkshake,Beverage,Veg,150.0,beverage,beverage
2643,Kitkat Milkshake,Beverage,Veg,150.0,beverage,beverage
2644,Milo Milkshake,Beverage,Veg,150.0,beverage,beverage
2645,Cassata Ice Cream,Dessert,Veg,150.0,dessert,dessert
2646,Sweet Pan,Sides,Veg,150.0,sides,sides
2647,Strawberry Milkshake With Ice Cream,Dessert,Veg,150.0,dessert,dessert
2648,Vanilla Milkshake With Ice Cream,Dessert,Veg,150.0,dessert,dessert
2649,Chocolate Milkshake With Ice Cream,Dessert,Veg,150.0,dessert,dessert
2650,Oreo Milkshake With Ice Cream,Dessert,Veg,150.0,dessert,dessert
2651,The Classic Mojito,Beverage,Veg,150.0,beverage,beverage
2652,Shangrila Wine,Sides,Veg,150.0,sides,sides
2653,Mojito Black Currant,Sides,Veg,150.0,sides,sides
2654,Passion Fruit Mix,Sides,Veg,150.0,sides,sides
2655,Fire And Ice,Sides,Veg,150.0,sides,sides
2656,Kiwi Pepper Pop,Sides,Veg,150.0,sides,sides
2657,Bhangra Coke,Sides,Veg,150.0,sides,sides
2658,Peachy Peach Cooler,Sides,Veg,150.0,sides,sides
2659,Jal Jeera Pani,Sides,Veg,150.0,sides,sides
2660,Bhangra Soda,Sides,Veg,150.0,sides,sides
2661,Fresh Soda,Sides,Veg,150.0,sides,sides
2662,Pan Shot,Sides,Veg,150.0,sides,sides
2663,Pina Colada,Sides,Veg,150.0,sides,sides
2664,Mocktail Of The Day,Sides,Veg,150.0,sides,sides
2665,Jingle Bell,Sides,Veg,150.0,sides,sides
2666,Blue Lagoon,Sides,Veg,150.0,sides,sides
2667,Fruit Melody,Sides,Veg,150.0,sides,sides
2668,Orange Bull,Sides,Veg,150.0,sides,sides
2669,Den Magic,Sides,Veg,150.0,sides,sides
2670,Delight Punch,Sides,Veg,150.0,sides,sides
2671,Mocktail Den,Sides,Veg,150.0,sides,sides
2672,Purple Rain,Sides,Veg,150.0,sides,sides
2673,Pink Star,Sides,Veg,150.0,sides,sides
2674,"Electrolyee Ors, Mint, Water",Sides,Veg,150.0,sides,sides
2675,Watermelon,Sides,Veg,150.0,sides,sides
2676,Black Forest Cake,Sides,Veg,150.0,sides,sides
2677,Brownie Cake,Sides,Veg,150.0,sides,sides
2678,Chocolate Truffle Cake,Sides,Veg,150.0,sides,sides
2679,H2o,Sides,Veg,150.0,sides,sides
2680,Soft Drink,Sides,Veg,150.0,sides,sides
2681,Chicken Natti Pepper Soup,Sides,Non-Veg,150.0,sides,sides
2682,Mutton Nenju Elumbu Soup,Sides,Non-Veg,150.0,sides,sides
2683,Veg Hyderabadi Dum Biryani [combo],Biryani,Veg,150.0,biryani,biryani
2684,Madras 65 Biryani [combo],Biryani,Non-Veg,150.0,biryani,biryani
2685,Murikinati Chicken Biryani [combo],Biryani,Non-Veg,150.0,biryani,biryani
2686,Veg Hyderabadi Dum Biryani [medium],Biryani,Veg,150.0,biryani,biryani
2687,Madras 65 Biryani [medium],Biryani,Non-Veg,150.0,biryani,biryani
2688,Murikinati Chicken Biryani [medium],Biryani,Non-Veg,150.0,biryani,biryani
2689,Veg Punjabi Thali Meal,Sides,Veg,150.0,sides,sides
2690,Nani's Special Chicken Meal,Sides,Non-Veg,150.0,sides,sides
2691,Kadapa Mutton Meal,Sides,Non-Veg,150.0,sides,sides
2692,Naizam Prawn Meal,Sides,Non-Veg,150.0,sides,sides
2693,Nellore Fish Meal,Sides,Non-Veg,150.0,sides,sides
2694,Non - Veg Punjabi Thali Meal,Sides,Non-Veg,150.0,sides,sides
2695,Chilli Babycorn,Sides,Veg,150.0,sides,sides
2696,Chicken Chili Wings,Sides,Non-Veg,150.0,sides,sides
2697,Drums Of Heaven Dry,Sides,Non-Veg,150.0,sides,sides
2698,Chilli Chicken Dry/gravy,Curry,Non-Veg,150.0,curry,curry
2699,Schezwan Spicy Chicken Dry/gravy,Curry,Non-Veg,150.0,curry,curry
2700,Lemon Chicken,Sides,Non-Veg,150.0,sides,sides
2701,Thai Chilli Chicken Dry,Sides,Non-Veg,150.0,sides,sides
2702,Paneer Fried Noodles,Curry,Veg,150.0,curry,curry
2703,Madras Chicken Fried Noodles,Chinese,Non-Veg,150.0,chinese,chinese
2704,Madras Chicken Fried Rice,Rice,Non-Veg,150.0,rice,rice
2705,Schezwan Chicken Fried Noodles,Chinese,Non-Veg,150.0,chinese,chinese
2706,Kwayteow Malaysian Prawn Noodles  Combo,Chinese,Non-Veg,150.0,chinese,chinese
2707,Wenzhou Veg Fried Rice Combo,Rice,Veg,150.0,rice,rice
2708,Yangzhou Veg Fried Rice Combo,Rice,Veg,150.0,rice,rice
2709,Yangzhou Chicken Fried Rice Combo,Rice,Non-Veg,150.0,rice,rice
2710,Hongkong Chicken Fried Rice Combo,Rice,Non-Veg,150.0,rice,rice
2711,Kwayteow Malaysian Keema Noodles Combo,Chinese,Non-Veg,150.0,chinese,chinese
2712,Kwayteow Malaysian Keema Fried Rice Combo,Rice,Non-Veg,150.0,rice,rice
2713,Paneer Popcorn,Curry,Veg,150.0,curry,curry
2714,Crab Lolipop,Sides,Non-Veg,150.0,sides,sides
2715,Andhra Chilli Chicken Dry,Sides,Non-Veg,150.0,sides,sides
2716,Chicken 65 (bone),Starter,Non-Veg,150.0,starter,starter
2717,Chicken 65 Boneless ( Kids Special),Starter,Non-Veg,150.0,starter,starter
2718,Mutton Chukka Fry,Starter,Non-Veg,150.0,starter,starter
2719,Andhra Chicken Fy,Sides,Non-Veg,150.0,sides,sides
2720,Amma Fish Pulusu,Sides,Non-Veg,150.0,sides,sides
2721,Andhra Spl Chicken Eguru Masala,Curry,Non-Veg,150.0,curry,curry
2722,Prawn Eguru,Sides,Non-Veg,150.0,sides,sides
2723,Gongura Mutton Eguru Masala,Curry,Non-Veg,150.0,curry,curry
2724,Guntur Mutton Eguru Masala,Curry,Non-Veg,150.0,curry,curry
2725,Mutton Paya,Sides,Non-Veg,150.0,sides,sides
2726,Desi Paneer Tikka,Curry,Veg,150.0,curry,curry
2727,Lal Mirch Ka Paneer Tikka,Curry,Veg,150.0,curry,curry
2728,Afghan Chicken Tikka,Starter,Non-Veg,150.0,starter,starter
2729,Punjabi Chicken Tikka,Starter,Non-Veg,150.0,starter,starter
2730,Afghan Mutton Seekh Kebab,Starter,Non-Veg,150.0,starter,starter
2731,Arabian Faham (chicken),Sides,Non-Veg,150.0,sides,sides
2732,Dhaba Tandoori Chicken,Sides,Non-Veg,150.0,sides,sides
2733,Punjabi Naan-veg,Bread,Veg,150.0,bread,bread
2734,Chur Chur Naan - Veg,Bread,Veg,150.0,bread,bread
2735,Dhaba Pulka - Non Veg,Sides,Non-Veg,150.0,sides,sides
2736,Punjabi Garlic Naan-non Veg,Bread,Non-Veg,150.0,bread,bread
2737,Caveman BBQ Chicken,Sides,Non-Veg,150.0,sides,sides
2738,Xinjiang Ji Rou - Chicken BBQ,Sides,Non-Veg,150.0,sides,sides
2739,Xinjiang Yang Rou [mutton] BBQ,Sides,Non-Veg,150.0,sides,sides
2740,Chur Chur Naan [2 Pieces],Bread,Veg,150.0,bread,bread
2741,Amritsari Mixed Masala Kulcha [2 Pieces],Curry,Veg,150.0,curry,curry
2742,Afghan Naan [2 Pieces],Bread,Veg,150.0,bread,bread
2743,Mutton Keema Stuffed Naan [2 Pieces],Bread,Non-Veg,150.0,bread,bread
2744,Ganga Karam Egg Dosa [1 Piece],South Indian,Egg,150.0,south indian,south indian
2745,4 Kerala Coin Paratha Chicken Korma Combo,Sides,Non-Veg,150.0,sides,sides
2746,4 Idly Chicken Korma Combo,Sides,Non-Veg,150.0,sides,sides
2747,4 Idly Nellore Fish Pulusu Combo,Sides,Non-Veg,150.0,sides,sides
2748,1 Egg Dosa Chicken Korma Combo,South Indian,Egg,150.0,south indian,south indian
2749,1 Egg Dosa  Nellore Fish Pulusu Combo,South Indian,Egg,150.0,south indian,south indian
2750,Ammana Semiya Payasam,Sides,Veg,150.0,sides,sides
2751,Nanis Special Pal Payasam,Sides,Veg,150.0,sides,sides
2752,Hyderabadi Mutton Keema Biryani [combo],Biryani,Non-Veg,150.0,biryani,biryani
2753,Veg Kashmiri Pulao [combo],Rice,Veg,150.0,rice,rice
2754,Rayalasema Prawn Biriyani [combo],Sides,Non-Veg,150.0,sides,sides
2755,Ammana Mutton Biryani [combo],Biryani,Non-Veg,150.0,biryani,biryani
2756,Veg Amritsar Paneer Pulao [medium],Curry,Veg,150.0,curry,curry
2757,Hyderabadi Keema Mutton Biryani[m],Biryani,Non-Veg,150.0,biryani,biryani
2758,Tandoori Deli Chicken Briyani,Sides,Non-Veg,150.0,sides,sides
2759,Chana Pulav,Sides,Veg,150.0,sides,sides
2760,Kashmiri Pulao Veg [medium],Rice,Veg,150.0,rice,rice
2761,Egg Biryani [medium],Biryani,Egg,150.0,biryani,biryani
2762,RAYALASEM PRAWN BRIYANI [medium],Sides,Non-Veg,150.0,sides,sides
2763,Chicken Drumstick Biryani [medium],Biryani,Non-Veg,150.0,biryani,biryani
2764,Old City Chicken Dum Ka Biryani [medium],Biryani,Non-Veg,150.0,biryani,biryani
2765,Chicken Tikka Biryani [medium],Biryani,Non-Veg,150.0,biryani,biryani
2766,AMMANA MUTTON BRIYANI [medium],Sides,Non-Veg,150.0,sides,sides
2767,Steamed Rice (500 Ml),Biryani,Veg,150.0,biryani,biryani
2768,Plain Briyani Rice,Biryani,Veg,150.0,biryani,biryani
2769,Saffron Rice,Biryani,Veg,150.0,biryani,biryani
2770,Ragi Sangati  W Chicken Korma,Sides,Non-Veg,150.0,sides,sides
2771,Ragi Sangati  W Fish Pulusu,Sides,Non-Veg,150.0,sides,sides
2772,Ragi Sangati W Mutton Korma,Sides,Non-Veg,150.0,sides,sides
2773,Broccoli Loliipop,Chinese,Veg,150.0,chinese,chinese
2774,Golden Babycorn Fry,Starter,Veg,150.0,starter,starter
2775,Broccoli 65,Chinese,Veg,150.0,chinese,chinese
2776,Lemon Paneer,Curry,Veg,150.0,curry,curry
2777,Chilli Gobi,Chinese,Veg,150.0,chinese,chinese
2778,Baby Corn Pepper Fry,Starter,Veg,150.0,starter,starter
2779,Veg Manchurian Dry/gravy,Curry,Veg,150.0,curry,curry
2780,Sichuan Prawn,Chinese,Non-Veg,150.0,chinese,chinese
2781,Lemon Fish,Chinese,Non-Veg,150.0,chinese,chinese
2782,Golden Fried Prawn,Chinese,Non-Veg,150.0,chinese,chinese
2783,Singapore Chili Prawn,Chinese,Non-Veg,150.0,chinese,chinese
2784,Crispy Ginger Chicken,Chinese,Non-Veg,150.0,chinese,chinese
2785,Spinach Lemon Chicken,Chinese,Non-Veg,150.0,chinese,chinese
2786,Yellow Chili Chicken,Chinese,Non-Veg,150.0,chinese,chinese
2787,Sichuan Spicy Tossed Fish,Chinese,Non-Veg,150.0,chinese,chinese
2788,Pan Fried Chili Fish,Chinese,Non-Veg,150.0,chinese,chinese
2789,Red Chili Chicken Lollipop,Chinese,Non-Veg,150.0,chinese,chinese
2790,Honey Chicken,Chinese,Non-Veg,150.0,chinese,chinese
2791,Crispy Fried Shredded Chicken,Chinese,Non-Veg,150.0,chinese,chinese
2792,Egg Manchurian Dry/gravy,Curry,Egg,150.0,curry,curry
2793,Honey Wings,Chinese,Non-Veg,150.0,chinese,chinese
2794,Drums Of Heaven Saucy,Chinese,Non-Veg,150.0,chinese,chinese
2795,Chilli Prawn Dry,Chinese,Non-Veg,150.0,chinese,chinese
2796,Authentic Chinese Style Deep Stir Fried Chicken With Tofu,Chinese,Non-Veg,150.0,chinese,chinese
2797,Black Pepper Chicken Dry/gravy,Curry,Non-Veg,150.0,curry,curry
2798,Chicken Manchurian Dry/gravy,Curry,Non-Veg,150.0,curry,curry
2799,Thai Veg Fried Noodles,Chinese,Veg,150.0,chinese,chinese
2800,Thai Veg Fried Rice,Chinese,Veg,150.0,chinese,chinese
2801,Veg Pan Fried Noodles,Chinese,Veg,150.0,chinese,chinese
2802,Broccoli Fried Noodles,Chinese,Veg,150.0,chinese,chinese
2803,Shanghai Fried Noodles,Chinese,Veg,150.0,chinese,chinese
2804,Broccoli Fried Rice,Chinese,Veg,150.0,chinese,chinese
2805,Shanghai Veg Fried Rice,Chinese,Veg,150.0,chinese,chinese
2806,Chilli Garlic Fried Rice,Chinese,Veg,150.0,chinese,chinese
2807,Chilli Garlic Noodles,Chinese,Veg,150.0,chinese,chinese
2808,Veg Sichuan Fried Noodles,Chinese,Veg,150.0,chinese,chinese
2809,Nanjing Egg Fried Noodles,Chinese,Egg,150.0,chinese,chinese
2810,Thai Chicken Fried Rice,Chinese,Non-Veg,150.0,chinese,chinese
2811,Thai Chicken Noodles,Chinese,Non-Veg,150.0,chinese,chinese
2812,Seafood Mixed  Fried Noodles,Chinese,Non-Veg,150.0,chinese,chinese
2813,Triple Chicken Fried Rice,Chinese,Non-Veg,150.0,chinese,chinese
2814,Sichuan Mutton Fried Noodles,Chinese,Non-Veg,150.0,chinese,chinese
2815,Pan Fried Chicken Noodles,Chinese,Non-Veg,150.0,chinese,chinese
2816,Triple Chicken Fried Noodles,Chinese,Non-Veg,150.0,chinese,chinese
2817,Sichuan Mutton Fried Rice,Chinese,Non-Veg,150.0,chinese,chinese
2818,Seafood Mixed Fried Rice,Chinese,Non-Veg,150.0,chinese,chinese
2819,Shanghai Chicken Noodels,Chinese,Non-Veg,150.0,chinese,chinese
2820,Nanjing Egg Fried Rice,Chinese,Egg,150.0,chinese,chinese
2821,Sichuan Chicken Fried Rice,Chinese,Non-Veg,150.0,chinese,chinese
2822,Chilli Garlic Chicken Fried Rice,Chinese,Non-Veg,150.0,chinese,chinese
2823,Chilli Garlic Chicken Noodles,Chinese,Non-Veg,150.0,chinese,chinese
2824,Kwayteow Malaysian Veg Noodels Combo,Chinese,Veg,150.0,chinese,chinese
2825,Kwayteow Malaysian Prawn Fried Rice Combo,Chinese,Non-Veg,150.0,chinese,chinese
2826,Kwayteow Malaysian Veg Fried Rice  Combo,Chinese,Veg,150.0,chinese,chinese
2827,Mixed Fried Rice  Combo,Chinese,Non-Veg,150.0,chinese,chinese
2828,Mixed Fried Noodels Combo,Chinese,Non-Veg,150.0,chinese,chinese
2829,Sichuan Veg Fried Noodles Combo,Chinese,Veg,150.0,chinese,chinese
2830,Yangzhou Veg Fried Noodels Combo,Chinese,Veg,150.0,chinese,chinese
2831,Nanjing Egg Fried Noodles Combo,Chinese,Egg,150.0,chinese,chinese
2832,Yangzhou Chicken Fried Noodles Combo,Chinese,Non-Veg,150.0,chinese,chinese
2833,Sichuan Veg Fried Rice Combo,Chinese,Veg,150.0,chinese,chinese
2834,Hongkong Chicken Fried Noodles Combo,Chinese,Non-Veg,150.0,chinese,chinese
2835,Nanjing Egg Fried Rice Combo,Chinese,Egg,150.0,chinese,chinese
2836,Chow Mein Veg Fried Noodles Combo,Chinese,Veg,150.0,chinese,chinese
2837,Aloo Jeera Fry,Starter,Veg,150.0,starter,starter
2838,Cabbage Carrot W Cocunt Vepudu,Sides,Veg,150.0,sides,sides
2839,Alugadda Vepudu,Sides,Veg,150.0,sides,sides
2840,Aloo Gobi Fry,Starter,Veg,150.0,starter,starter
2841,Broccoli Fry,Starter,Veg,150.0,starter,starter
2842,Gobi Pakoda,Sides,Veg,150.0,sides,sides
2843,Mixed Veg Pokada,Sides,Veg,150.0,sides,sides
2844,Mushroom Pokada,Sides,Veg,150.0,sides,sides
2845,Paneer Pokada,Curry,Veg,150.0,curry,curry
2846,Nethili 65,Sides,Non-Veg,150.0,sides,sides
2847,Spicy Fried Boiled Egg (2pcs),Sides,Egg,150.0,sides,sides
2848,Crab Loliipop,Sides,Non-Veg,150.0,sides,sides
2849,Chicken Pallipalayam,Sides,Non-Veg,150.0,sides,sides
2850,Pichu Potta Kozhi Varuval,Sides,Non-Veg,150.0,sides,sides
2851,Chicken Drumstick (2pcs),Sides,Non-Veg,150.0,sides,sides
2852,Rayalaseema Mutton Vepudu,Sides,Non-Veg,150.0,sides,sides
2853,Rayalaseema Keema Vepudu,Sides,Non-Veg,150.0,sides,sides
2854,Amritsari Machi (fish Fry),Starter,Non-Veg,150.0,starter,starter
2855,Lovely Dhaba Style Mutton Fry,Starter,Non-Veg,150.0,starter,starter
2856,Crab Fry,Starter,Non-Veg,150.0,starter,starter
2857,Rayalaseema Kodi Vepudu,Sides,Non-Veg,150.0,sides,sides
2858,Chicken Loliipop,Sides,Non-Veg,150.0,sides,sides
2859,Mutton Keema Vada,South Indian,Non-Veg,150.0,south indian,south indian
2860,Nellore Fish Fry ( 2pcs),Starter,Non-Veg,150.0,starter,starter
2861,Chettinad Chicken Roast,Sides,Non-Veg,150.0,sides,sides
2862,Chettinadu Kada Roast,Sides,Veg,150.0,sides,sides
2863,Lovely Dhaba Style Chicken Fry,Starter,Non-Veg,150.0,starter,starter
2864,Mutton Keema Balls,Sides,Non-Veg,150.0,sides,sides
2865,Nattukoli Roast,Sides,Non-Veg,150.0,sides,sides
2866,Prawn Fry,Starter,Non-Veg,150.0,starter,starter
2867,Prawn 65,Sides,Non-Veg,150.0,sides,sides
2868,Nellore Prawn Fry,Starter,Non-Veg,150.0,starter,starter
2869,Egg Pokoda,Sides,Egg,150.0,sides,sides
2870,Andhra Chicken Fry Spicy,Starter,Non-Veg,150.0,starter,starter
2871,Pepper Chicken Fry,Starter,Non-Veg,150.0,starter,starter
2872,Mutton Andhra Chilly Fry,Starter,Non-Veg,150.0,starter,starter
2873,Mutton Pepper Fry,Starter,Non-Veg,150.0,starter,starter
2874,Paneer Lajawab,Curry,Veg,150.0,curry,curry
2875,Gobi Mutter Masala,Curry,Veg,150.0,curry,curry
2876,Palak Panner,Sides,Veg,150.0,sides,sides
2877,Punjabi Mushroom Masala,Curry,Veg,150.0,curry,curry
2878,Paneer Makhan Masala,Curry,Veg,150.0,curry,curry
2879,Andhra Bendakai Pulusu,Sides,Veg,150.0,sides,sides
2880,Andhra Mamidikaya Pappu (mango Dal),Curry,Veg,150.0,curry,curry
2881,Andhra Tomato Papu,Sides,Veg,150.0,sides,sides
2882,Dhaba Dal Fry,Curry,Veg,150.0,curry,curry
2883,Small Onion Mango/drumstick Sambar,South Indian,Veg,150.0,south indian,south indian
2884,Andhra Tomato Rasam,Sides,Veg,150.0,sides,sides
2885,Amritsari Chole Masala,Curry,Veg,150.0,curry,curry
2886,Mixed Veg Masala,Curry,Veg,150.0,curry,curry
2887,Aloo Mutter Masala,Curry,Veg,150.0,curry,curry
2888,Rajma,Sides,Veg,150.0,sides,sides
2889,Hyderabadi Chicken Masala,Curry,Non-Veg,150.0,curry,curry
2890,Mutton Keema Balls Masala,Curry,Non-Veg,150.0,curry,curry
2891,Dhaba Style Chicken Masala,Curry,Non-Veg,150.0,curry,curry
2892,Lovely Dhaba Style Mutton Masala/gravy,Curry,Non-Veg,150.0,curry,curry
2893,Egg Hyderabadi Masala,Curry,Egg,150.0,curry,curry
2894,Egg Thokku,Sides,Egg,150.0,sides,sides
2895,Chicken Lajawab Gravy,Curry,Non-Veg,150.0,curry,curry
2896,Punjabi Chicken,Sides,Non-Veg,150.0,sides,sides
2897,Rara Chicken Masala,Curry,Non-Veg,150.0,curry,curry
2898,Natukoli Masala / Gravy,Curry,Non-Veg,150.0,curry,curry
2899,Chettinad Nattu Kozhi  Masala,Curry,Non-Veg,150.0,curry,curry
2900,Nani's Spl Chicken Korma,Sides,Non-Veg,150.0,sides,sides
2901,Kadai Chicken,Sides,Non-Veg,150.0,sides,sides
2902,Tenali Mutton Keema Masala,Curry,Non-Veg,150.0,curry,curry
2903,Kadai Mutton,Sides,Non-Veg,150.0,sides,sides
2904,Mutton Do Payaza,Sides,Non-Veg,150.0,sides,sides
2905,Mutton Lajawab Gravy,Curry,Non-Veg,150.0,curry,curry
2906,Dhaba Keema Mutter Masala,Curry,Non-Veg,150.0,curry,curry
2907,Pahadi Chicken Kebab,Starter,Non-Veg,150.0,starter,starter
2908,Peri Peri Arabian Faham Chicken,Sides,Non-Veg,150.0,sides,sides
2909,Fish Tikka,Starter,Non-Veg,150.0,starter,starter
2910,Harayali Fish Tikka,Starter,Non-Veg,150.0,starter,starter
2911,Ajwaini Fish Tikka,Starter,Non-Veg,150.0,starter,starter
2912,Chicken Mirchi Kebab,Starter,Non-Veg,150.0,starter,starter
2913,Mirchi Tikka,Starter,Veg,150.0,starter,starter
2914,Punjabi Murgh Malai Tikka,Starter,Non-Veg,150.0,starter,starter
2915,Reshmi Chicken Kebab,Starter,Non-Veg,150.0,starter,starter
2916,Tangri Kebab,Starter,Non-Veg,150.0,starter,starter
2917,Afghan Chicken Seekh Kebab,Starter,Non-Veg,150.0,starter,starter
2918,Coin Paratha-veg,Sides,Veg,150.0,sides,sides
2919,Amritsari Butter Kulcha [ Non-veg],Sides,Non-Veg,150.0,sides,sides
2920,Amritsari Plain Kulcha [non-veg],Sides,Non-Veg,150.0,sides,sides
2921,Amritsari Plain Kucha Veg,Sides,Veg,150.0,sides,sides
2922,Amritsari Butter Kulcha [veg],Sides,Veg,150.0,sides,sides
2923,Punjabi Butter Naan Veg Combo,Bread,Veg,150.0,bread,bread
2924,Punjabi Butter Naan (non-veg) Combo,Bread,Non-Veg,150.0,bread,bread
2925,Chur Chur Naan -non Veg [combo],Bread,Non-Veg,150.0,bread,bread
2926,Dhaba Pulka - Veg,Sides,Veg,150.0,sides,sides
2927,Punjabi Garlic Naan-veg,Bread,Veg,150.0,bread,bread
2928,Tandoori Roti-veg,Bread,Veg,150.0,bread,bread
2929,Punjabi Naan-non Veg,Bread,Non-Veg,150.0,bread,bread
2930,Tandoori Roti-non Veg,Bread,Non-Veg,150.0,bread,bread
2931,Coin Paratha - Non Veg [combo],Sides,Non-Veg,150.0,sides,sides
2932,Caveman Pepper Bbq,Sides,Veg,150.0,sides,sides
2933,Lemon Bbq Chicken,Sides,Non-Veg,150.0,sides,sides
2934,Afghan Bbq Chicken,Sides,Non-Veg,150.0,sides,sides
2935,Asian Tiger Prawn Bbq,Sides,Non-Veg,150.0,sides,sides
2936,Fish Bbq Large,Sides,Non-Veg,150.0,sides,sides
2937,Indonesian Archipelago Fish Bbq,Sides,Non-Veg,150.0,sides,sides
2938,Asian Prawn BBQ,Sides,Non-Veg,150.0,sides,sides
2939,Veg Tandoori Platter,Sides,Veg,150.0,sides,sides
2940,Non-veg Tandoori Platter,Sides,Non-Veg,150.0,sides,sides
2941,Amritsari Mutton Keema Kulcha,Bread,Non-Veg,150.0,bread,bread
2942,Amritsari Chicken Kulcha,Bread,Non-Veg,150.0,bread,bread
2943,Chicken Keema Stuffed Naan,Bread,Non-Veg,150.0,bread,bread
2944,Lovely Kulcha,Bread,Veg,150.0,bread,bread
2945,Lovely Naan,Bread,Veg,150.0,bread,bread
2946,Paneer Kulcha [2pcs],Curry,Veg,150.0,curry,curry
2947,Tandoori Paratha [ 2 Pcs],Bread,Veg,150.0,bread,bread
2948,Pulka [4 Pieces],Bread,Veg,150.0,bread,bread
2949,Amritsari Plain Kulcha [2 Pieces],Bread,Veg,150.0,bread,bread
2950,Butter Pulka [4 Pieces],Bread,Veg,150.0,bread,bread
2951,Naan [2 Pieces],Bread,Veg,150.0,bread,bread
2952,Amritsari Butter Kulcha,Bread,Veg,150.0,bread,bread
2953,Amritsari Onion Kulcha [2 Pieces],Bread,Veg,150.0,bread,bread
2954,Butter Naan [2 Pieces],Bread,Veg,150.0,bread,bread
2955,Garlic Naan [2 Pieces],Bread,Veg,150.0,bread,bread
2956,Chicken Keema Dosa,South Indian,Non-Veg,150.0,south indian,south indian
2957,Kadapa Ghee Karam Dosa,South Indian,Veg,150.0,south indian,south indian
2958,Prawn Tokku Dosa,South Indian,Non-Veg,150.0,south indian,south indian
2959,Wheat Paratha (4 Pcs),Sides,Veg,150.0,sides,sides
2960,Egg Dosa & Prawn Masala,South Indian,Egg,150.0,south indian,south indian
2961,Egg Dosa & Mutton Paya,South Indian,Egg,150.0,south indian,south indian
2962,Idiyappam & Mutton Paya,Sides,Non-Veg,150.0,sides,sides
2963,Paratha & Mutton Paya,Sides,Non-Veg,150.0,sides,sides
2964,Paratha & Nellore Fish Pulusu,Sides,Non-Veg,150.0,sides,sides
2965,Idly & Mutton Korma Combo,Sides,Non-Veg,150.0,sides,sides
2966,Idly & Mutton Paya,Sides,Non-Veg,150.0,sides,sides
2967,Egg Dosa & Mutton Korma,South Indian,Egg,150.0,south indian,south indian
2968,Bun Paratha & Chicken Korma,Sides,Non-Veg,150.0,sides,sides
2969,Bun Paratha Mutton Korma,Sides,Non-Veg,150.0,sides,sides
2970,Bun Paratha Mutton Paya,Sides,Non-Veg,150.0,sides,sides
2971,Idiyappam & Prawn Masala,Curry,Non-Veg,150.0,curry,curry
2972,4 Idiyappam Chicken Korma Combo,Sides,Non-Veg,150.0,sides,sides
2973,4 Idiyappam Mutton Korma Combo,Sides,Non-Veg,150.0,sides,sides
2974,4 Kerala Coin Paratha Mutton Korma Combo,Sides,Non-Veg,150.0,sides,sides
2975,Cheesy Broccoli  Pasta,Sides,Veg,150.0,sides,sides
2976,Cheesy White Sauce Chicken Pasta,Sides,Non-Veg,150.0,sides,sides
2977,Cheesy Red Sauce Chicken Pasta,Sides,Non-Veg,150.0,sides,sides
2978,Cheesy White Sauce Pasta,Sides,Veg,150.0,sides,sides
2979,Cheesy Red Sauce Pasta,Sides,Veg,150.0,sides,sides
2980,Cheesy Mushroom White Sauce,Sides,Veg,150.0,sides,sides
2981,Pink Sauce Veggie Pasta,Sides,Veg,150.0,sides,sides
2982,Pink Sauce Chicken Pasta,Sides,Non-Veg,150.0,sides,sides
2983,Cheesy Mushroom Red Sauce,Sides,Veg,150.0,sides,sides
2984,Cheesy Tossed Panner Pasta,Sides,Veg,150.0,sides,sides
2985,Cheesy Tosed Panner White Sauce Pasta,Sides,Veg,150.0,sides,sides
2986,Cheesy Tossed Panner Red Sauce Pasta,Sides,Veg,150.0,sides,sides
2987,Fried Chicken Schezwan Momos,Chinese,Non-Veg,150.0,chinese,chinese
2988,Fried Chicken Peri Peri Momos,Chinese,Non-Veg,150.0,chinese,chinese
2989,Fried Chicken Cheese Momos,Chinese,Non-Veg,150.0,chinese,chinese
2990,Fried Chicken Tikka Momos,Starter,Non-Veg,150.0,starter,starter
2991,Fried Veg Momos [ 6 Pcs],Chinese,Veg,150.0,chinese,chinese
2992,Fried Chicken Momos [6pcs],Chinese,Non-Veg,150.0,chinese,chinese
2993,Chicken Steamed Momos,Chinese,Non-Veg,150.0,chinese,chinese
2994,Fried Peri Peri Veg Momos,Chinese,Veg,150.0,chinese,chinese
2995,Fried Sz Veg Momos,Chinese,Veg,150.0,chinese,chinese
2996,Fried Veg Cheese Momos,Chinese,Veg,150.0,chinese,chinese
2997,Veg Steamed Momos,Chinese,Veg,150.0,chinese,chinese
2998,Melting Cheese Chicken Wrap,Sides,Non-Veg,150.0,sides,sides
2999,Chicken Wrap Deli Style,Sides,Non-Veg,150.0,sides,sides
3000,Melting Egg Wrap,Sides,Egg,150.0,sides,sides
3001,Chicken Wrap,Sides,Non-Veg,150.0,sides,sides
3002,Mushroom Cheese Wrap,Sides,Veg,150.0,sides,sides
3003,Double Egg Wrap,Sides,Egg,150.0,sides,sides
3004,Veg Cheese Wrap,Sides,Veg,150.0,sides,sides
3005,Veg Wrap,Sides,Veg,150.0,sides,sides
3006,Paneer Cheese Wrap,Curry,Veg,150.0,curry,curry
3007,Mushroom Wrap,Sides,Veg,150.0,sides,sides
3008,Masala Paneer Wrap,Curry,Veg,150.0,curry,curry
3009,Gulab Jamun [4 Pieces],Dessert,Veg,150.0,dessert,dessert
3010,Gajjar Ka Halwa,Dessert,Veg,150.0,dessert,dessert
3011,Fib Spl Falooda,Dessert,Veg,150.0,dessert,dessert
3012,Mix Fruits Falooda,Dessert,Veg,150.0,dessert,dessert
3013,SWEET LIME,Beverage,Veg,150.0,beverage,beverage
3014,Sapota Juice,Beverage,Veg,150.0,beverage,beverage
3015,Fig Juice,Beverage,Veg,150.0,beverage,beverage
3016,Liver Detox Juice,Beverage,Veg,150.0,beverage,beverage
3017,Feel Fresh,Beverage,Veg,150.0,beverage,beverage
3018,Abc Juice,Beverage,Veg,150.0,beverage,beverage
3019,Vitamin C++,Beverage,Veg,150.0,beverage,beverage
3020,Super Slim,Beverage,Veg,150.0,beverage,beverage
3021,Lemon Mojito,Beverage,Veg,150.0,beverage,beverage
3022,Mint Mojito,Beverage,Veg,150.0,beverage,beverage
3023,Blue Mojito,Beverage,Veg,150.0,beverage,beverage
3024,Grape Lassi,Beverage,Veg,150.0,beverage,beverage
3025,Banana Lassi,Beverage,Veg,150.0,beverage,beverage
3026,Masala Lassi,Curry,Veg,150.0,curry,curry
3027,Sweet Malai Lassi,Beverage,Veg,150.0,beverage,beverage
3028,Desi Butter Milk,Beverage,Veg,150.0,beverage,beverage
3029,Vanilla Shake,Beverage,Veg,150.0,beverage,beverage
3030,Black Current Shake,Beverage,Veg,150.0,beverage,beverage
3031,Chocolate Shake,Beverage,Veg,150.0,beverage,beverage
3032,Butterstock Shake,Beverage,Veg,150.0,beverage,beverage
3033,Strawberry Milk Shake,Beverage,Veg,150.0,beverage,beverage
3034,Kitkat Milk Shake,Beverage,Veg,150.0,beverage,beverage
3035,Oreo Milk Shake,Beverage,Veg,150.0,beverage,beverage
3036,Badam Milk Shake,Beverage,Veg,150.0,beverage,beverage
3037,Arabian Shake,Beverage,Veg,150.0,beverage,beverage
3038,Banana Shake,Beverage,Veg,150.0,beverage,beverage
3039,Green Pista Milk Shake,Beverage,Veg,150.0,beverage,beverage
3040,Cold Coffee W Ice Cream,Dessert,Veg,150.0,dessert,dessert
3041,Jelly Rose Milk,Beverage,Veg,150.0,beverage,beverage
3042,Cookies & Cream Shake,Beverage,Veg,150.0,beverage,beverage
3043,Mango Shake,Beverage,Veg,150.0,beverage,beverage
3044,Sapota Milk Shake,Beverage,Veg,150.0,beverage,beverage
3045,Plain Fruit Salad,Beverage,Veg,150.0,beverage,beverage
3046,Fruit Salad W Icecream,Beverage,Veg,150.0,beverage,beverage
3047,Veg Cutlets,Sides,Veg,150.0,sides,sides
3048,Peri Peri Cheesy French Fries,Sides,Veg,150.0,sides,sides
3049,Smilies,Sides,Veg,150.0,sides,sides
3050,Veg Samosa,Sides,Veg,150.0,sides,sides
3051,Veg Spring Rolls,Sides,Veg,150.0,sides,sides
3052,Chicken Popcorn,Sides,Non-Veg,150.0,sides,sides
3053,Chicken Samosa,Sides,Non-Veg,150.0,sides,sides
3054,Chicken Spring Rolls,Sides,Non-Veg,150.0,sides,sides
3055,Chicken Cutlets,Sides,Non-Veg,150.0,sides,sides
3056,Carb Lollipop,Sides,Non-Veg,150.0,sides,sides
3057,Fish Fingers,Sides,Non-Veg,150.0,sides,sides
3058,Chicken Wings,Sides,Non-Veg,150.0,sides,sides
3059,Chicken Snackers Strips,Sides,Non-Veg,150.0,sides,sides
3060,Veg Nuggets,Sides,Veg,150.0,sides,sides
3061,Cheese Balls,Sides,Veg,150.0,sides,sides
3062,FRENCH FRIES,Sides,Veg,150.0,sides,sides
3063,French Fries Lodder,Sides,Veg,150.0,sides,sides
3064,Jalapeno Poppers,Sides,Veg,150.0,sides,sides
3065,Mutton Samosa,Sides,Non-Veg,150.0,sides,sides
3066,Paneer Pop,Curry,Veg,150.0,curry,curry
3067,Pineapple Cheese,Sides,Veg,150.0,sides,sides
3068,Potato Wedges,Sides,Veg,150.0,sides,sides
3069,Green Chutney Bread Omelet,Sides,Non-Veg,150.0,sides,sides
3070,Chilli Chutney Cheese Sandwich,Sides,Veg,150.0,sides,sides
3071,Bread Egg Omelete,Sides,Egg,150.0,sides,sides
3072,Cheese Bread Egg Omelete,Sides,Egg,150.0,sides,sides
3073,Chicken Sandwich,Sides,Non-Veg,150.0,sides,sides
3074,Chilly Cheese Toast Sandwich,Sides,Veg,150.0,sides,sides
3075,Corn Cheese Sandwich,Sides,Veg,150.0,sides,sides
3076,Masala Cheese Sandwich,Curry,Veg,150.0,curry,curry
3077,Paneer Cheese Sandwich,Curry,Veg,150.0,curry,curry
3078,Mushroom Cheese Sandwich,Sides,Veg,150.0,sides,sides
3079,Bread Butter Toast,Sides,Veg,150.0,sides,sides
3080,Choco Butter Sandwich,Sides,Veg,150.0,sides,sides
3081,Aloo Masala Cheese Toast,Curry,Veg,150.0,curry,curry
3082,Nutella Toast,Sides,Veg,150.0,sides,sides
3083,Tandoori Paneer Toast,Curry,Veg,150.0,curry,curry
3084,Tandoori Chicken Burger,Sides,Non-Veg,150.0,sides,sides
3085,Chicken Nugget Cheese Burger,Sides,Non-Veg,150.0,sides,sides
3086,Double Cheese Chicken Burger,Sides,Non-Veg,150.0,sides,sides
3087,Double Cheese Paneer Burger,Curry,Veg,150.0,curry,curry
3088,Egg Cheese Burger,Sides,Egg,150.0,sides,sides
3089,Cheese Burger,Sides,Veg,150.0,sides,sides
3090,Paneer Burger,Curry,Veg,150.0,curry,curry
3091,Paneer Cheese Burger,Curry,Veg,150.0,curry,curry
3092,Double Cheese Vg Burger,Sides,Veg,150.0,sides,sides
3093,Sweet Corn Mutton Soup,Sides,Non-Veg,150.0,sides,sides
3094,Hot N Sour Mutton Soup,Sides,Non-Veg,150.0,sides,sides
3095,Mutton Bone Soup,Sides,Non-Veg,150.0,sides,sides
3096,Mutton Chettinad Soup,Sides,Non-Veg,150.0,sides,sides
3097,Aatukal Soup,Sides,Non-Veg,150.0,sides,sides
3098,Prawn Chettinad Soup,Sides,Non-Veg,150.0,sides,sides
3099,Chicken Noodles Soup,Chinese,Non-Veg,150.0,chinese,chinese
3100,Chicken Chettinad Soup,Sides,Non-Veg,150.0,sides,sides
3101,Mutton Noodles Soup,Chinese,Non-Veg,150.0,chinese,chinese
3102,Fish Sea Food Soup,Sides,Non-Veg,150.0,sides,sides
3103,Prawn Sea Food Soup,Sides,Non-Veg,150.0,sides,sides
3104,Parcel Shawarma Spl,Sides,Non-Veg,150.0,sides,sides
3105,Plate Mexican Chicken Shawarma,Sides,Non-Veg,150.0,sides,sides
3106,Plate Chicken Shawarma,Sides,Non-Veg,150.0,sides,sides
3107,Mexican Chicken Shawarma,Sides,Non-Veg,150.0,sides,sides
3108,Chicken Shawarma,Sides,Non-Veg,150.0,sides,sides
3109,Tandoori Flavour Chicken Shawarma,Sides,Non-Veg,150.0,sides,sides
3110,Bbq Flavour Chicken Shawarma,Sides,Non-Veg,150.0,sides,sides
3111,Pani Puri Shawarma,Sides,Veg,150.0,sides,sides
3112,Grill Chicken,Sides,Non-Veg,150.0,sides,sides
3113,Pepper Bbq Chicken,Sides,Non-Veg,150.0,sides,sides
3114,Paneer Platter,Curry,Veg,150.0,curry,curry
3115,Prawn Tikka,Starter,Non-Veg,150.0,starter,starter
3116,Tangiri Kebab,Starter,Non-Veg,150.0,starter,starter
3117,Hariyali Chicken Kebab,Starter,Non-Veg,150.0,starter,starter
3118,Malai Chicken Kebab,Starter,Non-Veg,150.0,starter,starter
3119,Boiled Egg ( 2 Nos ),Sides,Egg,150.0,sides,sides
3120,Egg  ( Mutta ) Mass,Sides,Egg,150.0,sides,sides
3121,Kaadai Roast,Starter,Non-Veg,150.0,starter,starter
3122,Kaadai 65,Starter,Non-Veg,150.0,starter,starter
3123,Chicken 99,Starter,Non-Veg,150.0,starter,starter
3124,Stick Chicken,Starter,Non-Veg,150.0,starter,starter
3125,Mutton Chukka,Starter,Non-Veg,150.0,starter,starter
3126,Fish65,Starter,Non-Veg,150.0,starter,starter
3127,Vanjaram Varuval,Starter,Non-Veg,150.0,starter,starter
3128,Prawn Pepper Fry,Starter,Non-Veg,150.0,starter,starter
3129,Prawn Chukka,Starter,Non-Veg,150.0,starter,starter
3130,Chilli Paneer Semi Gravy,Curry,Veg,150.0,curry,curry
3131,Chilli Gobi Semi Gravy,Curry,Veg,150.0,curry,curry
3132,Chilli Gobi Dry,Starter,Veg,150.0,starter,starter
3133,Chilli Mushroom Semi Gravy,Curry,Veg,150.0,curry,curry
3134,Paneer Manchurian Semi Gravy,Curry,Veg,150.0,curry,curry
3135,Mushroom Manchurian Semi Gravy,Curry,Veg,150.0,curry,curry
3136,Chilli Mushroom Dry,Starter,Veg,150.0,starter,starter
3137,Gobi Manchurian Semi Grvay,Starter,Veg,150.0,starter,starter
3138,Chicken Lollypop Dry,Starter,Non-Veg,150.0,starter,starter
3139,Chicken Lollypop Saucy,Starter,Non-Veg,150.0,starter,starter
3140,Chicken Schezwan,Starter,Non-Veg,150.0,starter,starter
3141,Chicken Ginger,Starter,Non-Veg,150.0,starter,starter
3142,Chicken Garlic,Starter,Non-Veg,150.0,starter,starter
3143,Egg Garlic,Starter,Egg,150.0,starter,starter
3144,Egg Schezwan,Starter,Egg,150.0,starter,starter
3145,Egg Ginger,Starter,Egg,150.0,starter,starter
3146,Prawn Garlic,Starter,Non-Veg,150.0,starter,starter
3147,Prawn Schezwan,Starter,Non-Veg,150.0,starter,starter
3148,Prawn Ginger,Starter,Non-Veg,150.0,starter,starter
3149,Fish Ginger,Starter,Non-Veg,150.0,starter,starter
3150,Fish Garlic,Starter,Non-Veg,150.0,starter,starter
3151,Chilli Prawn,Starter,Non-Veg,150.0,starter,starter
3152,Fish Schezwan,Starter,Non-Veg,150.0,starter,starter
3153,Chicken 65 Biriyani,Starter,Non-Veg,150.0,starter,starter
3154,Chicken Biriyani 1500ml,Sides,Non-Veg,150.0,sides,sides
3155,Mutton Biriyani 1500ml,Sides,Non-Veg,150.0,sides,sides
3156,Black Currant Ice Cream,Dessert,Veg,150.0,dessert,dessert
3157,Brownie With Ice Cream,Dessert,Veg,150.0,dessert,dessert
3158,Coolberg,Sides,Veg,150.0,sides,sides
3159,Mouantan Dew 250ml,Sides,Veg,150.0,sides,sides
3160,Soda 750ml,Sides,Veg,150.0,sides,sides
3161,String,Sides,Veg,150.0,sides,sides
3162,Water Bottle 1 Litter,Sides,Veg,150.0,sides,sides
3163,Mushroom Pepper Soup,Sides,Veg,150.0,sides,sides
3164,Hot N Sour Veg Soup,Sides,Veg,150.0,sides,sides
3165,Mushroom Babycorn Soup,Sides,Veg,150.0,sides,sides
3166,Veg Cream Soup,Sides,Veg,150.0,sides,sides
3167,Spicy Chicken Soup,Sides,Non-Veg,150.0,sides,sides
3168,Chicken Jet Soup,Sides,Non-Veg,150.0,sides,sides
3169,Chicken Mint Soup,Sides,Non-Veg,150.0,sides,sides
3170,Cream Of Chicken Soup,Sides,Non-Veg,150.0,sides,sides
3171,Hot N Sour Chicken Soup,Sides,Non-Veg,150.0,sides,sides
3172,Lung Fung Soup,Sides,Non-Veg,150.0,sides,sides
3173,Tom Yum Soup,Sides,Non-Veg,150.0,sides,sides
3174,Flovour Chicken Shwarma,Sides,Non-Veg,150.0,sides,sides
3175,Bbq Flavour Shawarma,Sides,Non-Veg,150.0,sides,sides
3176,Chilli Cheese Flavour Shawarma,Sides,Non-Veg,150.0,sides,sides
3177,Kubus,Sides,Non-Veg,150.0,sides,sides
3178,Mayonnaise,Sides,Veg,150.0,sides,sides
3179,Plate Shawarma,Sides,Non-Veg,150.0,sides,sides
3180,Spl Chicken Shawarma,Sides,Non-Veg,150.0,sides,sides
3181,Tandoori Flavour Shawarma,Sides,Non-Veg,150.0,sides,sides
3182,Tandoori Shawarma Roll Spl,Sides,Non-Veg,150.0,sides,sides
3183,Bbq Chicken Leg,Sides,Non-Veg,150.0,sides,sides
3184,Bbq Chicken Wings 4 Nos,Sides,Non-Veg,150.0,sides,sides
3185,Bbq Gun Chicken,Sides,Non-Veg,150.0,sides,sides
3186,Bbq Quater,Sides,Non-Veg,150.0,sides,sides
3187,Gun Chicken,Sides,Non-Veg,150.0,sides,sides
3188,Masala Girill Chicken Qtr,Curry,Non-Veg,150.0,curry,curry
3189,Paneer Hariyali Tikka,Curry,Veg,150.0,curry,curry
3190,Mushroom Kebab,Starter,Veg,150.0,starter,starter
3191,Paneer Kebab,Curry,Veg,150.0,curry,curry
3192,Tandoori Chicken Lollypop,Sides,Non-Veg,150.0,sides,sides
3193,D Chicken Cheesy Shots,Sides,Non-Veg,150.0,sides,sides
3194,Chicken 65 [ Boneless ],Starter,Non-Veg,150.0,starter,starter
3195,Chicken Chukka,Starter,Non-Veg,150.0,starter,starter
3196,Garlic Gobi,Starter,Veg,150.0,starter,starter
3197,Honey Paneer,Curry,Veg,150.0,curry,curry
3198,Dragon Gobi,Starter,Veg,150.0,starter,starter
3199,Baby Corn  Garlic,Starter,Veg,150.0,starter,starter
3200,Baby Corn  Ginger,Starter,Veg,150.0,starter,starter
3201,Baby Corn  Manchurian,Starter,Veg,150.0,starter,starter
3202,Baby Corn  Schezwan,Starter,Veg,150.0,starter,starter
3203,Baby Corn Chilli,Starter,Veg,150.0,starter,starter
3204,Dragon Panner,Starter,Veg,150.0,starter,starter
3205,Ginger Gobi,Starter,Veg,150.0,starter,starter
3206,Manchurian Gobi,Starter,Veg,150.0,starter,starter
3207,Mushroom Garlic,Starter,Veg,150.0,starter,starter
3208,Mushroom Ginger,Starter,Veg,150.0,starter,starter
3209,Mushroom Schezwan,Starter,Veg,150.0,starter,starter
3210,Paneer Chilli,Curry,Veg,150.0,curry,curry
3211,Paneer Garlic,Curry,Veg,150.0,curry,curry
3212,Paneer Ginger,Curry,Veg,150.0,curry,curry
3213,Paneer Schezwan,Curry,Veg,150.0,curry,curry
3214,Schezwan Gobi,Starter,Veg,150.0,starter,starter
3215,Garlic Fish,Starter,Non-Veg,150.0,starter,starter
3216,Salt N Pepper Chicken,Starter,Non-Veg,150.0,starter,starter
3217,Chicken Butter Garlic,Starter,Non-Veg,150.0,starter,starter
3218,Prawn Butter Garlic,Starter,Non-Veg,150.0,starter,starter
3219,Chicken Lolly Pop Dry,Starter,Non-Veg,150.0,starter,starter
3220,Chicken Lolly Pop Saucy,Starter,Non-Veg,150.0,starter,starter
3221,Dragon Prawn,Starter,Non-Veg,150.0,starter,starter
3222,Egg Chilli,Starter,Egg,150.0,starter,starter
3223,Fish Chilli,Starter,Non-Veg,150.0,starter,starter
3224,Garlic Mutton,Starter,Non-Veg,150.0,starter,starter
3225,Garlic Prawn.,Starter,Non-Veg,150.0,starter,starter
3226,Ginger Fish,Starter,Non-Veg,150.0,starter,starter
3227,Ginger Mutton,Starter,Non-Veg,150.0,starter,starter
3228,Ginger Prawn,Starter,Non-Veg,150.0,starter,starter
3229,Mutton Chilli,Starter,Non-Veg,150.0,starter,starter
3230,Mutton Manchurian,Starter,Non-Veg,150.0,starter,starter
3231,Pepper Chicken Leg ( 2 Pcs ),Starter,Non-Veg,150.0,starter,starter
3232,Prawn Chilli,Starter,Non-Veg,150.0,starter,starter
3233,Schezwan Chicken Leg ( 2 Pcs ),Starter,Non-Veg,150.0,starter,starter
3234,Schezwan Fish,Starter,Non-Veg,150.0,starter,starter
3235,Schezwan Mutton,Starter,Non-Veg,150.0,starter,starter
3236,Schezwan Prawn,Starter,Non-Veg,150.0,starter,starter
3237,Sliced Fish With Garlic,Starter,Non-Veg,150.0,starter,starter
3238,Cashew Pulao,Rice,Veg,150.0,rice,rice
3239,Fish Noodles,Chinese,Non-Veg,150.0,chinese,chinese
3240,Fish Chilli Garlic Noodles,Chinese,Non-Veg,150.0,chinese,chinese
3241,Fish Shanghai Noodles,Chinese,Non-Veg,150.0,chinese,chinese
3242,Fish Singapore Noodles,Chinese,Non-Veg,150.0,chinese,chinese
3243,Fish Hakka Noodles,Chinese,Non-Veg,150.0,chinese,chinese
3244,Mixed Chilli Garlic Noodles,Chinese,Non-Veg,150.0,chinese,chinese
3245,Mixed Shanghai Noodles,Chinese,Non-Veg,150.0,chinese,chinese
3246,Egg Chilli Garlic Noodles,Chinese,Egg,150.0,chinese,chinese
3247,Egg Shanghai Noodles,Chinese,Egg,150.0,chinese,chinese
3248,Chicken Chilli Garlic Noodles,Chinese,Non-Veg,150.0,chinese,chinese
3249,Mutton Chilli Garlic Noodles,Chinese,Non-Veg,150.0,chinese,chinese
3250,Mutton Singapore Noodles,Chinese,Non-Veg,150.0,chinese,chinese
3251,Mutton Hakka Noodles,Chinese,Non-Veg,150.0,chinese,chinese
3252,Chicken American Chopsy,Sides,Non-Veg,150.0,sides,sides
3253,Chicken Hongkong Noodles,Chinese,Non-Veg,150.0,chinese,chinese
3254,Chicken Schewan Noodles,Chinese,Non-Veg,150.0,chinese,chinese
3255,Egg Hongkong Noodles,Chinese,Egg,150.0,chinese,chinese
3256,Egg Schewan Noodles,Chinese,Egg,150.0,chinese,chinese
3257,Fish Hongkong Noodles,Chinese,Non-Veg,150.0,chinese,chinese
3258,Fish Schewan Noodles,Chinese,Non-Veg,150.0,chinese,chinese
3259,Mixed Chilli Garlic Noodles Non Veg,Chinese,Non-Veg,150.0,chinese,chinese
3260,Mixed Hakka Noodles,Chinese,Non-Veg,150.0,chinese,chinese
3261,Mixed Hongkong Noodles,Chinese,Non-Veg,150.0,chinese,chinese
3262,Mixed Schewan Noodles,Chinese,Non-Veg,150.0,chinese,chinese
3263,Mutton Hongkong Noodles,Chinese,Non-Veg,150.0,chinese,chinese
3264,Mutton Schewan Noodles,Chinese,Non-Veg,150.0,chinese,chinese
3265,Mutton Shanghai  Noodles,Chinese,Non-Veg,150.0,chinese,chinese
3266,Prawn Chilli Garlic Noodles,Chinese,Non-Veg,150.0,chinese,chinese
3267,Prawn Hakka Noodles,Chinese,Non-Veg,150.0,chinese,chinese
3268,Prawn Hongkong Noodles,Chinese,Non-Veg,150.0,chinese,chinese
3269,Prawn Noodles,Chinese,Non-Veg,150.0,chinese,chinese
3270,Prawn Schewan Noodles,Chinese,Non-Veg,150.0,chinese,chinese
3271,Prawn Shanghai Noodles,Chinese,Non-Veg,150.0,chinese,chinese
3272,Fish Fried Rice,Rice,Non-Veg,150.0,rice,rice
3273,Fish Chilli Garlic Fried Rice,Rice,Non-Veg,150.0,rice,rice
3274,Fish Shanghai Fried Rice,Rice,Non-Veg,150.0,rice,rice
3275,Fish Singapore Fried Rice,Rice,Non-Veg,150.0,rice,rice
3276,Fish Hakka Fried Rice,Rice,Non-Veg,150.0,rice,rice
3277,Mixed Chilli Garlic Fried Rice,Rice,Non-Veg,150.0,rice,rice
3278,Mixed Singapore Fried Rice,Rice,Non-Veg,150.0,rice,rice
3279,Mixed Hakka Fried Rice,Rice,Non-Veg,150.0,rice,rice
3280,Egg Chilli Garlic Fried Rice,Rice,Egg,150.0,rice,rice
3281,Egg Shanghai Fried Rice,Rice,Egg,150.0,rice,rice
3282,Egg Singapore Fried Rice,Rice,Egg,150.0,rice,rice
3283,Egg Hakka Fried Rice,Rice,Egg,150.0,rice,rice
3284,Chicken Chilli Garlic Fried Rice,Rice,Non-Veg,150.0,rice,rice
3285,Chicken Singapore Fried Rice,Rice,Non-Veg,150.0,rice,rice
3286,Chicken Hakka Fried Rice,Rice,Non-Veg,150.0,rice,rice
3287,Mutton Chilli Garlic Fried Rice,Rice,Non-Veg,150.0,rice,rice
3288,Mutton Hakka Fried Rice,Rice,Non-Veg,150.0,rice,rice
3289,Chicken Hongkong Fried Rice,Rice,Non-Veg,150.0,rice,rice
3290,Chicken Schewan Fried Rice,Rice,Non-Veg,150.0,rice,rice
3291,Egg American Chopsy,Sides,Egg,150.0,sides,sides
3292,Egg Hongkong Fried Rice,Rice,Egg,150.0,rice,rice
3293,Egg Schewan Fried Rice,Rice,Egg,150.0,rice,rice
3294,Fish American Chopsy,Sides,Non-Veg,150.0,sides,sides
3295,Fish Hongkong Fried Rice,Rice,Non-Veg,150.0,rice,rice
3296,Fish Schewan Fried Rice,Rice,Non-Veg,150.0,rice,rice
3297,Mixed American Chopsy,Sides,Non-Veg,150.0,sides,sides
3298,Mixed Hongkong Fried Rice,Rice,Non-Veg,150.0,rice,rice
3299,Mixed Schewan Fried Rice,Rice,Non-Veg,150.0,rice,rice
3300,Mutton American Chopsy,Sides,Non-Veg,150.0,sides,sides
3301,Mutton Hongkong Fried Rice,Rice,Non-Veg,150.0,rice,rice
3302,Mutton Schewan Fried Rice,Rice,Non-Veg,150.0,rice,rice
3303,Prawn American Chopsy,Sides,Non-Veg,150.0,sides,sides
3304,Prawn Chilli Garlic Fried Rice,Rice,Non-Veg,150.0,rice,rice
3305,Prawn Hakka Fried Rice,Rice,Non-Veg,150.0,rice,rice
3306,Prawn Hongkong Fried Rice,Rice,Non-Veg,150.0,rice,rice
3307,Prawn Schewan Fried Rice,Rice,Non-Veg,150.0,rice,rice
3308,Prawn Shanghai Fried Rice,Rice,Non-Veg,150.0,rice,rice
3309,Prawn Singapore Fried Rice,Rice,Non-Veg,150.0,rice,rice
3310,Veg Hakka Fried Rice,Rice,Veg,150.0,rice,rice
3311,Paneer Chilli Garlic Fried Rice,Curry,Veg,150.0,curry,curry
3312,Paneer Shanghai Fried Rice,Curry,Veg,150.0,curry,curry
3313,Paneer Singapore Fried Rice,Curry,Veg,150.0,curry,curry
3314,Paneer Hakka Fried Rice,Curry,Veg,150.0,curry,curry
3315,Mushroom Chilli Garlic Fried Rice,Rice,Veg,150.0,rice,rice
3316,Veg Mixed Fried Rice,Rice,Veg,150.0,rice,rice
3317,Veg Mixed Chilli Garlic Fried Rice,Rice,Veg,150.0,rice,rice
3318,Veg Chilli Garlic Fried Rice,Rice,Veg,150.0,rice,rice
3319,Veg Shanghai Fried Rice,Rice,Veg,150.0,rice,rice
3320,Baby Corn American Fried Rice,Rice,Veg,150.0,rice,rice
3321,Baby Corn Chilli Garlic Fried Rice,Rice,Veg,150.0,rice,rice
3322,Baby Corn Fried Rice,Rice,Veg,150.0,rice,rice
3323,Baby Corn Hakka Fried Rice,Rice,Veg,150.0,rice,rice
3324,Baby Corn Schewan Fried Rice,Rice,Veg,150.0,rice,rice
3325,Baby Corn Shanghai Fried Rice,Rice,Veg,150.0,rice,rice
3326,Baby Corn Singapore Fried Rice,Rice,Veg,150.0,rice,rice
3327,Babycorn Hong Kong Rice,Biryani,Veg,150.0,biryani,biryani
3328,Mushroom American  Rice,Biryani,Veg,150.0,biryani,biryani
3329,Mushroom Hong Kong Rice,Biryani,Veg,150.0,biryani,biryani
3330,Mushroom Schewan Fried Rice,Rice,Veg,150.0,rice,rice
3331,Mushroom Singapore Rice,Biryani,Veg,150.0,biryani,biryani
3332,Paneer American Fried Rice,Curry,Veg,150.0,curry,curry
3333,Paneer Hong Kong Rice,Biryani,Veg,150.0,biryani,biryani
3334,Paneer Schewan Fried Rice,Curry,Veg,150.0,curry,curry
3335,Veg American Fried Rice,Rice,Veg,150.0,rice,rice
3336,Veg Hong Kong Rice,Biryani,Veg,150.0,biryani,biryani
3337,Veg Mixed American Fried Rice,Rice,Veg,150.0,rice,rice
3338,Veg Mixed Hakka Rice,Biryani,Veg,150.0,biryani,biryani
3339,Veg Mixed Hong Kong Rice,Biryani,Veg,150.0,biryani,biryani
3340,Veg Mixed Schewan Fried Rice,Rice,Veg,150.0,rice,rice
3341,Veg Schewan Fried Rice,Rice,Veg,150.0,rice,rice
3342,Veg Chilli Garlic Noodles,Chinese,Veg,150.0,chinese,chinese
3343,Veg Shanghai Noodles,Chinese,Veg,150.0,chinese,chinese
3344,Veg Hong Kong Noodles,Chinese,Veg,150.0,chinese,chinese
3345,Paneer Chilli Garlic Noodles,Curry,Veg,150.0,curry,curry
3346,Paneer Shanghai Noodles,Curry,Veg,150.0,curry,curry
3347,Paneer Hong Kong Noodles,Curry,Veg,150.0,curry,curry
3348,Mushroom Chilli Garlic Noodles,Chinese,Veg,150.0,chinese,chinese
3349,Veg Mixed Noodles,Chinese,Veg,150.0,chinese,chinese
3350,Veg Mixed Chilli Garlic Noodles,Chinese,Veg,150.0,chinese,chinese
3351,Baby Corn American Noodles,Chinese,Veg,150.0,chinese,chinese
3352,Baby Corn Chilli Garlic Noodles,Chinese,Veg,150.0,chinese,chinese
3353,Baby Corn Hakka  Noodles,Chinese,Veg,150.0,chinese,chinese
3354,Baby Corn Noodles,Chinese,Veg,150.0,chinese,chinese
3355,Baby Corn Schewan Noodles,Chinese,Veg,150.0,chinese,chinese
3356,Baby Corn Shanghai Noodles,Chinese,Veg,150.0,chinese,chinese
3357,Baby Corn Singapore Noodles,Chinese,Veg,150.0,chinese,chinese
3358,Mixed American Noodles,Chinese,Veg,150.0,chinese,chinese
3359,Mushroom American Fried Noodles,Chinese,Veg,150.0,chinese,chinese
3360,Mushroom Schewan Noodles,Chinese,Veg,150.0,chinese,chinese
3361,Paneer American Noodles,Curry,Veg,150.0,curry,curry
3362,Paneer Schewan Noodles,Curry,Veg,150.0,curry,curry
3363,Veg American Fried Noodles,Chinese,Veg,150.0,chinese,chinese
3364,Veg Mixed Schewan Noodles,Chinese,Veg,150.0,chinese,chinese
3365,Veg Schewan Noodles,Chinese,Veg,150.0,chinese,chinese
3366,Tandoori Paratha,Bread,Veg,150.0,bread,bread
3367,Butter Kulcha,Bread,Veg,150.0,bread,bread
3368,Chappathi,Bread,Veg,150.0,bread,bread
3369,Chicken Kothu Paratta,Bread,Non-Veg,150.0,bread,bread
3370,Egg Kothu Paratta,Bread,Egg,150.0,bread,bread
3371,Idiyappam [ 4 Pieces ],Bread,Veg,150.0,bread,bread
3372,Mutton Kothu Paratta,Bread,Non-Veg,150.0,bread,bread
3373,Plain Kulcha,Bread,Veg,150.0,bread,bread
3374,Plain Naan,Bread,Veg,150.0,bread,bread
3375,Plain Roti,Bread,Veg,150.0,bread,bread
3376,Prawn Kothu Paratha,Bread,Non-Veg,150.0,bread,bread
3377,Pudina Paratha,Bread,Veg,150.0,bread,bread
3378,Pulka( 2 Pcs ),Bread,Veg,150.0,bread,bread
3379,Veg Masala,Curry,Veg,150.0,curry,curry
3380,Pepper Gobi,Sides,Veg,150.0,sides,sides
3381,Pepper Paneer,Curry,Veg,150.0,curry,curry
3382,Pepper Mushroom,Sides,Veg,150.0,sides,sides
3383,Lababdar Veg,Sides,Veg,150.0,sides,sides
3384,Mutter Masala,Curry,Veg,150.0,curry,curry
3385,Kerala Chicken,Sides,Non-Veg,150.0,sides,sides
3386,Hyderabad Chicken,Sides,Non-Veg,150.0,sides,sides
3387,Kaadai Chettinad,Sides,Non-Veg,150.0,sides,sides
3388,Pepper Chicken Masala,Curry,Non-Veg,150.0,curry,curry
3389,Nattukkozhi Masala,Curry,Non-Veg,150.0,curry,curry
3390,Pepper Paya,Sides,Non-Veg,150.0,sides,sides
3391,Pepper Chops,Sides,Veg,150.0,sides,sides
3392,Mutton Hyderabad,Sides,Non-Veg,150.0,sides,sides
3393,Aatukal Paya,Sides,Non-Veg,150.0,sides,sides
3394,Aatukal Pepper Paya,Sides,Non-Veg,150.0,sides,sides
3395,Mutton Chops Gravy,Curry,Non-Veg,150.0,curry,curry
3396,Mutton Kurma,Sides,Non-Veg,150.0,sides,sides
3397,Prawn Chettinad,Sides,Non-Veg,150.0,sides,sides
3398,Kadai Prawns,Sides,Non-Veg,150.0,sides,sides
3399,Kadai Fish,Sides,Non-Veg,150.0,sides,sides
3400,Kerala Fish Curry,Curry,Non-Veg,150.0,curry,curry
3401,Egg Kalaki,Sides,Egg,150.0,sides,sides
3402,Egg Masala Omellete,Curry,Egg,150.0,curry,curry
3403,Half Boil,Sides,Non-Veg,150.0,sides,sides
3404,Mutton Omelate,Sides,Non-Veg,150.0,sides,sides
3405,Omellete,Sides,Non-Veg,150.0,sides,sides
3406,Tandoori Egg ( 2 Nos ),Sides,Egg,150.0,sides,sides
3407,Sweet Lime Pure Juice,Beverage,Veg,150.0,beverage,beverage
3408,Ice Orange Juice,Beverage,Veg,150.0,beverage,beverage
3409,Liche Juice,Beverage,Veg,150.0,beverage,beverage
3410,Moosambi Juice,Beverage,Veg,150.0,beverage,beverage
3411,Moosambi,Sides,Veg,150.0,sides,sides
3412,Papya Juice,Beverage,Veg,150.0,beverage,beverage
3413,Pomegranite Juice,Beverage,Veg,150.0,beverage,beverage
3414,Pulpy Grape Juice,Beverage,Veg,150.0,beverage,beverage
3415,Pure Orange Juice,Beverage,Veg,150.0,beverage,beverage
3416,Salt Lime Soda,Sides,Veg,150.0,sides,sides
3417,Apple Milk Shake,Beverage,Veg,150.0,beverage,beverage
3418,Black Currant Milk Shake,Beverage,Veg,150.0,beverage,beverage
3419,Butter Fruit Milk Shake,Beverage,Veg,150.0,beverage,beverage
3420,Butterscoth Milk Shake,Beverage,Veg,150.0,beverage,beverage
3421,Chocolate Milk Shake,Beverage,Veg,150.0,beverage,beverage
3422,Fig Milk Shake,Beverage,Veg,150.0,beverage,beverage
3423,Kiwi Milk Shake,Beverage,Veg,150.0,beverage,beverage
3424,Liche Milk Shake,Beverage,Veg,150.0,beverage,beverage
3425,Mango Milk Shake,Beverage,Veg,150.0,beverage,beverage
3426,Musk Melon Milk Shake,Beverage,Veg,150.0,beverage,beverage
3427,Papya Milk Shake,Beverage,Veg,150.0,beverage,beverage
3428,Pista Milk Shake,Beverage,Veg,150.0,beverage,beverage
3429,Pomegranate Milk Shake,Beverage,Veg,150.0,beverage,beverage
3430,Vennila Milk Shake,Beverage,Veg,150.0,beverage,beverage
3431,Strawberry Ice Cream Milkshake,Dessert,Veg,150.0,dessert,dessert
3432,Dairy Milk Shake,Beverage,Veg,150.0,beverage,beverage
3433,Snicker Milk Shake,Beverage,Veg,150.0,beverage,beverage
3434,Butter Scotch Ice Cream,Dessert,Veg,150.0,dessert,dessert
3435,Chocolate Ice Cream,Dessert,Veg,150.0,dessert,dessert
3436,Fruit Salad With Ice Cream,Dessert,Veg,150.0,dessert,dessert
3437,Mango Ice Cream,Dessert,Veg,150.0,dessert,dessert
3438,Pista Ice Cream,Dessert,Veg,150.0,dessert,dessert
3439,Sizzling Browine With Ice Cream,Dessert,Veg,150.0,dessert,dessert
3440,Spl Nut Falooda,Dessert,Veg,150.0,dessert,dessert
3441,Strawberry Ice Cream,Dessert,Veg,150.0,dessert,dessert
3442,Vennila Ice Cream,Dessert,Veg,150.0,dessert,dessert
3443,Lime Mojito's,Sides,Veg,150.0,sides,sides
3444,Chicken Bucket Biryani,Biryani,Non-Veg,150.0,biryani,biryani
3445,Mutton Bucket Biryani,Biryani,Non-Veg,150.0,biryani,biryani
3446,Biriyani Maggie,Sides,Veg,150.0,sides,sides
3447,Bread Halwa,Dessert,Veg,150.0,dessert,dessert
3448,Bread Omellete,Sides,Non-Veg,150.0,sides,sides
3449,Browine With Ice Ream,Sides,Veg,150.0,sides,sides
3450,Browine,Sides,Veg,150.0,sides,sides
3451,Cardoman Tea,Beverage,Veg,150.0,beverage,beverage
3452,Cheese Maggie,Sides,Veg,150.0,sides,sides
3453,Cheesy French Fries,Sides,Veg,150.0,sides,sides
3454,Chicken Bread Omellette,Sides,Non-Veg,150.0,sides,sides
3455,Chicken Chessy Shots(3),Sides,Non-Veg,150.0,sides,sides
3456,Chicken Fingers (3),Sides,Non-Veg,150.0,sides,sides
3457,Chicken Nuggets(4nos),Sides,Non-Veg,150.0,sides,sides
3458,Coffee Large,Sides,Veg,150.0,sides,sides
3459,Double Egg Bread Omelllete,Sides,Egg,150.0,sides,sides
3460,Double Egg Maggie,Sides,Egg,150.0,sides,sides
3461,Filter Coffe,Sides,Veg,150.0,sides,sides
3462,Ginger Tea,Beverage,Veg,150.0,beverage,beverage
3463,Lemon Tea,Beverage,Veg,150.0,beverage,beverage
3464,Masala Tea,Curry,Veg,150.0,curry,curry
3465,Mayo Fries,Sides,Veg,150.0,sides,sides
3466,Cheatinadu Mutton Omelate,Sides,Non-Veg,150.0,sides,sides
3467,Chettinadu  Nandu Milagu Varuval,Sides,Non-Veg,150.0,sides,sides
3468,Chettinadu  Nethil Fish Varvuval,Sides,Non-Veg,150.0,sides,sides
3469,Chettinadu Chicken Omllette,Sides,Non-Veg,150.0,sides,sides
3470,Chettinadu Iyra Meen Kozhambu,Sides,Non-Veg,150.0,sides,sides
3471,Chettinadu Kaadai Masala,Curry,Non-Veg,150.0,curry,curry
3472,Chettinadu Kaadai Varuval,Sides,Non-Veg,150.0,sides,sides
3473,Chettinadu Kozhi Masala,Curry,Non-Veg,150.0,curry,curry
3474,Chettinadu Milagu Kozhi Varuval,Sides,Non-Veg,150.0,sides,sides
3475,Chettinadu Mutton Brain Milagu Varaval,Sides,Non-Veg,150.0,sides,sides
3476,Chettinadu Mutton Egg Brain Spl Varuval,Sides,Egg,150.0,sides,sides
3477,Chettinadu Mutton Kheema,Sides,Non-Veg,150.0,sides,sides
3478,Chettinadu Mutton Kola Uranda(2pcs),Sides,Non-Veg,150.0,sides,sides
3479,Chettinadu Mutton Liver,Sides,Non-Veg,150.0,sides,sides
3480,Chettinadu Mutton Nali Varvual,Sides,Non-Veg,150.0,sides,sides
3481,Chettinadu Mutton Suka,Sides,Non-Veg,150.0,sides,sides
3482,Chettinadu Mutton Varatha Curry,Curry,Non-Veg,150.0,curry,curry
3483,Chettinadu Nandu Milagu Masala,Curry,Non-Veg,150.0,curry,curry
3484,Chettinadu Nattukozhi  Masala,Curry,Non-Veg,150.0,curry,curry
3485,Chettinadu Nattukozhi Milagu Varuval,Sides,Non-Veg,150.0,sides,sides
3486,Chettinadu Pichu Potta Nattukozhi Varuval,Sides,Non-Veg,150.0,sides,sides
3487,Chettinadu Prawn Milagu Masala,Curry,Non-Veg,150.0,curry,curry
3488,Chettinadu Prawn Milagu Varvuval,Sides,Non-Veg,150.0,sides,sides
3489,Chettinadu Vanjaram Fish Varuval,Sides,Non-Veg,150.0,sides,sides
3490,Egg Butter Uthapam,Sides,Egg,150.0,sides,sides
3491,Onoin Podi Dosi,Sides,Veg,150.0,sides,sides
3492,Podi Uthappam,Sides,Veg,150.0,sides,sides
3493,Chicken Dosai,South Indian,Non-Veg,150.0,south indian,south indian
3494,Egg Dosai,South Indian,Egg,150.0,south indian,south indian
3495,Egg Kal Dosai,South Indian,Egg,150.0,south indian,south indian
3496,Kal Dosai,South Indian,Veg,150.0,south indian,south indian
3497,Mutton Dosai,South Indian,Non-Veg,150.0,south indian,south indian
3498,Onion Dosai,South Indian,Veg,150.0,south indian,south indian
3499,Onion Podi Uthappam,Sides,Veg,150.0,sides,sides
3500,Podi Dosai,South Indian,Veg,150.0,south indian,south indian
3501,Parcel Grill Full,Sides,Non-Veg,150.0,sides,sides
3502,Parcel Spl Shawarma,Sides,Veg,150.0,sides,sides
3503,Parcel Tandoori Full,Sides,Non-Veg,150.0,sides,sides
3504,Chicken Dum Biryani Offer,Biryani,Non-Veg,150.0,biryani,biryani
3505,Chicken Biryani With Grill Chicken Half,Biryani,Non-Veg,150.0,biryani,biryani
3506,Chicken Tandoori Biryani,Biryani,Non-Veg,150.0,biryani,biryani
3507,CHICKEN DUM BIRYANI BUY 2 GET 1 FREE 450ml,Biryani,Non-Veg,150.0,biryani,biryani
3508,Chicken Dum Biryani +ckn Hot 65  2pc +fizzy Lemon,Biryani,Non-Veg,150.0,biryani,biryani
3509,Mutton Dum Biryani Free Ckn Hot Wings 3pcs,Biryani,Non-Veg,150.0,biryani,biryani
3510,MUTTON DUM BIRYANI Buy2 GET 1  450ml,Biryani,Non-Veg,150.0,biryani,biryani
3511,Meshwi Chicken Kebab,Starter,Non-Veg,150.0,starter,starter
3512,Chipotle Grill Bbq Chicken,Sides,Non-Veg,150.0,sides,sides
3513,Hyderabadi Prawns 65 Dry,Starter,Non-Veg,150.0,starter,starter
3514,Tai Pai Chicken,Starter,Non-Veg,150.0,starter,starter
3515,Honey Chilli Chicken,Starter,Non-Veg,150.0,starter,starter
3516,Shanghai Chicken,Starter,Non-Veg,150.0,starter,starter
3517,Kung Pao Chicken Dry,Starter,Non-Veg,150.0,starter,starter
3518,Chicken Hakka Style Dry,Starter,Non-Veg,150.0,starter,starter
3519,Chicken Hot Wings,Starter,Non-Veg,150.0,starter,starter
3520,Chicken And Peppers Dry,Starter,Non-Veg,150.0,starter,starter
3521,Chicken Arabian Shawarma Roll,Starter,Non-Veg,150.0,starter,starter
3522,Chicken Crunchy Hot Strips [6 Pieces],Starter,Non-Veg,150.0,starter,starter
3523,Chicken Hot 65 [10 Pieces]skinless,Starter,Non-Veg,150.0,starter,starter
3524,Chicken Hot 65 [5 Pieces],Starter,Non-Veg,150.0,starter,starter
3525,Chicken Hot Lollipop [4 Pieces],Starter,Non-Veg,150.0,starter,starter
3526,Chicken Hot Strips [7 Pieces],Starter,Non-Veg,150.0,starter,starter
3527,Chicken Hot Wings [4 Pieces],Starter,Non-Veg,150.0,starter,starter
3528,Chicken Kaichi Hot Wings [6 Pieces],Starter,Non-Veg,150.0,starter,starter
3529,Chicken Manchurian Dry [half],Starter,Non-Veg,150.0,starter,starter
3530,Chicken N Peppers Full,Starter,Non-Veg,150.0,starter,starter
3531,Chicken N Peppers [half],Starter,Non-Veg,150.0,starter,starter
3532,Chilli Chicken Dry [half],Starter,Non-Veg,150.0,starter,starter
3533,Crispy Chicken [half],Starter,Non-Veg,150.0,starter,starter
3534,Fish Spiced 65,Starter,Non-Veg,150.0,starter,starter
3535,Hyderabadi Fish 65 Dry [half],Starter,Non-Veg,150.0,starter,starter
3536,Hyderabadi Fish 65 Dry(free Kuboos 2pc),Starter,Non-Veg,150.0,starter,starter
3537,Schezwan Chicken Dry [half],Starter,Non-Veg,150.0,starter,starter
3538,Spiced Prawns 65,Starter,Non-Veg,150.0,starter,starter
3539,Tawa Fish(free Kuboos 2),Starter,Non-Veg,150.0,starter,starter
3540,Singapore Chilli Prawns Dry,Starter,Non-Veg,150.0,starter,starter
3541,Hunan Prawns Dry,Starter,Non-Veg,150.0,starter,starter
3542,Golden Prawns Dry,Starter,Non-Veg,150.0,starter,starter
3543,Ginger Garlic Prawns Dry,Starter,Non-Veg,150.0,starter,starter
3544,Dragon Prawns Dry,Starter,Non-Veg,150.0,starter,starter
3545,Prawns Salt And Pepper Dry,Starter,Non-Veg,150.0,starter,starter
3546,Lamb Spring Onion Dry,Starter,Non-Veg,150.0,starter,starter
3547,Shredded Lamb Chilli Sauce Dry,Starter,Non-Veg,150.0,starter,starter
3548,Lamb In Oyster Sauce Dry,Starter,Non-Veg,150.0,starter,starter
3549,Roasted Lamb Chilli,Starter,Non-Veg,150.0,starter,starter
3550,Crispy Chilli Vegetables,Starter,Veg,150.0,starter,starter
3551,Tai Pai Cauliflower,Starter,Veg,150.0,starter,starter
3552,Mushroom Pepper Salt,Starter,Veg,150.0,starter,starter
3553,Chilli Potato,Starter,Veg,150.0,starter,starter
3554,Veg Balls Manchurian,Starter,Veg,150.0,starter,starter
3555,Crispy Chilli Paneer Dry,Curry,Veg,150.0,curry,curry
3556,Cauliflower Manchurian Dry,Starter,Veg,150.0,starter,starter
3557,Mushroom Pepper Salt Dry,Starter,Veg,150.0,starter,starter
3558,Baby Corn Chilli Dry,Starter,Veg,150.0,starter,starter
3559,Golden Fried Baby Corn,Starter,Veg,150.0,starter,starter
3560,Stir-fried Vegetables,Starter,Veg,150.0,starter,starter
3561,Beijing Veg Salt And Pepper,Starter,Veg,150.0,starter,starter
3562,Mandarin Fish Dry,Starter,Non-Veg,150.0,starter,starter
3563,Fish Finger Dry,Starter,Non-Veg,150.0,starter,starter
3564,Dragon Fish Dry,Starter,Non-Veg,150.0,starter,starter
3565,Ginger Garlic Fish Dry,Starter,Non-Veg,150.0,starter,starter
3566,Phuket Fish Dry,Starter,Non-Veg,150.0,starter,starter
3567,Chilli Fish Dry (full),Starter,Non-Veg,150.0,starter,starter
3568,Chilli Fish Dry [5 Pieces],Starter,Non-Veg,150.0,starter,starter
3569,Fish Bell Pepper Dry (full),Starter,Non-Veg,150.0,starter,starter
3570,Fish Bell Pepper Dry [5 Pieces],Starter,Non-Veg,150.0,starter,starter
3571,Fish Butter Pepper Dry (full),Starter,Non-Veg,150.0,starter,starter
3572,Fish Butter Pepper Dry [5 Pieces],Starter,Non-Veg,150.0,starter,starter
3573,Fish Finger Dry [4 Pieces],Starter,Non-Veg,150.0,starter,starter
3574,Fish Manchurian Dry (full),Starter,Non-Veg,150.0,starter,starter
3575,Fish Manchurian Dry [5 Pieces],Starter,Non-Veg,150.0,starter,starter
3576,Aatish Murgh Tikka,Starter,Non-Veg,150.0,starter,starter
3577,Banjara Murgh Tikka,Starter,Non-Veg,150.0,starter,starter
3578,Murgh Malai Tikka,Starter,Non-Veg,150.0,starter,starter
3579,Pudina Murgh Tikka,Starter,Non-Veg,150.0,starter,starter
3580,Curry Leaves Chicken Tikka,Curry,Non-Veg,150.0,curry,curry
3581,Lehsuni Murgh Tikka,Starter,Non-Veg,150.0,starter,starter
3582,Chicken Kali Mirch Kebab,Starter,Non-Veg,150.0,starter,starter
3583,Chicken Kasturi Kebab,Starter,Non-Veg,150.0,starter,starter
3584,Chicken Sholey Kebab,Starter,Non-Veg,150.0,starter,starter
3585,Murgh Gilafi Seekh Chicken,Starter,Non-Veg,150.0,starter,starter
3586,Afghani Chicken Kabab,Starter,Non-Veg,150.0,starter,starter
3587,Afghani Chicken Kebab [4 Pieces],Starter,Non-Veg,150.0,starter,starter
3588,Banjara Murgh Tikka [4 Pcs],Starter,Non-Veg,150.0,starter,starter
3589,Chicken Kalmi Kebab 3pc,Starter,Non-Veg,150.0,starter,starter
3590,Chicken Tangdi Kebab Leg Piece,Starter,Non-Veg,150.0,starter,starter
3591,Curry Leaves Chicken Tikka [half 4 Pieces],Curry,Non-Veg,150.0,curry,curry
3592,Grill House Special Bil Cheese Chicken Kebab,Starter,Non-Veg,150.0,starter,starter
3593,Murgh Malai Tikka [4pcs],Starter,Non-Veg,150.0,starter,starter
3594,Peri Peri Chicken Tikka [4 Pcs],Starter,Non-Veg,150.0,starter,starter
3595,Pudina Murgh Tikka [4pcs],Starter,Non-Veg,150.0,starter,starter
3596,Tandoori Chicken [half 4 Pcs],Starter,Non-Veg,150.0,starter,starter
3597,Aatish Murg Tikka (4pcs),Starter,Non-Veg,150.0,starter,starter
3598,Aatish Murg Tikka (6pcs),Starter,Non-Veg,150.0,starter,starter
3599,Tandoori Tikka (6pcs),Starter,Non-Veg,150.0,starter,starter
3600,Tandoori Tikka(4pcs),Starter,Veg,150.0,starter,starter
3601,Chipotle  Bbq Chicken,Starter,Non-Veg,150.0,starter,starter
3602,Tandoori Chicken Tikka,Starter,Non-Veg,150.0,starter,starter
3603,Tandoori Chicken Half With Mutton Biryani,Biryani,Non-Veg,150.0,biryani,biryani
3604,Afghani Paneer Tikka,Curry,Veg,150.0,curry,curry
3605,Amritsari Paneer Tikka,Curry,Veg,150.0,curry,curry
3606,Lahori Paneer Tikka,Curry,Veg,150.0,curry,curry
3607,Pudina Paneer Tikka,Curry,Veg,150.0,curry,curry
3608,Spicy Tikka,Starter,Veg,150.0,starter,starter
3609,Veg Sheekh Kebab,Starter,Veg,150.0,starter,starter
3610,Veg Shami Kebab,Starter,Veg,150.0,starter,starter
3611,Tandoori  Paneer Tikka,Curry,Veg,150.0,curry,curry
3612,Aatish Paneer Tikka [6 Pieces],Curry,Veg,150.0,curry,curry
3613,Mutton Pudina Chops,Starter,Non-Veg,150.0,starter,starter
3614,Mutton Gosht Shami Kebab (4 Pcs),Starter,Non-Veg,150.0,starter,starter
3615,Peri Peri Fish Tikka,Starter,Non-Veg,150.0,starter,starter
3616,Fhaal Fish Tikka,Starter,Non-Veg,150.0,starter,starter
3617,Kali Mirch Fish Tikka,Starter,Non-Veg,150.0,starter,starter
3618,Tandoori Prawns,Starter,Non-Veg,150.0,starter,starter
3619,Lehsuni Jhinga,Starter,Non-Veg,150.0,starter,starter
3620,Afghani Prawns,Starter,Non-Veg,150.0,starter,starter
3621,Plain Biryani Rice,Biryani,Non-Veg,150.0,biryani,biryani
3622,Phirni,Sides,Veg,150.0,sides,sides
3623,2 Chicken Dum Biryani With Ckn Hot Wings 4pc,Biryani,Non-Veg,150.0,biryani,biryani
3624,Chicken Biryani [mini 450ml],Biryani,Non-Veg,150.0,biryani,biryani
3625,Egg Biryani [mini],Biryani,Egg,150.0,biryani,biryani
3626,"Mutton Dum Biryani [mini, 450 Ml]",Biryani,Non-Veg,150.0,biryani,biryani
3627,Mutton Gosht Dum Biryani Offer Ckn Hot Wings 2pc,Biryani,Non-Veg,150.0,biryani,biryani
3628,Prawns 65 Biryani,Biryani,Non-Veg,150.0,biryani,biryani
3629,Raitha,Sides,Veg,150.0,sides,sides
3630,Raitha And Brinjal Chutney,Sides,Veg,150.0,sides,sides
3631,Mutton Dum Biryani+spicy Bbq Quarter,Biryani,Non-Veg,150.0,biryani,biryani
3632,Chicken Dum Biryani With Tandoori Ckn Qtr,Biryani,Non-Veg,150.0,biryani,biryani
3633,Mutton Biryani With Ckn Hot 65 3pc,Biryani,Non-Veg,150.0,biryani,biryani
3634,Chicken Biryani With Ckn 65 4pc,Biryani,Non-Veg,150.0,biryani,biryani
3635,1 Kg Mutton Biryani,Biryani,Non-Veg,150.0,biryani,biryani
3636,Prawn  Biryani,Biryani,Non-Veg,150.0,biryani,biryani
3637,Manchow Veg Fried Rice,Rice,Veg,150.0,rice,rice
3638,Singapore Veg Fried Rice,Rice,Veg,150.0,rice,rice
3639,"Mushroom Fried Rice [half, 450 Ml]",Rice,Veg,150.0,rice,rice
3640,"Paneer Fried Rice [half, 450 Ml]",Curry,Veg,150.0,curry,curry
3641,"Veg Schezwan Fried Rice [half, 450 Ml]",Rice,Veg,150.0,rice,rice
3642,Schezwan Prawns Fried Rice,Rice,Non-Veg,150.0,rice,rice
3643,Mixed Fried Rice (prawn+chicken),Rice,Non-Veg,150.0,rice,rice
3644,Schezwan Mixed Rice,Biryani,Non-Veg,150.0,biryani,biryani
3645,Chicken Fried Rice With Chicken Hot Lollipop [2 Pieces],Rice,Non-Veg,150.0,rice,rice
3646,"Chicken Fried Rice [mini, 450 Ml]",Rice,Non-Veg,150.0,rice,rice
3647,Manchow Prawns Fried Rice With Chicken Hot Wings [2 Pieces],Rice,Non-Veg,150.0,rice,rice
3648,Mutton Fried Rice With Chicken Hot Wings [3 Pieces] Free,Rice,Non-Veg,150.0,rice,rice
3649,Hakka Veg Noodles,Chinese,Veg,150.0,chinese,chinese
3650,Hong Kong Veg Noodles,Chinese,Veg,150.0,chinese,chinese
3651,Mandarin Veg Noodles,Chinese,Veg,150.0,chinese,chinese
3652,Yang Chow Chicken Noodles,Chinese,Non-Veg,150.0,chinese,chinese
3653,Shanghai Chicken Fried Noodles,Chinese,Non-Veg,150.0,chinese,chinese
3654,Hong Kong Chicken Noodles,Chinese,Non-Veg,150.0,chinese,chinese
3655,Hong Kong Noodles Prawns,Chinese,Non-Veg,150.0,chinese,chinese
3656,Hong Kong Noodles Mixed,Chinese,Non-Veg,150.0,chinese,chinese
3657,Chicken Manchow Noodles,Chinese,Non-Veg,150.0,chinese,chinese
3658,2 Butter Naan With Chicken Masala [250 Ml],Curry,Non-Veg,150.0,curry,curry
3659,2 Chapati With Chicken Masala [250 Ml],Curry,Non-Veg,150.0,curry,curry
3660,2 Naan With Chicken Masala [250 Ml],Curry,Non-Veg,150.0,curry,curry
3661,Chicken Fried Rice With  Chicken Hot Wings [2 Pieces],Rice,Non-Veg,150.0,rice,rice
3662,Chicken Fried Rice With Free Chilli Chicken [3 Pieces],Rice,Non-Veg,150.0,rice,rice
3663,Chicken Noodles With  Chicken Hot Wings [2 Pieces],Chinese,Non-Veg,150.0,chinese,chinese
3664,Ghee Rice With Chicken Masala [250 Ml],Biryani,Non-Veg,150.0,biryani,biryani
3665,Jeera Pulao With Chicken Masala [250 Ml],Curry,Non-Veg,150.0,curry,curry
3666,Steamed Rice With Fish Masala (250ml),Biryani,Non-Veg,150.0,biryani,biryani
3667,Chicken Biryani With Hot Wings 3pc,Biryani,Non-Veg,150.0,biryani,biryani
3668,2 Tandoori Roti With Chicken Masala (250ml),Curry,Non-Veg,150.0,curry,curry
3669,Mutton Dum Biryani +ckn 65 2pc+fizzy Lemon,Biryani,Non-Veg,150.0,biryani,biryani
3670,Peri Peri Chicken Steak Free 1 Kuboos,Beverage,Non-Veg,150.0,beverage,beverage
3671,Curry Leaves Chicken Steak,Curry,Non-Veg,150.0,curry,curry
3672,Arabian Chicken Steak Free 1 Kuboos,Beverage,Non-Veg,150.0,beverage,beverage
3673,Butterfly Chicken Steak Sizzler,Beverage,Non-Veg,150.0,beverage,beverage
3674,Butterfly Chicken Steak With 1 Kuboos,Beverage,Non-Veg,150.0,beverage,beverage
3675,Cajun Chicken Steak Sizzler,Beverage,Non-Veg,150.0,beverage,beverage
3676,Cajun Mutton Steak With 2 Kuboos,Beverage,Non-Veg,150.0,beverage,beverage
3677,Cajun  Spicy Chicken Steak With 1 Kuboos,Beverage,Non-Veg,150.0,beverage,beverage
3678,Chicken Kebab Sizzler Mix [6 Pieces],Starter,Non-Veg,150.0,starter,starter
3679,Curry Leaves Chicken Steak Sizzler Free 1 Kuboos,Curry,Non-Veg,150.0,curry,curry
3680,Fish Butterfly Steak Free 2 Kuboos,Beverage,Non-Veg,150.0,beverage,beverage
3681,Fish Peri Peri Steak Sizzler 2 Kuboos,Beverage,Non-Veg,150.0,beverage,beverage
3682,Hyderabadi Mutton Sheek Sizzler,Sides,Non-Veg,150.0,sides,sides
3683,Pepper Chicken Steak Sizzler,Beverage,Non-Veg,150.0,beverage,beverage
3684,Peri Peri Chicken Steak Sizzler Free 1 Kuboos,Beverage,Non-Veg,150.0,beverage,beverage
3685,Seafood Sizzler Mix [8 Pieces] Free 1 Kuboos,Sides,Non-Veg,150.0,sides,sides
3686,Hyderabadi Mutton Seekh Kebab,Starter,Non-Veg,150.0,starter,starter
3687,Hyderabadi Mutton Kadak Seekh,Sides,Non-Veg,150.0,sides,sides
3688,Mutton Tikka,Starter,Non-Veg,150.0,starter,starter
3689,Mutton Ceylon Paratha,Sides,Non-Veg,150.0,sides,sides
3690,Grilled Chicken Pepper,Sides,Non-Veg,150.0,sides,sides
3691,Al Faham Dajaj,Sides,Non-Veg,150.0,sides,sides
3692,Laham Pepper Riyesh,Sides,Non-Veg,150.0,sides,sides
3693,Meshwi Laham With 1 Kuboos,Sides,Non-Veg,150.0,sides,sides
3694,Mutton Adnna Sheekh,Sides,Non-Veg,150.0,sides,sides
3695,Prawns Meshwi Rubiyan,Sides,Non-Veg,150.0,sides,sides
3696,Peri Peri Mutton Steak,Beverage,Non-Veg,150.0,beverage,beverage
3697,Fhaal Bbq,Sides,Non-Veg,150.0,sides,sides
3698,Chicken  Sheekh Kebab,Starter,Non-Veg,150.0,starter,starter
3699,Bbq Chicken Mint,Sides,Non-Veg,150.0,sides,sides
3700,Spicy Bbq Chicken,Sides,Non-Veg,150.0,sides,sides
3701,Peri Peri Bbq Chicken,Sides,Non-Veg,150.0,sides,sides
3702,Arabian Pepper Bbq,Sides,Non-Veg,150.0,sides,sides
3703,Peri Peri Bbq Sizzler Full With Kuboos 2,Sides,Non-Veg,150.0,sides,sides
3704,Afghani Chicken Bbq,Sides,Non-Veg,150.0,sides,sides
3705,Arabian Bbq Chicken,Sides,Non-Veg,150.0,sides,sides
3706,Arabian Bbq Sizzler Full With Kuboos 2,Sides,Non-Veg,150.0,sides,sides
3707,Arabian Chicken Bbq,Sides,Non-Veg,150.0,sides,sides
3708,Arabian Chicken Kebab,Starter,Non-Veg,150.0,starter,starter
3709,Arabian Pepper Bbq Sizzler Full With Kuboos 2,Sides,Non-Veg,150.0,sides,sides
3710,Buy 1 Chicken Dum Biryani And Get 1 Mini Biryani,Biryani,Non-Veg,150.0,biryani,biryani
3711,Chicken Dum Biryani For 10person With (ckn 65 20pc) (egg 10pcs) Brinjal+raita,Biryani,Egg,150.0,biryani,biryani
3712,Chicken Dum Biryani (chicken 16pcs) (ckn 65 16pcs) (egg 8pcs) Brinjal+raita [serves 8person},Biryani,Egg,150.0,biryani,biryani
3713,Chicken Dum Biryani With Grilled Chicken [half] Kuboos +mayonnaise,Biryani,Non-Veg,150.0,biryani,biryani
3714,Chicken Bucket Dum Biryani [serves 5},Biryani,Non-Veg,150.0,biryani,biryani
3715,Chicken Hot Strips [6 Pieces],Sides,Non-Veg,150.0,sides,sides
3716,Fish Bbq Samak 1 Kuboos,Sides,Non-Veg,150.0,sides,sides
3717,Fish Meshwi Samak With 1 Kuboos,Sides,Non-Veg,150.0,sides,sides
3718,Mutton +chicken+fish+prawn Mix 10pc Kebab With 2 Kuboos,Starter,Non-Veg,150.0,starter,starter
3719,Mutton Dum Biryani (mutton 15pcs) (ckn 65 10pcs) Raita +brinjal (serve 5 Person),Biryani,Non-Veg,150.0,biryani,biryani
3720,Mutton Dum Biryani [450 Ml],Biryani,Non-Veg,150.0,biryani,biryani
3721,Mutton Dum Biryani Offer,Biryani,Non-Veg,150.0,biryani,biryani
3722,Mutton Meshwi With 1 Kuboos,Sides,Non-Veg,150.0,sides,sides
3723,Spicy Bbq Sizzler Full With 2 Kuboos,Sides,Non-Veg,150.0,sides,sides
3724,Spicy Bbq Sizzler [half],Sides,Non-Veg,150.0,sides,sides
3725,Spicy Chicken Tikka,Starter,Non-Veg,150.0,starter,starter
3726,Chicken 65 Biryani (4pc),Biryani,Non-Veg,150.0,biryani,biryani
3727,Chipotle Grilled Bbq Chicken Full 8pcs,Sides,Non-Veg,150.0,sides,sides
3728,Jalapeno Grilled Bbq Chicken,Sides,Non-Veg,150.0,sides,sides
3729,Al Faham Bbq,Sides,Non-Veg,150.0,sides,sides
3730,Chinese Veg Manchurian,Chinese,Veg,150.0,chinese,chinese
3731,Chicken Shawarma Spl Roll,Sides,Non-Veg,150.0,sides,sides
3732,Shawarma Spl Roll,Sides,Veg,150.0,sides,sides
3733,"Chicken Biryani Serves For 5 Persons ,chicken(10pcs+egg 5pcs )free Chicken 65 10pcs)",Biryani,Egg,150.0,biryani,biryani
3734,Chicken Dum Biryani Mini,Biryani,Non-Veg,150.0,biryani,biryani
3735,Mutton Dum Biryani (mini Offer),Biryani,Non-Veg,150.0,biryani,biryani
3736,Mutton Dum Biryani (offer),Biryani,Non-Veg,150.0,biryani,biryani
3737,Kung Pao Chicken Gravy,Curry,Non-Veg,150.0,curry,curry
3738,Chicken Hakka Style Gravy,Curry,Non-Veg,150.0,curry,curry
3739,Chicken And Peppers Gravy,Curry,Non-Veg,150.0,curry,curry
3740,Chinese Chicken Hakka,Chinese,Non-Veg,150.0,chinese,chinese
3741,Chinese Garlic Chicken,Chinese,Non-Veg,150.0,chinese,chinese
3742,Crispy Lamb Chilli,Chinese,Non-Veg,150.0,chinese,chinese
3743,Mutton Rogan Josh.,Chinese,Non-Veg,150.0,chinese,chinese
3744,Murgh Yakhni Shorba Soup,Sides,Non-Veg,150.0,sides,sides
3745,Mutton Yakhni Shorba Soup,Sides,Non-Veg,150.0,sides,sides
3746,Chicken Lung Fung Soup,Sides,Non-Veg,150.0,sides,sides
3747,Chicken Talumein Soup,Sides,Non-Veg,150.0,sides,sides
3748,Prawns Spicy Lemon Soup,Sides,Non-Veg,150.0,sides,sides
3749,Chicken Sweet Corn Soup,Sides,Non-Veg,150.0,sides,sides
3750,Chicken Hot And Sour Soup,Sides,Non-Veg,150.0,sides,sides
3751,Subzi Palak Shorba Soup,Sides,Veg,150.0,sides,sides
3752,Tomato Dhania Shorba Soup,Sides,Veg,150.0,sides,sides
3753,Sweet Corn Soup (veg),Sides,Veg,150.0,sides,sides
3754,Hot And Sour Soup,Sides,Veg,150.0,sides,sides
3755,Khumbu Mattar,Sides,Veg,150.0,sides,sides
3756,Paneer Jalfrezi,Curry,Veg,150.0,curry,curry
3757,Vegetable Korma,Sides,Veg,150.0,sides,sides
3758,Gobi Adraki,Sides,Veg,150.0,sides,sides
3759,Aloo Mattar Korma,Sides,Veg,150.0,sides,sides
3760,Crispy Chilli Paneer Gravy,Curry,Veg,150.0,curry,curry
3761,Cauliflower Manchurian Gravy,Curry,Veg,150.0,curry,curry
3762,Mushroom Pepper Salt Gravy,Curry,Veg,150.0,curry,curry
3763,Baby Corn Chilli Gravy,Curry,Veg,150.0,curry,curry
3764,Veg Shami,Sides,Veg,150.0,sides,sides
3765,Paneer Makhani (butter Masala),Curry,Veg,150.0,curry,curry
3766,Murgh Tikka Masala,Curry,Non-Veg,150.0,curry,curry
3767,Murgh Tawa Masala,Curry,Non-Veg,150.0,curry,curry
3768,Murgh Makhanwala,Sides,Non-Veg,150.0,sides,sides
3769,Murgh Awadhi Korma,Sides,Non-Veg,150.0,sides,sides
3770,Kadai Murgh,Sides,Non-Veg,150.0,sides,sides
3771,Chicken Palak,Sides,Non-Veg,150.0,sides,sides
3772,Chicken Lababdar,Sides,Non-Veg,150.0,sides,sides
3773,Chicken Sultan,Sides,Non-Veg,150.0,sides,sides
3774,Murgh Makhani,Sides,Non-Veg,150.0,sides,sides
3775,Chicken  Masala,Curry,Non-Veg,150.0,curry,curry
3776,Mutton Rara Curry,Curry,Non-Veg,150.0,curry,curry
3777,Mutton Dopiaza,Sides,Non-Veg,150.0,sides,sides
3778,Mutton Keema,Sides,Non-Veg,150.0,sides,sides
3779,Mutton Awadhi Korma,Sides,Non-Veg,150.0,sides,sides
3780,Mutton Sultan,Sides,Non-Veg,150.0,sides,sides
3781,Mutton Lababdar,Sides,Non-Veg,150.0,sides,sides
3782,Mutton Gosht Korma,Sides,Non-Veg,150.0,sides,sides
3783,Palak Mutton Gosht,Sides,Non-Veg,150.0,sides,sides
3784,Fish Pepper Fry,Starter,Non-Veg,150.0,starter,starter
3785,Fish Anarkali,Sides,Non-Veg,150.0,sides,sides
3786,Fish Tikka Masala,Curry,Non-Veg,150.0,curry,curry
3787,Malabar Meen Curry,Curry,Non-Veg,150.0,curry,curry
3788,Fish Bell Pepper Gravy,Curry,Non-Veg,150.0,curry,curry
3789,Fish Butter Pepper Gravy,Curry,Non-Veg,150.0,curry,curry
3790,Mandarin Fish Gravy,Curry,Non-Veg,150.0,curry,curry
3791,Fish Finger Gravy,Curry,Non-Veg,150.0,curry,curry
3792,Dragon Fish Gravy,Curry,Non-Veg,150.0,curry,curry
3793,Ginger Garlic Fish Gravy,Curry,Non-Veg,150.0,curry,curry
3794,Phuket Fish Gravy,Curry,Non-Veg,150.0,curry,curry
3795,Hyderabadi Fish 65,Sides,Non-Veg,150.0,sides,sides
3796,Singapore Chilli Prawns Gravy,Curry,Non-Veg,150.0,curry,curry
3797,Hunan Prawns Gravy,Curry,Non-Veg,150.0,curry,curry
3798,Golden Prawns Gravy,Curry,Non-Veg,150.0,curry,curry
3799,Ginger Garlic Prawns Gravy,Curry,Non-Veg,150.0,curry,curry
3800,Dragon Prawns Gravy,Curry,Non-Veg,150.0,curry,curry
3801,Prawns Salt And Pepper Gravy,Curry,Non-Veg,150.0,curry,curry
3802,Hyderabadi Prawns 65 Gravy,Curry,Non-Veg,150.0,curry,curry
3803,Lamb Spring Onion Gravy,Curry,Non-Veg,150.0,curry,curry
3804,Lamb Red Green Pepper Gravy,Curry,Non-Veg,150.0,curry,curry
3805,Shredded Lamb Chilli Sauce Gravy,Curry,Non-Veg,150.0,curry,curry
3806,Roasted Chilli Lamb Gravy,Curry,Non-Veg,150.0,curry,curry
3807,Lamb In Oyster Sauce Gravy,Curry,Non-Veg,150.0,curry,curry
3808,Afghani Naan,Bread,Veg,150.0,bread,bread
3809,Peshawari Naan,Bread,Veg,150.0,bread,bread
3810,Tawa Paratha,Bread,Veg,150.0,bread,bread
3811,Keema Kulcha,Bread,Veg,150.0,bread,bread
3812,Phulka,Bread,Veg,150.0,bread,bread
3813,Chicken Ceylon Paratha,Bread,Non-Veg,150.0,bread,bread
3814,Aloo Tawa Paratha,Bread,Veg,150.0,bread,bread
3815,Gobi Tawa Paratha,Bread,Veg,150.0,bread,bread
3816,Paneer Tawa Paratha,Curry,Veg,150.0,curry,curry
3817,Tandoor Pudina Roti,Bread,Veg,150.0,bread,bread
3818,Tawa Ghee Paratha,Bread,Veg,150.0,bread,bread
3819,Zeera Pulao,Rice,Veg,150.0,rice,rice
3820,Mattar Pulao,Rice,Veg,150.0,rice,rice
3821,Ruz Arabian Rice,Biryani,Veg,150.0,biryani,biryani
3822,Arabian Rice With Peri Peri Bbq,Biryani,Non-Veg,150.0,biryani,biryani
3823,Ruz Al Bakhari Bil Dajaj( Arabian Biryani +bbq Chicken),Biryani,Non-Veg,150.0,biryani,biryani
3824,Ruz Dajaj (arabian Bbq  Biryani),Biryani,Non-Veg,150.0,biryani,biryani
3825,Ruz Laham (arabian Mutton Biryani),Biryani,Non-Veg,150.0,biryani,biryani
3826,Ruz Rubiyan (arabian Biryani Rice With Prawn),Biryani,Non-Veg,150.0,biryani,biryani
3827,Ruz Samak (arabian Biryani Rice With Fish ),Biryani,Non-Veg,150.0,biryani,biryani
3828,Steamed Basmati Rice With Chicken Masala [250 Ml],Biryani,Non-Veg,150.0,biryani,biryani
3829,Chinese Veg Chop Suey,Sides,Veg,150.0,sides,sides
3830,American Veg Chop Suey,Sides,Veg,150.0,sides,sides
3831,Schezwan Veg Chop Suey,Sides,Veg,150.0,sides,sides
3832,American Chop Suey Chicken,Sides,Non-Veg,150.0,sides,sides
3833,Chinese Chop Suey Chicken,Sides,Non-Veg,150.0,sides,sides
3834,Schezwan Chop Suey Chicken,Sides,Non-Veg,150.0,sides,sides
3835,American Chop Suey Prawns,Sides,Non-Veg,150.0,sides,sides
3836,Schezwan Chop Suey Prawns,Sides,Non-Veg,150.0,sides,sides
3837,American Chop Suey Mixed,Sides,Non-Veg,150.0,sides,sides
3838,Schezwan Chop Suey Mixed,Sides,Non-Veg,150.0,sides,sides
3839,Vegetable Shawarma,Sides,Veg,150.0,sides,sides
3840,Chicken Shawarma Roti Roll,Bread,Non-Veg,150.0,bread,bread
3841,Chicken Shawarma Mexican Roll,Sides,Non-Veg,150.0,sides,sides
3842,Chicken Shawarma Special Plate,Sides,Non-Veg,150.0,sides,sides
3843,Shawarma Chicken Roll,Sides,Non-Veg,150.0,sides,sides
3844,Aatish Chicken Roll,Sides,Non-Veg,150.0,sides,sides
3845,Aatish Murgh Tikka Roll,Starter,Non-Veg,150.0,starter,starter
3846,Fhaal Chicken Roll,Sides,Non-Veg,150.0,sides,sides
3847,Fish Tikka Roll,Starter,Non-Veg,150.0,starter,starter
3848,Murgh Malai Tikka Roll,Starter,Non-Veg,150.0,starter,starter
3849,Mutton Pepper Roll,Sides,Non-Veg,150.0,sides,sides
3850,Mutton Seekh Roll,Sides,Non-Veg,150.0,sides,sides
3851,Peri Peri Chicken Tikka Roll,Starter,Non-Veg,150.0,starter,starter
3852,Peri Peri Fish Roll,Sides,Non-Veg,150.0,sides,sides
3853,Prawns Pepper Roll,Sides,Non-Veg,150.0,sides,sides
3854,Pudina Murgh Tikka Roll,Starter,Non-Veg,150.0,starter,starter
3855,Schezwan Chicken Roll,Sides,Non-Veg,150.0,sides,sides
3856,Aatish Paneer Wrap,Curry,Veg,150.0,curry,curry
3857,Tandoor Mushroom Roll,Sides,Veg,150.0,sides,sides
3858,Tandoor Paneer Malai Roll,Curry,Veg,150.0,curry,curry
3859,Peri Peri Paneer Roti Roll,Curry,Veg,150.0,curry,curry
3860,Tandoor Pudina Paneer Roll,Curry,Veg,150.0,curry,curry
3861,Tandoori Veg Roll,Sides,Veg,150.0,sides,sides
3862,Arabian Chicken Spicy Omelette,Sides,Non-Veg,150.0,sides,sides
3863,Egg Chettinad Gravy,Curry,Egg,150.0,curry,curry
3864,Egg Masala Gravy,Curry,Egg,150.0,curry,curry
3865,Peri Peri Chicken Omelette,Sides,Non-Veg,150.0,sides,sides
3866,Special Omelette,Sides,Non-Veg,150.0,sides,sides
3867,Mint Chutney,Sides,Veg,150.0,sides,sides
3868,Black Current Milkshake,Beverage,Veg,150.0,beverage,beverage
3869,Cashew Nut Milkshake,Beverage,Veg,150.0,beverage,beverage
3870,Vanila Milkshake,Beverage,Veg,150.0,beverage,beverage
3871,Black Current Soda 300ml,Beverage,Veg,150.0,beverage,beverage
3872,Mineral Water [1 Litre],Beverage,Veg,150.0,beverage,beverage
3873,Mini Colddrink (200ml),Beverage,Veg,150.0,beverage,beverage
3874,Phirni ( Sweet),Beverage,Veg,150.0,beverage,beverage
3875,Phirni [500 Ml],Beverage,Veg,150.0,beverage,beverage
3876,Green Apple Soda  300ml,Beverage,Veg,150.0,beverage,beverage
3877,Lime N Lemon (200ml),Beverage,Veg,150.0,beverage,beverage
3878,Nanari Soda 300ml,Beverage,Veg,150.0,beverage,beverage
3879,Coke Pet Bottle,Beverage,Veg,150.0,beverage,beverage
3880,Chicken 65 Biryani.,Biryani,Non-Veg,150.0,biryani,biryani
3881,Crush Rose Soda,Beverage,Veg,150.0,beverage,beverage
3882,Fresh Lime Juice .,Beverage,Veg,150.0,beverage,beverage
3883,Fanta [600ml],Beverage,Veg,150.0,beverage,beverage
3884,Sprite [600ml],Beverage,Veg,150.0,beverage,beverage
3885,Kozhi Porichathu,Sides,Non-Veg,150.0,sides,sides
3886,Delma Special Chicken With Pottato,Sides,Non-Veg,150.0,sides,sides
3887,Special Kothamalli Fish Curry,Curry,Non-Veg,150.0,curry,curry
3888,Kothamalli Kozhi Curry,Curry,Non-Veg,150.0,curry,curry
3889,Kerala Chicken Fry Half,Starter,Non-Veg,150.0,starter,starter
3890,Sulthani Murg Kebab,Starter,Non-Veg,150.0,starter,starter
3891,Chicken Food Mark Rice,Biryani,Non-Veg,150.0,biryani,biryani
3892,Almond Chicken Lemon Sauce,Sides,Non-Veg,150.0,sides,sides
3893,Nadan Chemmeen Curry,Curry,Non-Veg,150.0,curry,curry
3894,Spicy Fried Veg,Sides,Veg,150.0,sides,sides
3895,Spicy Fried Fish,Sides,Non-Veg,150.0,sides,sides
3896,Chicken Kolahpuri,Sides,Non-Veg,150.0,sides,sides
3897,Veg Kolahpuri,Sides,Veg,150.0,sides,sides
3898,Chicken Lemon Coriander Soup,Sides,Non-Veg,150.0,sides,sides
3899,Chilli Parotha Chicken,Sides,Non-Veg,150.0,sides,sides
3900,Pan Fried Chicken 6 Pieces,Sides,Non-Veg,150.0,sides,sides
3901,Murgh Dhilkush,Sides,Non-Veg,150.0,sides,sides
3902,Nawabi Chicken Gravy,Curry,Non-Veg,150.0,curry,curry
3903,Fish Monika (kids Special),Sides,Non-Veg,150.0,sides,sides
3904,Chinese Spicy Pomfret Fish,Sides,Non-Veg,150.0,sides,sides
3905,Garlic Fish Lemon Sauce,Sides,Non-Veg,150.0,sides,sides
3906,Chicken Mirchi Ka Goli,Sides,Non-Veg,150.0,sides,sides
3907,Hara Bara Bbq,Sides,Veg,150.0,sides,sides
3908,Special Chicken Garlic Tikka,Starter,Non-Veg,150.0,starter,starter
3909,Chinese Phuket Fish,Sides,Non-Veg,150.0,sides,sides
3910,Special Crispy Spicy Lamb,Sides,Non-Veg,150.0,sides,sides
3911,Chilli Parotha Veg,Sides,Veg,150.0,sides,sides
3912,Chapathi (2 Piece) + Chicken Kothamalli Curry,Curry,Non-Veg,150.0,curry,curry
3913,Rotti (2 Piece) + Chicken Masala,Curry,Non-Veg,150.0,curry,curry
3914,Chicken Shezwan Fried Rice + Shezwan Chicken Dry,Rice,Non-Veg,150.0,rice,rice
3915,Chicken Frie Rice + Chiilli Chicken Dry,Biryani,Non-Veg,150.0,biryani,biryani
3916,Parotha (2 Piece) + Chicken Chettinadu,Sides,Non-Veg,150.0,sides,sides
3917,Nan (2 Piece()+ Chicken Butter Masala,Curry,Non-Veg,150.0,curry,curry
3918,Promfert Fish,Sides,Non-Veg,150.0,sides,sides
3919,Spicy Barbeque Chicken,Sides,Non-Veg,150.0,sides,sides
3920,Shish Taouk,Sides,Non-Veg,150.0,sides,sides
3921,Thoum (mayonise),Sides,Non-Veg,150.0,sides,sides
3922,Boneless Bbq Fish,Sides,Non-Veg,150.0,sides,sides
3923,King Prawn Barbecue,Sides,Non-Veg,150.0,sides,sides
3924,Mushakkal (mix Grill),Sides,Non-Veg,150.0,sides,sides
3925,Mexican Bbq,Sides,Non-Veg,150.0,sides,sides
3926,Mohallal,Sides,Non-Veg,150.0,sides,sides
3927,Pepper Barbeque,Sides,Non-Veg,150.0,sides,sides
3928,Alfaham Dajaj,Sides,Non-Veg,150.0,sides,sides
3929,Afghani Barbeque,Sides,Non-Veg,150.0,sides,sides
3930,Delma Special Bbq,Sides,Non-Veg,150.0,sides,sides
3931,Barbeque Quarter,Sides,Non-Veg,150.0,sides,sides
3932,Hmmus Shawarma,Sides,Non-Veg,150.0,sides,sides
3933,Mexican Shawarma,Sides,Non-Veg,150.0,sides,sides
3934,Shawarma Malgom,Sides,Non-Veg,150.0,sides,sides
3935,Special Shawarma,Sides,Non-Veg,150.0,sides,sides
3936,Mexican Special Shawarma,Sides,Non-Veg,150.0,sides,sides
3937,Delma Special Shawarma,Sides,Non-Veg,150.0,sides,sides
3938,Cheese Shawarma,Sides,Non-Veg,150.0,sides,sides
3939,Oriental Salad,Chinese,Veg,150.0,chinese,chinese
3940,Greek Salad,Chinese,Veg,150.0,chinese,chinese
3941,Dargiline Salad,Chinese,Veg,150.0,chinese,chinese
3942,Chinese Chicken Salad,Chinese,Non-Veg,150.0,chinese,chinese
3943,Spicy Chicken Sesame Salad,Chinese,Non-Veg,150.0,chinese,chinese
3944,Fathoosh Salad,Chinese,Non-Veg,150.0,chinese,chinese
3945,Sweet Corn Mushroom Soup,Chinese,Veg,150.0,chinese,chinese
3946,Great Wall Veg Soup,Chinese,Veg,150.0,chinese,chinese
3947,Spicy Veg Soup,Chinese,Veg,150.0,chinese,chinese
3948,Noodles Soup Veg,Chinese,Veg,150.0,chinese,chinese
3949,Manchow Soup Veg,Chinese,Veg,150.0,chinese,chinese
3950,Sweet And Corn Veg Soup,Chinese,Veg,150.0,chinese,chinese
3951,Clear Soup Veg,Chinese,Veg,150.0,chinese,chinese
3952,Lung Fung Soup Veg,Chinese,Veg,150.0,chinese,chinese
3953,Hot And Sour Veg Soup,Chinese,Veg,150.0,chinese,chinese
3954,Spicy Mushroom Soup,Chinese,Veg,150.0,chinese,chinese
3955,Hot And Sour Chicken Soup,Chinese,Non-Veg,150.0,chinese,chinese
3956,Great Wall Chicken Soup,Chinese,Non-Veg,150.0,chinese,chinese
3957,Chicken Soup,Chinese,Non-Veg,150.0,chinese,chinese
3958,Fish Ball Me Soup,Chinese,Non-Veg,150.0,chinese,chinese
3959,Crab Chettinadu Soup,Chinese,Non-Veg,150.0,chinese,chinese
3960,Crab Meat Soup,Chinese,Non-Veg,150.0,chinese,chinese
3961,Muttton Manchow Soup,Chinese,Non-Veg,150.0,chinese,chinese
3962,Hot And Sour Mutton Soup,Chinese,Non-Veg,150.0,chinese,chinese
3963,Veg American Chopsuey,Chinese,Veg,150.0,chinese,chinese
3964,Chicken American Chopsuey,Chinese,Non-Veg,150.0,chinese,chinese
3965,Veg Shezwan Chopsuey,Chinese,Veg,150.0,chinese,chinese
3966,Chicken Shezwan Chopsuey,Chinese,Non-Veg,150.0,chinese,chinese
3967,Chicken Chinese Chopsuey,Chinese,Non-Veg,150.0,chinese,chinese
3968,Mix American Chopsuey,Chinese,Non-Veg,150.0,chinese,chinese
3969,Veg Chinese Chopsuey,Chinese,Veg,150.0,chinese,chinese
3970,Veg Dim - Sum,Starter,Veg,150.0,starter,starter
3971,Spicy Sesame Cauliflower,Starter,Veg,150.0,starter,starter
3972,Mushroom Peppe Salt,Starter,Veg,150.0,starter,starter
3973,Veg Golden Fried Baby Corn,Starter,Veg,150.0,starter,starter
3974,Wonton Vegeteble,Starter,Veg,150.0,starter,starter
3975,Crispy Chilli Garlic Corn,Starter,Veg,150.0,starter,starter
3976,Mix Vegeteble Shezwan Sauce,Starter,Non-Veg,150.0,starter,starter
3977,Vegeteble Plum Sauce,Starter,Veg,150.0,starter,starter
3978,Vegeteble Balls Hot Garlic Suace,Starter,Veg,150.0,starter,starter
3979,Kung Pow Chicken,Starter,Non-Veg,150.0,starter,starter
3980,Kastu Chicken,Starter,Non-Veg,150.0,starter,starter
3981,Shezwan Chicken Dry,Starter,Non-Veg,150.0,starter,starter
3982,Roasted Chicken,Starter,Non-Veg,150.0,starter,starter
3983,Great Wall Chicken,Starter,Non-Veg,150.0,starter,starter
3984,Chinese Chicken Spring Roll,Starter,Non-Veg,150.0,starter,starter
3985,Shezwan Chicken Gravy,Curry,Non-Veg,150.0,curry,curry
3986,Lemon Tree Chicken,Starter,Non-Veg,150.0,starter,starter
3987,Hot Pepper Chicken,Starter,Non-Veg,150.0,starter,starter
3988,Crispy Honey Chilli Chicken,Starter,Non-Veg,150.0,starter,starter
3989,Spicy Chicken Lollypop,Starter,Non-Veg,150.0,starter,starter
3990,Chicken Dim-sum,Starter,Non-Veg,150.0,starter,starter
3991,Chicken Pepper Salt,Starter,Non-Veg,150.0,starter,starter
3992,Chicken Bell Pepper Gravy,Curry,Non-Veg,150.0,curry,curry
3993,Chicken Bell Pepper Dry,Starter,Non-Veg,150.0,starter,starter
3994,Chicken Drumstick,Starter,Non-Veg,150.0,starter,starter
3995,Chicken Lollypop,Starter,Non-Veg,150.0,starter,starter
3996,Chicken Pepper Sauce,Starter,Non-Veg,150.0,starter,starter
3997,Garlic Crab Dry,Starter,Non-Veg,150.0,starter,starter
3998,Garlic Crab Gravy,Curry,Non-Veg,150.0,curry,curry
3999,Crab Manchurian Dry,Starter,Non-Veg,150.0,starter,starter
4000,Ginger Crab Gravy,Curry,Non-Veg,150.0,curry,curry
4001,Ginger Crab Dry,Starter,Non-Veg,150.0,starter,starter
4002,Crab Hong Kong Pepper Gravy,Curry,Non-Veg,150.0,curry,curry
4003,Chilli Crab Dry,Starter,Non-Veg,150.0,starter,starter
4004,Crab Manchurian Gravy,Curry,Non-Veg,150.0,curry,curry
4005,Crab Hong Kong Pepper Dy,Starter,Non-Veg,150.0,starter,starter
4006,Chilli Crab Gravy,Curry,Non-Veg,150.0,curry,curry
4007,Fish Shezwan Sauce,Starter,Non-Veg,150.0,starter,starter
4008,Spicy Frried Fish,Starter,Non-Veg,150.0,starter,starter
4009,Shezwan Tiger Prawn,Starter,Non-Veg,150.0,starter,starter
4010,Crispy Tiger Prawn,Starter,Non-Veg,150.0,starter,starter
4011,Smart Spicy Prawn,Starter,Non-Veg,150.0,starter,starter
4012,Prawn Pepper Celery,Starter,Non-Veg,150.0,starter,starter
4013,Prawn Hot Garlic Sauce,Starter,Non-Veg,150.0,starter,starter
4014,Kung Pow Prawn,Starter,Non-Veg,150.0,starter,starter
4015,Butterfly Prawn,Starter,Non-Veg,150.0,starter,starter
4016,Prawn Shezwan Sauce,Starter,Non-Veg,150.0,starter,starter
4017,Singapoor Chilli Tiger Prawn,Starter,Non-Veg,150.0,starter,starter
4018,Chilli Tiger Prawn Dry,Starter,Non-Veg,150.0,starter,starter
4019,Prawn Pepper Salt,Starter,Non-Veg,150.0,starter,starter
4020,Cillii Prawn Gravy,Curry,Non-Veg,150.0,curry,curry
4021,Crispy Prawn,Starter,Non-Veg,150.0,starter,starter
4022,Garlic Lamb Dry,Starter,Non-Veg,150.0,starter,starter
4023,Crispy Fried Lamb Starter,Starter,Non-Veg,150.0,starter,starter
4024,Lamb Chilli Sauce,Starter,Non-Veg,150.0,starter,starter
4025,Lamb Bell Pepper Gravy,Curry,Non-Veg,150.0,curry,curry
4026,Crispy Lamb Hot Bean Dry,Starter,Non-Veg,150.0,starter,starter
4027,Lamb Bell Pepper Dry,Starter,Non-Veg,150.0,starter,starter
4028,Ginger Lamb Dry,Starter,Non-Veg,150.0,starter,starter
4029,Garlic Lamb Gravy,Curry,Non-Veg,150.0,curry,curry
4030,Crispy Spicy Lamb,Starter,Non-Veg,150.0,starter,starter
4031,Ginger Lamb Gravy,Curry,Non-Veg,150.0,curry,curry
4032,Egg Manchurian Gravy,Curry,Egg,150.0,curry,curry
4033,Egg Manchurian Dry,Starter,Egg,150.0,starter,starter
4034,Chilli Egg Gravy,Curry,Egg,150.0,curry,curry
4035,Chilli Egg Dry,Starter,Egg,150.0,starter,starter
4036,Five Colour Fried Rice Chicken,Chinese,Non-Veg,150.0,chinese,chinese
4037,Chicken Mushroom Fried Rice,Chinese,Non-Veg,150.0,chinese,chinese
4038,Delma Special Fried Rice,Chinese,Non-Veg,150.0,chinese,chinese
4039,Thai Spicy Chicken Fried Rice,Chinese,Non-Veg,150.0,chinese,chinese
4040,Shezwan Chicken Fried Rice,Chinese,Non-Veg,150.0,chinese,chinese
4041,Chicken Shanagai Fried Rice,Chinese,Non-Veg,150.0,chinese,chinese
4042,Chicken Corn&pepper Fried Rice,Chinese,Non-Veg,150.0,chinese,chinese
4043,Shezwan Veg Fried Rice,Chinese,Veg,150.0,chinese,chinese
4044,Veg Thai Spicy Fried Rice,Chinese,Veg,150.0,chinese,chinese
4045,Veg Five Colour Fried Rice,Chinese,Veg,150.0,chinese,chinese
4046,Veg Shangai Fried Rice,Chinese,Veg,150.0,chinese,chinese
4047,Veg Corn & Pepper Fried Rice,Chinese,Veg,150.0,chinese,chinese
4048,Mix Fried Rice Veg,Chinese,Veg,150.0,chinese,chinese
4049,Prawn Shezwan Fried Rice,Chinese,Non-Veg,150.0,chinese,chinese
4050,Prawn Ried Rice,Biryani,Non-Veg,150.0,biryani,biryani
4051,Fish Fried Fried Rice,Chinese,Non-Veg,150.0,chinese,chinese
4052,Seafood Shezwan Fried Rice,Chinese,Non-Veg,150.0,chinese,chinese
4053,Egg Shezwan Fried Rice,Chinese,Egg,150.0,chinese,chinese
4054,Pan Fried Veg Noodles,Chinese,Veg,150.0,chinese,chinese
4055,Pan Fried Noodles Chicken,Chinese,Non-Veg,150.0,chinese,chinese
4056,Veg Youmin Noodle,Chinese,Veg,150.0,chinese,chinese
4057,Veg Phad Thai Noodles,Chinese,Veg,150.0,chinese,chinese
4058,Shezwan Veg Noodles,Chinese,Veg,150.0,chinese,chinese
4059,Shezwan Chicken Noodles,Chinese,Non-Veg,150.0,chinese,chinese
4060,Chicken Pan Fried Noodles,Chinese,Non-Veg,150.0,chinese,chinese
4061,Chicken Youmin Noodles,Chinese,Non-Veg,150.0,chinese,chinese
4062,Chicken Phad Thai Noodles,Chinese,Non-Veg,150.0,chinese,chinese
4063,Mix. Singapore Noodles,Chinese,Non-Veg,150.0,chinese,chinese
4064,Pan Fried Noodles Sea Food,Chinese,Non-Veg,150.0,chinese,chinese
4065,Dhal Shorba,Sides,Veg,150.0,sides,sides
4066,Coriander Shorba,Sides,Veg,150.0,sides,sides
4067,Chicken Palak Shorba,Sides,Non-Veg,150.0,sides,sides
4068,Mutton Dhaniya Shorba,Sides,Non-Veg,150.0,sides,sides
4069,Jahangir Shorba,Sides,Non-Veg,150.0,sides,sides
4070,Attukal Shorba,Sides,Non-Veg,150.0,sides,sides
4071,Bhindy Fry,Starter,Veg,150.0,starter,starter
4072,Veg Kurkure,Starter,Veg,150.0,starter,starter
4073,Bhindi Jaipuri,Starter,Veg,150.0,starter,starter
4074,Bhindi Kurkure,Starter,Veg,150.0,starter,starter
4075,Onion Pakkoda,Starter,Veg,150.0,starter,starter
4076,Paneer Amritsari,Curry,Veg,150.0,curry,curry
4077,Mix Vegetables And Cashew Nuts,Starter,Veg,150.0,starter,starter
4078,Egg Amritsari,Starter,Egg,150.0,starter,starter
4079,Chicken Sunari,Starter,Non-Veg,150.0,starter,starter
4080,Fish Amritsari,Starter,Non-Veg,150.0,starter,starter
4081,Crispy Fried Lamb,Starter,Non-Veg,150.0,starter,starter
4082,Chicken Monika (kids Special),Starter,Non-Veg,150.0,starter,starter
4083,Bhuna Gosh,Starter,Non-Veg,150.0,starter,starter
4084,Fish Fry,Starter,Non-Veg,150.0,starter,starter
4085,Fish Monika (kids Special ),Starter,Non-Veg,150.0,starter,starter
4086,Andhra Chicken 65,Starter,Non-Veg,150.0,starter,starter
4087,Prawn 95,Starter,Non-Veg,150.0,starter,starter
4088,Dhall Palak,Sides,Veg,150.0,sides,sides
4089,Dhall Tadka,Sides,Veg,150.0,sides,sides
4090,Paneer Mushroom Masala,Curry,Veg,150.0,curry,curry
4091,Mushroom Pepper Masala,Curry,Veg,150.0,curry,curry
4092,Kadai Panneer,Sides,Veg,150.0,sides,sides
4093,Mix Veg Gravy,Curry,Veg,150.0,curry,curry
4094,Kadai Veg Gravy,Curry,Veg,150.0,curry,curry
4095,Peas Mushroom Masala,Curry,Veg,150.0,curry,curry
4096,Chicken Kolapuri,Sides,Non-Veg,150.0,sides,sides
4097,Chicken Mirchi Masala,Curry,Non-Veg,150.0,curry,curry
4098,Murgh Shajahani,Sides,Non-Veg,150.0,sides,sides
4099,Hyderabadi Chicken Curry,Curry,Non-Veg,150.0,curry,curry
4100,Chicken Pepper Masala Or Fry,Curry,Non-Veg,150.0,curry,curry
4101,Chicken Dopiaza,Sides,Non-Veg,150.0,sides,sides
4102,Chicken Punjabi,Sides,Non-Veg,150.0,sides,sides
4103,Chicken Vindaloo,Curry,Non-Veg,150.0,curry,curry
4104,Chicken Bhartha,Sides,Non-Veg,150.0,sides,sides
4105,Kothamalli Chicken Curry,Curry,Non-Veg,150.0,curry,curry
4106,Mutton Butter Masala,Curry,Non-Veg,150.0,curry,curry
4107,Hyderabadi Mutton Curry,Curry,Non-Veg,150.0,curry,curry
4108,Mutton Lalmas,Sides,Non-Veg,150.0,sides,sides
4109,Mutton Sucka Varvel,Sides,Non-Veg,150.0,sides,sides
4110,Mutton Peppr Fry,Starter,Non-Veg,150.0,starter,starter
4111,Mutton Dry Fry,Starter,Non-Veg,150.0,starter,starter
4112,Mutton Vindaloo,Curry,Non-Veg,150.0,curry,curry
4113,Mutton Kuruma,Sides,Non-Veg,150.0,sides,sides
4114,Kothamalli Mutton Curry,Curry,Non-Veg,150.0,curry,curry
4115,Mutton Aloo Ghosh,Sides,Non-Veg,150.0,sides,sides
4116,Kerala Chicken Fry,Starter,Non-Veg,150.0,starter,starter
4117,Kerala Chicken Curry,Curry,Non-Veg,150.0,curry,curry
4118,Kerala Prawn Curry,Curry,Non-Veg,150.0,curry,curry
4119,Kerala Mutton Curry,Curry,Non-Veg,150.0,curry,curry
4120,Kadai Crab,Sides,Non-Veg,150.0,sides,sides
4121,Crab Chettinadu Gravy,Curry,Non-Veg,150.0,curry,curry
4122,Hydrabad Fish Curry,Curry,Non-Veg,150.0,curry,curry
4123,Kothamalli Fish Curry,Curry,Non-Veg,150.0,curry,curry
4124,Goan Prawn Curry,Curry,Non-Veg,150.0,curry,curry
4125,Chettinadu Fish Curry,Curry,Non-Veg,150.0,curry,curry
4126,Fish Fry Dry,Starter,Non-Veg,150.0,starter,starter
4127,Bengali Fish Curry,Curry,Non-Veg,150.0,curry,curry
4128,Prawn Vindaloo,Curry,Non-Veg,150.0,curry,curry
4129,Chettinadu Prawn Curry,Curry,Non-Veg,150.0,curry,curry
4130,Prawn Chukka Fry,Starter,Non-Veg,150.0,starter,starter
4131,Egg Butter Masala,Curry,Egg,150.0,curry,curry
4132,Egg Onion Fry,Starter,Egg,150.0,starter,starter
4133,Egg Omlette,Sides,Egg,150.0,sides,sides
4134,Egg Pepper Fry Or Masala,Curry,Egg,150.0,curry,curry
4135,Egg Peas Fry Or Masala,Curry,Egg,150.0,curry,curry
4136,Masala Omelette,Curry,Non-Veg,150.0,curry,curry
4137,Egg Boiled (2 Nos),Sides,Egg,150.0,sides,sides
4138,Methi Pulao,Rice,Veg,150.0,rice,rice
4139,Kabooli Pulau,Sides,Veg,150.0,sides,sides
4140,Peas Pulao,Rice,Veg,150.0,rice,rice
4141,Vegeteble Biriyani,Sides,Veg,150.0,sides,sides
4142,Mint Pulao,Rice,Veg,150.0,rice,rice
4143,Family Chicken Biriyani 2,Sides,Non-Veg,150.0,sides,sides
4144,Family Chicken Biriyani 1,Sides,Non-Veg,150.0,sides,sides
4145,Hyderabad Mutton Biriyani,Sides,Non-Veg,150.0,sides,sides
4146,Mutton Mugal Biriyani,Sides,Non-Veg,150.0,sides,sides
4147,Chicken Mugal Biriyani,Sides,Non-Veg,150.0,sides,sides
4148,Fish Biriyani,Sides,Non-Veg,150.0,sides,sides
4149,Prawn Biriyani,Sides,Non-Veg,150.0,sides,sides
4150,Hyderabad Chicken Biriyani,Sides,Non-Veg,150.0,sides,sides
4151,Egg Biriyani,Sides,Egg,150.0,sides,sides
4152,Family Mutton Biriyani 2,Sides,Non-Veg,150.0,sides,sides
4153,Family Mutton Biriyani 1,Sides,Non-Veg,150.0,sides,sides
4154,Mutton Biriyani,Sides,Non-Veg,150.0,sides,sides
4155,Chicken Biriyani,Sides,Non-Veg,150.0,sides,sides
4156,Bbq Biriyani,Sides,Veg,150.0,sides,sides
4157,Grill Biriyani,Sides,Veg,150.0,sides,sides
4158,Tandoori Biriyani,Sides,Veg,150.0,sides,sides
4159,Delma Special Mutton Biriyani,Sides,Non-Veg,150.0,sides,sides
4160,Delma Special Chicken Biriyani,Sides,Non-Veg,150.0,sides,sides
4161,Delma Special Prawn Biriyani,Sides,Non-Veg,150.0,sides,sides
4162,Delma Special Fish Biriyani,Sides,Non-Veg,150.0,sides,sides
4163,Chicken Cheese Kabab,Starter,Non-Veg,150.0,starter,starter
4164,Kali Mirichi Kebab,Starter,Veg,150.0,starter,starter
4165,Chicken Guldani Kabab,Starter,Non-Veg,150.0,starter,starter
4166,Chicken Garlic Kabab,Starter,Non-Veg,150.0,starter,starter
4167,Mutton Sheek Kebab,Starter,Non-Veg,150.0,starter,starter
4168,Sulthani Murug Kebab,Starter,Non-Veg,150.0,starter,starter
4169,Chicken Reshmi Kabab,Starter,Non-Veg,150.0,starter,starter
4170,Chicken Sheek Kebab,Starter,Non-Veg,150.0,starter,starter
4171,Paneer Malai Kebab,Curry,Veg,150.0,curry,curry
4172,Gobi Tikka,Starter,Veg,150.0,starter,starter
4173,Paneer Achari Tikka,Curry,Veg,150.0,curry,curry
4174,Veg Sheek Kebab,Starter,Veg,150.0,starter,starter
4175,Tandoori Aloo,Starter,Veg,150.0,starter,starter
4176,Chicken Garlic Tikka,Starter,Non-Veg,150.0,starter,starter
4177,Chicken Tikka 8 Pcs,Starter,Non-Veg,150.0,starter,starter
4178,Chicken Tikka Roll,Starter,Non-Veg,150.0,starter,starter
4179,Fish Tikka 6pcs,Starter,Non-Veg,150.0,starter,starter
4180,Tandoori Lollypop,Starter,Non-Veg,150.0,starter,starter
4181,Fish Irani,Starter,Non-Veg,150.0,starter,starter
4182,Badami Prawn,Starter,Non-Veg,150.0,starter,starter
4183,Fish Achari Tikka,Starter,Non-Veg,150.0,starter,starter
4184,Rotti,Bread,Veg,150.0,bread,bread
4185,Pudhina Paratha,Bread,Veg,150.0,bread,bread
4186,Keema Naan,Bread,Non-Veg,150.0,bread,bread
4187,Mutton Keema Nan,Bread,Non-Veg,150.0,bread,bread
4188,Butter Rotti,Bread,Veg,150.0,bread,bread
4189,Muskmelon Juice,Beverage,Veg,150.0,beverage,beverage
4190,Pomogranate Juice,Beverage,Veg,150.0,beverage,beverage
4191,Banana Juice,Beverage,Veg,150.0,beverage,beverage
4192,Pinepple,Sides,Veg,150.0,sides,sides
4193,Avacado Juice,Beverage,Veg,150.0,beverage,beverage
4194,Grapes,Sides,Veg,150.0,sides,sides
4195,Lemon Soda,Sides,Veg,150.0,sides,sides
4196,Lemon Mint,Sides,Veg,150.0,sides,sides
4197,Lassi,Beverage,Veg,150.0,beverage,beverage
4198,Sweetlime,Sides,Veg,150.0,sides,sides
4199,Lemon Juice,Beverage,Veg,150.0,beverage,beverage
4200,Orange,Sides,Veg,150.0,sides,sides
4201,Carrot Milkshake,Beverage,Veg,150.0,beverage,beverage
4202,Chikku Milkshake,Beverage,Veg,150.0,beverage,beverage
4203,Avacado Milkshake,Beverage,Veg,150.0,beverage,beverage
4204,Fig Milkshake,Beverage,Veg,150.0,beverage,beverage
4205,Muskmelon Milkshake,Beverage,Veg,150.0,beverage,beverage
4206,Pomogranate Milkshake,Beverage,Veg,150.0,beverage,beverage
4207,Mango,Sides,Veg,150.0,sides,sides
4208,Vannila,Sides,Veg,150.0,sides,sides
4209,Pista,Sides,Veg,150.0,sides,sides
4210,Strawberry,Sides,Veg,150.0,sides,sides
4211,Chocolate,Sides,Veg,150.0,sides,sides
4212,Butterscotch,Sides,Veg,150.0,sides,sides
4213,Vannila Shake,Beverage,Veg,150.0,beverage,beverage
4214,Butterscotch Shake,Beverage,Veg,150.0,beverage,beverage
4215,Pista Shake,Beverage,Veg,150.0,beverage,beverage
4216,Fruitsalad With Icecream,Sides,Veg,150.0,sides,sides
4217,Fruitsalad,Sides,Veg,150.0,sides,sides
4218,Falooda,Dessert,Veg,150.0,dessert,dessert
4219,Delma Spl Falooda,Dessert,Veg,150.0,dessert,dessert
4220,Combo 1,Sides,Non-Veg,150.0,sides,sides
4221,Combo 3,Sides,Non-Veg,150.0,sides,sides
4222,Combo 2,Sides,Non-Veg,150.0,sides,sides
4223,Paneer Fried Rice + Chilli Paneer,Curry,Veg,150.0,curry,curry
4224,Parotha (2 Piece) + Grean Piece Masala,Curry,Veg,150.0,curry,curry
4225,Chappathi (2 Piece)+mix Veg Gravy,Curry,Veg,150.0,curry,curry
4226,Nan (2 Piece)+paneer Butter Masala,Curry,Veg,150.0,curry,curry
4227,Veg Fried Rice + Shezwan Gobi Dry,Rice,Veg,150.0,rice,rice
4228,Rotti (2 Piece) + Dhal Fry,Starter,Veg,150.0,starter,starter
4229,Fish Curry Meals,Curry,Non-Veg,150.0,curry,curry
4230,Mutton Curry Meals,Curry,Non-Veg,150.0,curry,curry
4231,Veg Meals,Sides,Veg,150.0,sides,sides
4232,Chicken Curry Meals,Curry,Non-Veg,150.0,curry,curry
