item_id,item_name,category,veg_flag,price
1,Tandoori Gobi Roll,"Chinese,Indian",Veg,260.0
2,Malai Kofta,"Arabian,North Indian",Veg,228.0
3,Chicken Curry,"Arabian,North Indian",Non-Veg,228.0
4,Veg Clear Soup,"Arabian,North Indian",Veg,128.0
5,Vanilla Milk Shake,"Arabian,North Indian",Veg,89.0
6,Kachumber Salad,"Arabian,North Indian",Veg,90.0
7,Pista Kulfi,Desserts,Veg,104.0
8,Swedish House Mafia Coffee,Desserts,Veg,129.0
9,Cream Of Guest Special Soup,"South Indian,North Indian",Veg,120.0
10,Peas Masala,"South Indian,North Indian",Veg,135.0
11,Extra Potato Masala,"South Indian,North Indian",Veg,59.0
12,White Forest Pastry,"Bakery,Desserts",Non-Veg,50.85
13,Elachi Almonds,"Bakery,Desserts",Veg,241.52
14,Coconut Panacotta,"Bakery,Desserts",Non-Veg,125.0
15,Panini Chicken Mayo Sandwich,Fast Food,Non-Veg,179.0
16,Chicken Corn Cheese Sandwich + Double Omelette Chicken Mayo Sandwich + Chilli Garlic French Fries + Green Apple Crusher,Fast Food,Non-Veg,399.0
17,Tandoori French Fries,Fast Food,Veg,119.0
18,Double Omelette Chicken Tandoori Mayo Sandwich + Blue Curacao Mojito,Fast Food,Non-Veg,230.0
19,Ghee Podi Masala Dosa,"North Indian,Jain",Veg,145.0
20,Paneer Bhurji,"North Indian,Jain",Veg,252.0
21,Green Peas Masala with Bread Butter,"North Indian,Jain",Veg,144.0
22,Sweet corn Soup,"North Indian,Jain",Veg,84.0
23,Tomato Raita,"North Indian,Jain",Veg,96.0
24,Kaju Masala Large,"South Indian,North Indian",Veg,390.0
25,Mango Lassi,"South Indian,North Indian",Veg,175.0
26,Lachha Paratha,"North Indian,Chinese",Veg,90.0
27,Strawberry Classic Shake,"North Indian,Chinese",Veg,180.0
28,Paneer Kothu Parotta,Indian,Veg,160.0
29,Spicy Capsicum Cheese Sandwich,Fast Food,Veg,80.0
30,Brownie Chocolate Cheese Sandwich,Fast Food,Veg,129.0
31,Chicken Makhani,"North Indian,Arabian",Non-Veg,300.0
32,Schezwan Egg Noodles,"North Indian,Arabian",Non-Veg,210.0
33,Mango Milkshake,"North Indian,Arabian",Veg,100.0
34,Kiwi Milkshake,"North Indian,Arabian",Veg,100.0
35,Stick Ice cream  ..,"North Indian,Arabian",Veg,40.0
36,Body Cooler Mocktail,Desserts,Veg,116.0
37,Veg Samosa (3pcs),Desserts,Veg,90.0
38,Ghee Podi Dosai,"South Indian,North Indian",Veg,160.0
39,Gulab Jamun (1 Pc),"South Indian,North Indian",Veg,40.0
40,Gobi Vadakari Tandoori Cheese Sandwich,Fast Food,Veg,110.0
41,Double Omelette Lays Cheese Sandwich,Fast Food,Non-Veg,145.0
42,Panini Mushroom Cheese Sandwich,Fast Food,Veg,130.0
43,Dry Coconut Cookies [200 Gms],"Bakery,Desserts",Veg,80.51
44,Lemon Tart,"Bakery,Desserts",Non-Veg,80.0
45,Cheese Grilled Sandwich,"Beverages,Chinese",Veg,84.0
46,Classic Fish Shawarma Plate,"Beverages,Chinese",Non-Veg,179.0
47,Cold Coffee (350 Ml),"Beverages,Chinese",Veg,94.0
48,Boiled Egg Pasta Cheese Sandwich,Fast Food,Non-Veg,125.0
49,Thousand Island Vadakari Cheese Sandwich,Fast Food,Veg,119.0
50,Pasta Paneer Tandoori Mayo Sandwich,Fast Food,Veg,125.0
51,Orange Mojito,Fast Food,Veg,99.0
52,Strawberry Crusher,Fast Food,Veg,89.0
53,Gobi Fried Rice,Indian,Veg,150.0
54,Fresh Lemon,Indian,Veg,40.0
55,Ginger Lemon,Indian,Veg,50.0
56,Fig,Indian,Veg,80.0
57,Thai Chicken Fried Rice,"North Indian,Arabian",Non-Veg,235.0
58,Chicken Chinese Chop suey,"North Indian,Arabian",Non-Veg,300.0
59,Chocolate Milkshake,"North Indian,Arabian",Veg,100.0
60,Banana Lassi,"North Indian,Arabian",Veg,90.0
61,Mango Krusher,"North Indian,Arabian",Veg,100.0
62,Paneer Labadar,"Chinese,Indian",Veg,440.0
63,Kaadai Tandoori,"North Indian,Arabian",Non-Veg,210.0
64,Kulfi Ice cream,"North Indian,Arabian",Veg,40.0
65,Ginger Lime,"North Indian,Arabian",Veg,40.0
66,Lemon Juice,"North Indian,Arabian",Veg,35.0
67,Thai Pepper Corn Rice,"Chinese,Indian",Veg,600.0
68,Salted Fries,"Chinese,Indian",Veg,340.0
69,Tomato Corn Mayo Sandwich,Fast Food,Veg,109.0
70,Pita Pizza Mayo Sandwich,Fast Food,Veg,134.0
71,Focaccia Chicken Cheese Sandwich,Fast Food,Non-Veg,179.0
72,Green Apple Crusher,Fast Food,Veg,89.0
73,Brownie Chocolate Mango Sandwich,Fast Food,Veg,129.0
74,Papdi Chaat,"Chinese,Indian",Veg,160.0
75,Veg Paneer Fried Rice,"Chinese,Indian",Veg,440.0
76,Boiled Egg Paneer Mayo Sandwich,Fast Food,Non-Veg,135.0
77,Bread Omelette Chicken Tandoori Mayo Sandwich,Fast Food,Non-Veg,159.0
78,Nannari Sharbat,Fast Food,Veg,69.0
79,Mushroom 65,"North Indian,Arabian",Veg,170.0
80,Schezwan Prawns Noodles,"North Indian,Arabian",Non-Veg,300.0
81,Chicken Hyderabadi 65,"North Indian,Arabian",Non-Veg,260.0
82,Paneer Parotta,"Biryani,North Indian",Veg,79.0
83,Strawberry Ice Cream,"Biryani,North Indian",Veg,149.0
84,Curd Rice With Chicken 90,"Biryani,North Indian",Non-Veg,190.0
85,Butter Tandoori Roti,"Chinese,Indian",Veg,80.0
86,Water Bottle 500ml,"Chinese,Indian",Veg,25.0
87,Chilli Chicken,Indian,Non-Veg,240.0
88,Veg Noodles,Indian,Veg,140.0
89,Banana Shake,Indian,Veg,80.0
90,Navrathana Kurma,"South Indian,North Indian",Veg,190.0
91,Pepper Soup,"South Indian,North Indian",Veg,80.0
92,Sambar Idli (2 Pcs) + Masala Dosai (1 Pc),"South Indian,North Indian",Veg,150.0
93,Pista Ice Cream,"South Indian,North Indian",Veg,75.0
94,Mushroom Fried Rice,"North Indian,Jain",Veg,240.0
95,Veg Kolhapuri Small,"South Indian,North Indian",Veg,260.0
96,Poori (2 Pcs),"South Indian,Biryani",Veg,70.0
97,Dosa,"South Indian,Biryani",Non-Veg,70.0
98,Prawn Podimass,"South Indian,Biryani",Non-Veg,220.0
99,Rotti Pilantha,"South Indian,Biryani",Veg,120.0
100,Chicken Lollipop Biryani + Tilo Cool Drink,"South Indian,Biryani",Non-Veg,285.0
101,Sambar Idly(2pcs),"South Indian,Biryani",Veg,80.0
102,Desi Nachos,"Chinese,Indian",Veg,400.0
103,Kitkat Milkshake,"Chinese,Indian",Veg,340.0
104,Watermelon Ice Tea,"Chinese,Indian",Veg,180.0
105,Kung Fu Veg [sweet And Salt],"Chinese,Indian",Veg,520.0
106,Mexican Fries,"Chinese,Indian",Veg,380.0
107,Double Omelette Boiled Egg Mayo Sandwich,Fast Food,Non-Veg,145.0
108,Litchi Mojito,Fast Food,Veg,99.0
109,Victuals Fried Crab Lollypop-2 Pcs,"Beverages,Chinese",Non-Veg,104.0
110,Murg Multani Kabab,"Biryani,North Indian",Non-Veg,299.0
111,Aloo Mutter Masala,"South Indian,North Indian",Veg,135.0
112,Lasagne,"South Indian,North Indian",Veg,210.0
113,Onion Raita,"South Indian,North Indian",Veg,79.0
114,Subzi Biryani,"North Indian,Chinese",Veg,230.0
115,Special Mixed Fried Rice,"North Indian,Chinese",Veg,250.0
116,Plum Cake [1/2kg],"Bakery,Desserts",Veg,450.0
117,Dutch Truffle Pastry [eggless],"Bakery,Desserts",Veg,59.32
118,Little Heart Cookies [200 Gms],"Bakery,Desserts",Veg,80.51
119,Honey & Dates Cake [250 Gms],"Bakery,Desserts",Veg,105.93
120,Cheesy Paneer Shawarma Roll,"Beverages,Chinese",Veg,129.0
121,Wheat Dosai,"South Indian,North Indian",Veg,95.0
122,Aloo Punjabi Small,"South Indian,North Indian",Veg,233.0
123,Spl Curd Rice Small,"South Indian,North Indian",Veg,115.0
124,Grape Juice,"South Indian,North Indian",Veg,130.0
125,Mutton Fry,"North Indian,Arabian",Non-Veg,325.0
126,Chicken Tikka Subz ( 4 pcs),"North Indian,Arabian",Non-Veg,130.0
127,Non-Veg Mixed Fried Rice,"North Indian,Arabian",Non-Veg,325.0
128,Sharjah Shake,"North Indian,Arabian",Veg,120.0
129,Sweet Corn Mutton Soup,"North Indian,Arabian",Non-Veg,145.0
130,Panini Paneer Mayo Sandwich,Fast Food,Veg,165.0
131,Chutney Cheese Sandwich,Fast Food,Veg,94.0
132,Cream Of Veg Corn Soup,"South Indian,North Indian",Veg,100.0
133,Extra Tiffin Sambar,"South Indian,North Indian",Veg,59.0
134,Chicken Masala,"North Indian,Arabian",Non-Veg,250.0
135,Cherry Juice,"North Indian,Arabian",Veg,80.0
136,Chicken 90,"North Indian,Arabian",Non-Veg,210.0
137,Strawberry Juice(120 ml),"North Indian,Arabian",Veg,80.0
138,Prawn Crispy Fry,"Arabian,North Indian",Non-Veg,348.0
139,Ghee Dosa,"North Indian,Jain",Veg,126.0
140,Banana Milkshake,"North Indian,Jain",Veg,96.0
141,Naan (W) Paneer Butter Masala,"South Indian,North Indian",Veg,140.0
142,Mushroom Noodles,"South Indian,North Indian",Veg,210.0
143,Onion Cheese Sandwich,Fast Food,Veg,94.0
144,Fish Fried Rice,"North Indian,Arabian",Non-Veg,260.0
145,Nutella Lychee,Desserts,Veg,155.0
146,Garlic Paratha,"South Indian,North Indian",Veg,70.0
147,Pineapple Cheese Salad,"South Indian,North Indian",Veg,130.0
148,Chilli Parotta,Indian,Veg,130.0
149,French Fries,Indian,Veg,110.0
150,Spicy Veg And Paneer Balls ( 2 Nos ),"South Indian,North Indian",Veg,140.0
151,Cashewnut Paratha,"South Indian,North Indian",Veg,90.0
152,Chilli Paneer,"South Indian,North Indian",Veg,165.0
153,Cream Of Mushroom Soup,"South Indian,North Indian",Veg,105.0
154,Naan,"South Indian,North Indian",Veg,51.0
155,Kesar Badam Pista Milk,"South Indian,North Indian",Veg,99.0
156,Choco Lava,"Bakery,Desserts",Veg,63.56
157,Choco Brownie With Salted Caramel,"Bakery,Desserts",Veg,76.27
158,Mushroom 95,"Chinese,Indian",Veg,290.0
159,Sandwich Toast,"Chinese,Indian",Veg,140.0
160,Ghee Kichiya,"Chinese,Indian",Veg,90.0
161,Cream Of Veg Noodles Soup,"South Indian,North Indian",Veg,105.0
162,Peas Masala Dosa,"South Indian,North Indian",Veg,111.0
163,Sambar Rice,"South Indian,North Indian",Veg,60.0
164,Jain Paneer Butter Masala,"North Indian,Jain",Veg,264.0
165,Fig Milkshake (1 Litre),"Beverages,Chinese",Veg,229.0
166,Shezwan Prawn Noodles,Indian,Non-Veg,220.0
167,Egg Pepper Roast,Indian,Non-Veg,110.0
168,Chicken Burger (Spicy),"North Indian,Arabian",Non-Veg,105.0
169,Apple Juice,"North Indian,Arabian",Veg,80.0
170,Strawberry Cup Ice cream,"North Indian,Arabian",Veg,25.0
171,Bbq Chicken Wings,"Arabian,North Indian",Non-Veg,298.0
172,Ghee Rice,"Arabian,North Indian",Veg,178.0
173,Ginger Paneer,"Chinese,Indian",Veg,420.0
174,Schezwan Prawns,"Biryani,North Indian",Non-Veg,349.0
175,Veg Sweet Corn Soup,"Biryani,North Indian",Veg,139.0
176,Bread Omelette Boiled Egg Cheese Sandwich,Fast Food,Non-Veg,129.0
177,Full Meals,"South Indian,Biryani",Non-Veg,130.0
178,Egg Chettinadu Masala,"South Indian,Biryani",Non-Veg,100.0
179,Fish Mini Meals Combo,"South Indian,Biryani",Non-Veg,180.0
180,Gobi Vadakari Mayo Sandwich,Fast Food,Veg,95.0
181,Spinach Corn Tandoori Cheese Sandwich,Fast Food,Veg,124.0
182,Veg Pulao Large,"South Indian,North Indian",Veg,285.0
183,Mutter Paneer  Large,"South Indian,North Indian",Veg,325.0
184,Coffee Icecream,"South Indian,North Indian",Veg,115.0
185,Kadai Veg Curry,"Chinese,Indian",Veg,420.0
186,Plum Cake [1 Kg],"Bakery,Desserts",Veg,900.0
187,Mini Falooda,"Biryani,North Indian",Veg,190.0
188,Buhari's Mutton Korma,"Biryani,North Indian",Non-Veg,285.0
189,Chocolate Ice Cream,"Biryani,North Indian",Veg,149.0
190,Rotti Ayyam( Chicken),"South Indian,Biryani",Non-Veg,160.0
191,Curd Rice,"South Indian,Biryani",Veg,70.0
192,Rotti Pom,"South Indian,Biryani",Veg,120.0
193,Chicken 65 Biryani + Tilo Cool Drink,"South Indian,Biryani",Non-Veg,285.0
194,Chicken Soup,"Beverages,Chinese",Non-Veg,109.0
195,Double Chocolate Brownie (1 Pcs),"Beverages,Chinese",Veg,114.0
196,Classic Chicken Shawarma Plate,"Beverages,Chinese",Non-Veg,148.0
197,Classic Paneer Shawarma Plate,"Beverages,Chinese",Veg,148.0
198,Kaadai ( Quail ) Tandoori,"Arabian,North Indian",Non-Veg,168.0
199,Mutton Dum Biryani ( 2 Pcs ),"Arabian,North Indian",Non-Veg,298.0
200,Mamgo Delight,"Arabian,North Indian",Veg,88.0
201,Veg Sandwich,Indian,Veg,110.0
202,Butterscoth Shake,Indian,Veg,110.0
203,Maharaja Masala Dosai (sat),"South Indian,North Indian",Veg,152.0
204,Chilly Paneer Dry Large,"South Indian,North Indian",Veg,350.0
205,Fruit Salad (our Combinations) - 450 Ml,"South Indian,North Indian",Veg,175.0
206,Jain Baby Corn Manchurian (dry),"North Indian,Jain",Veg,252.0
207,Choco Brownie Eggless - 1pc,"North Indian,Jain",Veg,85.0
208,Tutti Fruity Ice Cream,"Biryani,North Indian",Veg,149.0
209,Chicken Lollipop Sauce,"Biryani,North Indian",Non-Veg,289.0
210,Garlic Naan,"South Indian,North Indian",Veg,60.0
211,Ginger Chicken,"Biryani,North Indian",Non-Veg,319.0
212,Crispy Fried Mushroom,"Biryani,North Indian",Veg,235.0
213,Buhari's Chicken Masala,"Biryani,North Indian",Non-Veg,259.0
214,Steamed Rice,"Biryani,North Indian",Veg,109.0
215,Strawberry Chocolate Banana Sandwich,Fast Food,Veg,109.0
216,Chinese Combo5(Mushroom Fried Rice +Chilli Paneer Dry),"North Indian,Jain",Veg,399.0
217,Idli (3 Pcs) + Water Melon Juice,"North Indian,Jain",Veg,110.0
218,Paneer 65,"North Indian,Chinese",Veg,270.0
219,Dragon Potato,"North Indian,Chinese",Veg,220.0
220,Triple Chocolate Sundae,"North Indian,Chinese",Veg,280.0
221,Veg Burger,"North Indian,Arabian",Veg,80.0
222,Parotta [2 Pieces] With Veg Khurma,"Beverages,Chinese",Veg,119.0
223,Millet Dosai,"South Indian,North Indian",Veg,86.0
224,Poori With Sd (3 Pcs),"South Indian,North Indian",Veg,90.0
225,Honey Chilli Gobi Small,"South Indian,North Indian",Veg,250.0
226,Cheese Veg Maggi,"Beverages,Chinese",Veg,89.0
227,Sweet Corn Maggi,"Beverages,Chinese",Veg,79.0
228,Mango Lassi (350 Ml),"Beverages,Chinese",Veg,69.0
229,Schezwan Paneer Bread Omelet,"Beverages,Chinese",Veg,84.0
230,Jalapeno Cheesy Poppers (8 Pcs),"Beverages,Chinese",Veg,79.0
231,Gooseberry Juice (500 Ml),"Beverages,Chinese",Veg,79.0
232,Cold Coffee (500 Ml),"Beverages,Chinese",Veg,129.0
233,Bournvita In Chai Flask (250 Ml),"Beverages,Chinese",Veg,112.0
234,Club Sandwich,"North Indian,Jain",Veg,90.0
235,Rava Masala Dosa,"North Indian,Jain",Veg,114.0
236,Tea - Big(serves 2) 250 Ml,"North Indian,Jain",Veg,55.0
237,Chicken Tom Yum Soup,"Biryani,North Indian",Non-Veg,179.0
238,Sweet & Sour Chicken,"Biryani,North Indian",Non-Veg,299.0
239,Chicken Sweet Corn Soup,"Biryani,North Indian",Non-Veg,159.0
240,Garlic Prawns Dry,"North Indian,Arabian",Non-Veg,315.0
241,Jeera Rice,"North Indian,Arabian",Veg,185.0
242,Muskmelon Juice,"North Indian,Arabian",Veg,80.0
243,Egg Biryani,"North Indian,Arabian",Non-Veg,185.0
244,Hot & Sour Veg Soup,"North Indian,Arabian",Veg,120.0
245,Irani Fish Tikka,"Biryani,North Indian",Non-Veg,349.0
246,Steam Rice + Aloo Gobi Masal (250 Ml),"Biryani,North Indian",Veg,189.0
247,Mushroom Pepper Fry,"North Indian,Arabian",Veg,210.0
248,Rose Milk,"North Indian,Arabian",Veg,70.0
249,Mint Lime,"North Indian,Arabian",Veg,40.0
250,Chickenbiriyani+chicken65(2pcs)+chickenlollipop ( 2 Pcs)+chicken Wings ( 2 Pcs)+soft Drinks (200 Ml),"North Indian,Arabian",Non-Veg,380.0
251,Veg Fried Rice,"South Indian,North Indian",Veg,179.0
252,Potato Chips Salted,"South Indian,North Indian",Veg,55.0
253,Sweet Lime Juice,"South Indian,North Indian",Veg,101.0
254,Pita Corn Cheese Sandwich,Fast Food,Veg,135.0
255,Mutton Pepper Masala,"Arabian,North Indian",Non-Veg,328.0
256,Badam Milkshake (1 Litre),"Beverages,Chinese",Veg,229.0
257,Ghee Podi Dosa,"South Indian,Biryani",Veg,110.0
258,Mutton Banana Leaf Parota,"South Indian,Biryani",Non-Veg,240.0
259,Rotti Pisang,"South Indian,Biryani",Veg,140.0
260,Chicken Clear Soup,"Biryani,North Indian",Non-Veg,159.0
261,Choco Crunchy Ice Cream,"Biryani,North Indian",Veg,153.0
262,Spinach Paneer Tandoori Cheese Sandwich,Fast Food,Veg,124.0
263,Thousand Island Chicken Mayo Sandwich,Fast Food,Non-Veg,149.0
264,French Fries (Regular),Fast Food,Veg,99.0
265,Litchi Crusher,Fast Food,Veg,89.0
266,Paneer Roti Chukka,"Chinese,Indian",Veg,340.0
267,Lemon Ice Tea,"Chinese,Indian",Veg,160.0
268,Chicken Wrap,"North Indian,Arabian",Non-Veg,120.0
269,Chicken American Chop suey,"North Indian,Arabian",Non-Veg,300.0
270,Vanilla Ice cream Scoops,"North Indian,Arabian",Veg,60.0
271,Cheese Croissant,"Bakery,Desserts",Veg,38.16
272,Strawberry Cake [eggless] [1 Kg],"Bakery,Desserts",Veg,762.74
273,Creme Brulee Desserts,"Bakery,Desserts",Non-Veg,125.0
274,Coffee Almonds,"Bakery,Desserts",Veg,241.52
275,Chicken Pepper Soup,"Beverages,Chinese",Non-Veg,109.0
276,Badam Milkshake (350 Ml),"Beverages,Chinese",Veg,84.0
277,Pomegranate Juice (500 Ml),"Beverages,Chinese",Veg,109.0
278,Multigrain Bread,"Bakery,Desserts",Veg,80.0
279,Eclairs,"Bakery,Desserts",Veg,40.0
280,Choco Irish [filter Coffee],"Bakery,Desserts",Veg,50.85
281,Toast Butter Jam,"North Indian,Jain",Veg,72.0
282,Pineapple Juice,"North Indian,Jain",Veg,84.0
283,Cholam Dosai,"South Indian,North Indian",Veg,86.0
284,Baby Corn  Manchurian Large,"South Indian,North Indian",Veg,314.0
285,Pineapple Lassi,"South Indian,North Indian",Veg,175.0
286,Sambar Vadai (1 Pc),"South Indian,North Indian",Veg,52.0
287,Veg Ball Manchurian,"North Indian,Chinese",Veg,220.0
288,Milagu (pepper)dhosa,"South Indian,Biryani",Veg,110.0
289,Plain Naan,"North Indian,Chinese",Veg,70.0
290,Fry Papad,"North Indian,Chinese",Veg,40.0
291,Oreo Cream Shake,"North Indian,Chinese",Veg,190.0
292,Mutton Chettinad,"North Indian,Arabian",Non-Veg,325.0
293,Grape Milkshake,"North Indian,Arabian",Veg,100.0
294,Fig Juice,"North Indian,Arabian",Veg,90.0
295,Gobi Manchurian,"South Indian,North Indian",Veg,314.0
296,Tawa Paneer Small,"South Indian,North Indian",Veg,233.0
297,Sweet Pongal,"South Indian,North Indian",Veg,80.0
298,Curd Vadai (1 Pc),"South Indian,North Indian",Veg,57.0
299,Mixed Noodles,"North Indian,Chinese",Veg,260.0
300,Chilli Baby Corn Gravy,"North Indian,Chinese",Veg,250.0
301,Cheese Paneer Tikka,"North Indian,Chinese",Veg,270.0
302,Kitkat Shake,"North Indian,Chinese",Veg,200.0
303,Vanilla Ice Cream,"North Indian,Chinese",Veg,120.0
304,Choco Hazelnut Cake [eggless] [1 Kg],"Bakery,Desserts",Veg,974.58
305,Black Forest Cake [1 Kg],"Bakery,Desserts",Non-Veg,720.34
306,Black Currant Mini Dessert Tub,"Bakery,Desserts",Veg,76.27
307,Mango Pudding,"Bakery,Desserts",Non-Veg,125.0
308,Mutton Pepper Fry ( Dry ),"Arabian,North Indian",Non-Veg,338.0
309,Kadhai Murg,"Arabian,North Indian",Non-Veg,268.0
310,Mutton Sweet Corn Soup,"Arabian,North Indian",Non-Veg,178.0
311,Keser Rasamali Almonds,"Bakery,Desserts",Veg,241.52
312,Dutch Truffle Pastry,"Bakery,Desserts",Non-Veg,50.85
313,Strawberry Panacotta,"Bakery,Desserts",Non-Veg,125.0
314,Pudina Kulcha,"South Indian,North Indian",Veg,70.0
315,Masala Papad,"South Indian,North Indian",Veg,35.0
316,Sambar Vada,"South Indian,North Indian",Veg,66.0
317,Kulcha Combo,"South Indian,North Indian",Veg,240.0
318,Salt Lassi,"South Indian,North Indian",Veg,60.0
319,Lemon Chilli French Fries,Fast Food,Veg,109.0
320,Lemon Pepper French Fries,Fast Food,Veg,109.0
321,Mango Fresh Fruit Milkshake,"South Indian,North Indian",Veg,175.0
322,Gobi 65,"South Indian,North Indian",Veg,165.0
323,Mushroom Bhutia Kebab,"North Indian,Chinese",Veg,250.0
324,Plain Fulka,"North Indian,Chinese",Veg,25.0
325,Cheese Masala Papad,"North Indian,Chinese",Veg,90.0
326,Hariyali Kebab,"Biryani,North Indian",Non-Veg,299.0
327,Masala Dosa,"South Indian,North Indian",Veg,90.0
328,Pudina Paratha,"South Indian,North Indian",Veg,100.0
329,Methi Murg Kabab,"Biryani,North Indian",Non-Veg,299.0
330,Prawn Tom Yum Soup,"Biryani,North Indian",Non-Veg,189.0
331,Butterscotch Ice Cream,"Biryani,North Indian",Veg,149.0
332,Bbq Spicy Hot Chicken,"Arabian,North Indian",Non-Veg,188.0
333,Strawberry Delight,"Arabian,North Indian",Veg,80.0
334,Palak Corn,"North Indian,Chinese",Veg,220.0
335,Honey Butterscotch Cake [eggless] [half Kg],"Bakery,Desserts",Veg,508.47
336,Dutch Truffle Cake [1 Kg],"Bakery,Desserts",Non-Veg,805.08
337,Choco Brownie With Salted Caramel Mini Dessert Tub,"Bakery,Desserts",Veg,76.27
338,Mix Veg Chilly Fry,"South Indian,North Indian",Veg,220.0
339,Pineapple Ice Cream,"South Indian,North Indian",Veg,75.0
340,Strawberry Milkshake with Ice Cream,"South Indian,North Indian",Veg,160.0
341,Mirch Masala Kofta,"North Indian,Chinese",Veg,260.0
342,American Chop Suey,"North Indian,Chinese",Veg,270.0
343,Kurkure Mushroom,"North Indian,Chinese",Veg,260.0
344,Gobi Manchurian Gravy,"South Indian,North Indian",Veg,165.0
345,Nethili Fry,"North Indian,Arabian",Non-Veg,170.0
346,Chinese Pepper Chicken,"Biryani,North Indian",Non-Veg,299.0
347,Dragon Chicken,"Biryani,North Indian",Non-Veg,329.0
348,Steamed Rice With Chicken Pepper Masala,"Biryani,North Indian",Non-Veg,199.0
349,Panneer Naan,"South Indian,North Indian",Veg,115.0
350,Vanilla Cake [half Kg],"Bakery,Desserts",Non-Veg,402.54
351,Cheese Straws [200 Gms],"Bakery,Desserts",Veg,80.51
352,Mango Pastry [eggless],"Bakery,Desserts",Veg,59.32
353,Honey Almond Tart,"Bakery,Desserts",Veg,63.56
354,Black Forest Mini Dessert Tub,"Bakery,Desserts",Veg,76.27
355,Water Bottle,"Bakery,Desserts",Veg,16.95
356,Chicken Barbeque Momos (5 Pcs),"Beverages,Chinese",Non-Veg,144.0
357,Chikoo ( Sapota ) (500ml),"Beverages,Chinese",Veg,129.0
358,Pineapple Juice (500 Ml),"Beverages,Chinese",Veg,104.0
359,Dry Fruit Lassi (350 Ml),"Beverages,Chinese",Veg,74.0
360,Channa Masala,"North Indian,Chinese",Veg,230.0
361,Dragon Baby Corn,"North Indian,Chinese",Veg,250.0
362,Banana Smoothie,Desserts,Veg,129.0
363,Mexican Brownie Ice Cream,Desserts,Veg,150.0
364,Veg Paneer Noodles,"Chinese,Indian",Veg,440.0
365,Dates Milkshake,"Chinese,Indian",Veg,240.0
366,Pink Sauce [white & Red Mix],"Chinese,Indian",Veg,400.0
367,Chocolate Sandwich,Desserts,Veg,95.0
368,Margherita Pizza,Desserts,Veg,175.0
369,Corn Sandwich + Abc Juice + Moroccan Mint Lime,Desserts,Veg,260.0
370,Red Velvet Cheese Cream [half Kg],"Bakery,Desserts",Non-Veg,677.97
371,Lemon & Rapberry Mousse,"Bakery,Desserts",Non-Veg,125.0
372,Forest Rasberry With Mango Pastry [eggless],"Bakery,Desserts",Veg,59.32
373,Cheese Calzone,"Chinese,Indian",Veg,420.0
374,Bechamel [white Sauce],"Chinese,Indian",Veg,400.0
375,Chicken Noodles Soup,"Biryani,North Indian",Non-Veg,179.0
376,Tandoori Parotta,"Biryani,North Indian",Veg,47.0
377,Manchurian Fried Rice Small,"South Indian,North Indian",Veg,200.0
378,Butter Naan,"South Indian,North Indian",Veg,55.0
379,Extra Moor Kozhambu,"South Indian,North Indian",Veg,59.0
380,Guest Special Raita,"South Indian,North Indian",Veg,89.0
381,Blueberry Mojito (350 Ml),"Beverages,Chinese",Veg,99.0
382,Classic Corn Shawarma Plate,"Beverages,Chinese",Veg,148.0
383,Mix Veg Salad (1 Box),"Beverages,Chinese",Veg,104.0
384,Watermelon Juice,"Beverages,Chinese",Veg,64.0
385,Mutton Fried Rice,"Arabian,North Indian",Non-Veg,268.0
386,Chicken Tikka Masala,"Arabian,North Indian",Non-Veg,278.0
387,Butter Scotch Delight,"Arabian,North Indian",Veg,88.0
388,Pepper Chicken Salad,"Arabian,North Indian",Non-Veg,158.0
389,Extra Kubus,"Arabian,North Indian",Veg,20.0
390,Butter Fruit Milkshake 350 Ml ( Avocado ),"Beverages,Chinese",Veg,119.0
391,Peanut Butter Jam Sandwich,Fast Food,Veg,109.0
392,Brownie Chocolate Honey Sandwich,Fast Food,Veg,139.0
393,Shahi Paneer,"North Indian,Chinese",Veg,250.0
394,Desi Masala Fries,"North Indian,Chinese",Veg,170.0
395,Kaadai Masala,"Arabian,North Indian",Non-Veg,169.0
396,Dates Milk Shake,"Arabian,North Indian",Veg,99.0
397,Murg Hari Mirchi Tikka,"Arabian,North Indian",Non-Veg,268.0
398,Haryali Chicken Tikka,"Arabian,North Indian",Non-Veg,268.0
399,Chicken Drumstick,"Arabian,North Indian",Non-Veg,258.0
400,Chicken Tikka Roll,"Arabian,North Indian",Non-Veg,128.0
401,Strawberry Milk Shake,"Arabian,North Indian",Veg,85.0
402,Hawaiian Chicken Salad,"Arabian,North Indian",Non-Veg,158.0
403,Chicken Maggi,"Beverages,Chinese",Non-Veg,94.0
404,Filter Coffee In Chai Flask,"Beverages,Chinese",Veg,154.0
405,Green Tea In Chai Flask (500 Ml),"Beverages,Chinese",Veg,154.0
406,Masala Tea In Corrugated Tea Flask (250 Ml),"Beverages,Chinese",Veg,94.0
407,Garlic Prawns,"Biryani,North Indian",Non-Veg,349.0
408,Plain Kulcha,"Biryani,North Indian",Veg,43.0
409,Garlic Fish,"Biryani,North Indian",Non-Veg,345.0
410,Dragon Milkshake (350 Ml),"Beverages,Chinese",Veg,119.0
411,Meals Limit,"South Indian,Biryani",Non-Veg,100.0
412,Chicken Liver Parotta,"South Indian,Biryani",Non-Veg,160.0
413,Kadayai Chicken Dry,"South Indian,Biryani",Non-Veg,200.0
414,Mutton Biryani + Tilo 200 Ml Cool Drink (As Per The Availability),"South Indian,Biryani",Non-Veg,285.0
415,Water Bottel,"South Indian,Biryani",Veg,25.0
416,Chicken Lollypop (saucy),"Arabian,North Indian",Non-Veg,258.0
417,Chicken Sweet corn Soup,"Arabian,North Indian",Non-Veg,148.0
418,Prawn Pepper Fry,Indian,Non-Veg,250.0
419,Pine Apple,Indian,Veg,70.0
420,Mango Smoothie,Desserts,Veg,129.0
421,Special Healthy Mosambi Juice,Desserts,Veg,99.0
422,Khakhra Chicken Mayo Sandwich,Fast Food,Non-Veg,119.0
423,Egg Fried Rice,"Arabian,North Indian",Non-Veg,178.0
424,Tandoori Gobi Tikka,"Chinese,Indian",Veg,380.0
425,Stuffed Paratha,"South Indian,North Indian",Veg,110.0
426,Pulka,"South Indian,North Indian",Veg,35.0
427,Butterscotch Milkshake,"South Indian,North Indian",Veg,140.0
428,Chicken Seekh Kebab,"Biryani,North Indian",Non-Veg,319.0
429,Chilli Panneer,"Arabian,North Indian",Veg,248.0
430,Veg Pulao,"Arabian,North Indian",Veg,178.0
431,Gobi Manchurian Roll,"Arabian,North Indian",Veg,118.0
432,Chocolate Milk Shake,"Arabian,North Indian",Veg,99.0
433,Pineapple Fresh Fruit Milkshake,"South Indian,North Indian",Veg,175.0
434,Plain Salt Lassi,"South Indian,North Indian",Veg,120.0
435,Spl Sambar Rice  Large,"South Indian,North Indian",Veg,160.0
436,Nutella Shake,Desserts,Veg,155.0
437,Strawberry Delight Ice Cream,Desserts,Veg,155.0
438,Butterscotch Fudge Ice Cream,Desserts,Veg,155.0
439,Veg Fried Rice + Chilli Paneer,"Chinese,Indian",Veg,440.0
440,Boiled Egg Masala Cheese Sandwich,Fast Food,Non-Veg,125.0
441,Bread Omelette Tandoori Cheese Sandwich,Fast Food,Non-Veg,129.0
442,Chilli Chicken Gravy,"South Indian,Biryani",Non-Veg,210.0
443,Chicken Liver Fry,"South Indian,Biryani",Non-Veg,80.0
444,Chicken Leg 65 Biryani + Tilo Cool Drink,"South Indian,Biryani",Non-Veg,195.0
445,Boiled Egg Chicken Cheese Sandwich,Fast Food,Non-Veg,149.0
446,Chocolate Lassi,Fast Food,Veg,99.0
447,Vegetable Pulao,"Biryani,North Indian",Veg,219.0
448,Mushroom Masala,"Biryani,North Indian",Veg,245.0
449,Curd Rice + Chicken 65,"Biryani,North Indian",Non-Veg,229.0
450,Cheese Capsicum Pizza,"North Indian,Jain",Veg,180.0
451,Sev puri,"North Indian,Jain",Veg,72.0
452,Extra Pav,"North Indian,Jain",Veg,30.0
453,Pomegranate Juice,"North Indian,Jain",Veg,125.0
454,Gulkand Milkshake,"Chinese,Indian",Veg,320.0
455,Nattu Kozi Pepper Fry,Indian,Non-Veg,280.0
456,Kulcha,"North Indian,Arabian",Veg,40.0
457,Onion Salad,"North Indian,Arabian",Veg,80.0
458,Corn Ice cream  .,"North Indian,Arabian",Veg,55.0
459,Vegetable Sandwich,"North Indian,Jain",Veg,54.0
460,Cheesy Corn Pizza,Desserts,Veg,175.0
461,Spaghetti Balgonise,"South Indian,North Indian",Veg,210.0
462,Sambar Idli (2 Pieces),"South Indian,North Indian",Veg,51.0
463,Mixed Veg Raita,"South Indian,North Indian",Veg,79.0
464,Mutton Mughlai,"North Indian,Arabian",Non-Veg,350.0
465,Chilli Prawns  Dry,"North Indian,Arabian",Non-Veg,315.0
466,Special Palak Dal,"North Indian,Chinese",Veg,230.0
467,Pataakaa Paneer,"North Indian,Chinese",Veg,310.0
468,Curd Rice With Pickle,"North Indian,Chinese",Veg,160.0
469,Mango Lassi Da Mug,"North Indian,Chinese",Veg,150.0
470,Veg Classic Fried Rice,"North Indian,Chinese",Veg,200.0
471,Blueberry Cheese Pastry,Desserts,Veg,70.0
472,2 Parotta With Aloo Gobi Masala [250 Ml],"Biryani,North Indian",Veg,159.0
473,Mirchi Special Roti,"North Indian,Chinese",Veg,90.0
474,Crispy Fried Vegetables,"North Indian,Chinese",Veg,230.0
475,Chilli Garlic Fried Rice,"Chinese,Indian",Veg,440.0
476,Dhai Papadi,"Chinese,Indian",Veg,90.0
477,Dragon Chicken ( Dry ),"Arabian,North Indian",Non-Veg,278.0
478,Dragon Fish ( Dry ),"Arabian,North Indian",Non-Veg,298.0
479,Chilli Fish,"Arabian,North Indian",Non-Veg,278.0
480,Sweet Lassi,"Arabian,North Indian",Veg,60.0
481,Aloo Manchurian Dry,"South Indian,North Indian",Veg,155.0
482,Egg Noodles,"Biryani,North Indian",Non-Veg,235.0
483,Rose Falooda Regular,"South Indian,North Indian",Veg,320.0
484,Fresh Lemon Juice Salt,"South Indian,North Indian",Veg,90.0
485,Vanilla - Classic Milkshakes,"South Indian,North Indian",Veg,155.0
486,Veg Spring Roll,"Arabian,North Indian",Veg,118.0
487,Green Chutney,"Arabian,North Indian",Veg,20.0
488,Boiled Egg Corn Cheese Sandwich,Fast Food,Non-Veg,125.0
489,Mix Stuffed Paratha,"North Indian,Chinese",Veg,120.0
490,Choco Irish Cake [half Kg],"Bakery,Desserts",Non-Veg,466.1
491,Choco Irish Pastry,"Bakery,Desserts",Non-Veg,50.85
492,Black Forest Pastry,"Bakery,Desserts",Non-Veg,50.85
493,Choco Truffle Mini Dessert Tub,"Bakery,Desserts",Veg,76.27
494,Creme Brulee,"Bakery,Desserts",Non-Veg,125.0
495,Mushroom Masala Large,"South Indian,North Indian",Veg,325.0
496,Reshmi Paneer Tikka - Small,"South Indian,North Indian",Veg,240.0
497,Butter Roti,"South Indian,North Indian",Veg,60.0
498,Honey Lemon,"South Indian,North Indian",Veg,70.0
499,Sambar Idli,"South Indian,North Indian",Veg,70.0
500,Butter Scotch Icecream,"South Indian,North Indian",Veg,115.0
501,Paneer Sheek Kabab - Small,"South Indian,North Indian",Veg,240.0
502,Kootu (1 Bowl),"South Indian,North Indian",Veg,50.0
503,Green Tea,"South Indian,North Indian",Veg,52.0
504,Mutton Chaps,"South Indian,Biryani",Non-Veg,250.0
505,Shezwan Chicken Fried Rice,Indian,Non-Veg,210.0
506,Gobi Pepper Fry,Indian,Veg,200.0
507,Chilli Fish Dry,"North Indian,Arabian",Non-Veg,300.0
508,Mosambi Juice,"North Indian,Arabian",Veg,80.0
509,Ghee Onion Rava Masala Dosai,"South Indian,North Indian",Veg,170.0
510,Ghee Basumati Rice Large,"South Indian,North Indian",Veg,110.0
511,Masala Bread Toast,"South Indian,North Indian",Veg,90.0
512,Sweet Seeyam (2 Pcs),"South Indian,North Indian",Veg,86.0
513,Dragon Babycorn,"Chinese,Indian",Veg,420.0
514,Corn Kaju Curry,"Chinese,Indian",Veg,440.0
515,Fresh Fruit Salad With Ice Cream,"Chinese,Indian",Veg,290.0
516,Stuffed Naan,"South Indian,North Indian",Veg,124.0
517,Pani Poori,"South Indian,North Indian",Veg,76.0
518,Mushroom Soup,"South Indian,North Indian",Veg,95.0
519,Parotta With Sd (2 Pcs),"South Indian,North Indian",Veg,90.0
520,Butter Scotch - Classic Milkshakes,"South Indian,North Indian",Veg,165.0
521,Gobi Vadakari Tandoori Mayo Sandwich,Fast Food,Veg,110.0
522,Double Omelette Pasta Cheese Sandwich,Fast Food,Non-Veg,145.0
523,Spinach Corn Tandoori Mayo Sandwich,Fast Food,Veg,124.0
524,Focaccia Chicken Mayo Sandwich + Vanilla Milkshake,Fast Food,Non-Veg,260.0
525,Green Apple Mojito,Fast Food,Veg,99.0
526,Corn Cheese Balls - Large,"South Indian,North Indian",Veg,270.0
527,Paneer Temptation Bread Toast,"South Indian,North Indian",Veg,110.0
528,Water Melon Juice,"South Indian,North Indian",Veg,105.0
529,Banana Bonkers Mocktail,Desserts,Veg,90.0
530,Corn Sandwich + Ferrero Coffee,Desserts,Veg,215.0
531,Orange Juice,"South Indian,North Indian",Veg,115.0
532,Orange,Indian,Veg,80.0
533,Strawberry Mojito (350 Ml),"Beverages,Chinese",Veg,94.0
534,Ginger Tea In Corrugated Tea Flask (250 Ml),"Beverages,Chinese",Veg,94.0
535,Classic Parotta Chicken Shawarma Roll,"Beverages,Chinese",Non-Veg,129.0
536,Curd Vadai,"South Indian,North Indian",Veg,100.0
537,Ginger Lime Soda,"South Indian,North Indian",Veg,75.0
538,Special Milk,"South Indian,North Indian",Veg,60.0
539,Chinese Combo 4 (Schezwan Noodles +Baby Corn Manchurian),"North Indian,Jain",Veg,399.0
540,South Indian Meals Parcel,"North Indian,Jain",Veg,190.0
541,Rose Milkshake,"North Indian,Jain",Veg,96.0
542,Chicken Pakkoda (6 Pcs),"South Indian,Biryani",Non-Veg,139.0
543,Chicken Chettinadu Gravy,"South Indian,Biryani",Non-Veg,220.0
544,Chicken Fried Rice,"Arabian,North Indian",Non-Veg,198.0
545,Fruit Salad,"Arabian,North Indian",Veg,68.0
546,Pista Milk Shake,"Arabian,North Indian",Veg,99.0
547,Aloo Fry Methi Large,"South Indian,North Indian",Veg,258.0
548,Paneer Pudhina Masala Small,"South Indian,North Indian",Veg,233.0
549,Ghee Basumati Rice Small,"South Indian,North Indian",Veg,86.0
550,Cheese Sandwich,"South Indian,North Indian",Veg,86.0
551,Sambar (1 Bowl),"South Indian,North Indian",Veg,50.0
552,Paneer Corn Cheese Sandwich,Fast Food,Veg,125.0
553,Crispy Paneer Mayo Dressing,"Chinese,Indian",Veg,440.0
554,Hell,"Chinese,Indian",Veg,160.0
555,Pav Bhaji (4 Pcs) With Paneer,"Beverages,Chinese",Veg,114.0
556,Sukku Coffee In Corrugated Tea Flask (250 Ml),"Beverages,Chinese",Veg,94.0
557,Gobi Manchurian(dry) - Cauliflower,"North Indian,Jain",Veg,240.0
558,Roasted Papad,"North Indian,Jain",Veg,36.0
559,Bread Butter + Water Melon Juice,"North Indian,Jain",Veg,100.0
560,Soda (500 MLX),"North Indian,Arabian",Veg,45.0
561,Papaya Juice,"North Indian,Arabian",Veg,80.0
562,Fish Chettinadu,Indian,Non-Veg,260.0
563,Strawberry Lassi,Indian,Veg,70.0
564,Schezwan Mushroom Fried Rice,"North Indian,Arabian",Veg,220.0
565,Vanilla Cup Ice cream,"North Indian,Arabian",Veg,25.0
566,Lime Mint Cool,"North Indian,Arabian",Veg,40.0
567,Banana Juice,"North Indian,Arabian",Veg,80.0
568,Chappati [3 Pieces] With Chicken Curry,"Beverages,Chinese",Non-Veg,139.0
569,Red Velvet Brownie (1 Pc),"Beverages,Chinese",Veg,114.0
570,Peri Peri Parotta Chicken Shawarma Roll,"Beverages,Chinese",Non-Veg,129.0
571,Apple Milkshake (500 Ml),"Beverages,Chinese",Veg,129.0
572,Watermelon Salad (1 Box),"Beverages,Chinese",Veg,89.0
573,Cheese Bhujia Sandwich,"Chinese,Indian",Veg,140.0
574,Kashmiri Pulao  Large,"South Indian,North Indian",Veg,281.0
575,Paneer Biryani,"North Indian,Arabian",Veg,200.0
576,Carrot Milkshake,"North Indian,Arabian",Veg,100.0
577,Chenna Masala Large,"South Indian,North Indian",Veg,257.0
578,Chocolate Tart,"Bakery,Desserts",Veg,80.0
579,Podi Masala Dosa,"South Indian,North Indian",Veg,100.0
580,Cheese Omelette,"Biryani,North Indian",Non-Veg,79.0
581,Sweet And Sour Chicken,"Biryani,North Indian",Non-Veg,285.0
582,Prawn Pepper Masala,"Arabian,North Indian",Non-Veg,328.0
583,Manchurian Fried Rice Large,"South Indian,North Indian",Veg,305.0
584,Rangoli Stuffed Cheese Panner,"South Indian,North Indian",Veg,286.0
585,Schezwan Brocolli Noodles,"Chinese,Indian",Veg,460.0
586,Chicken Chettinadu Masala,Indian,Non-Veg,260.0
587,White Forest Cake [half Kg],"Bakery,Desserts",Non-Veg,466.1
588,White Brownie With Chocolate Ice Cream,"Bakery,Desserts",Non-Veg,125.0
589,Choco Orange Mini Dessert Tub,"Bakery,Desserts",Veg,76.27
590,Mint Mojito,"Bakery,Desserts",Veg,59.0
591,Kiwi Falooda,"Beverages,Chinese",Veg,139.0
592,Carrot Juice Pure Extract (350 Ml),"Beverages,Chinese",Veg,114.0
593,Fish Biryani,"Arabian,North Indian",Non-Veg,298.0
594,Nawabi Mutton Gravy,"Arabian,North Indian",Non-Veg,338.0
595,Chicken Laappa,"South Indian,Biryani",Non-Veg,170.0
596,Chicken Noodles,"South Indian,Biryani",Non-Veg,180.0
597,Rotti Jam,"South Indian,Biryani",Veg,120.0
598,Rotti Boost,"South Indian,Biryani",Veg,120.0
599,Mexican Corn Shawarma Plate,"Beverages,Chinese",Veg,148.0
600,Chicken Salami Grilled Sandwich,"Beverages,Chinese",Non-Veg,99.0
601,Veg Schezwan Momos (5 Pcs),"Beverages,Chinese",Veg,144.0
602,Parotta (2 Pcs) With Mutton Paya,"Beverages,Chinese",Non-Veg,219.0
603,Carrot Juice Pure Extract (1 Litre),"Beverages,Chinese",Veg,209.0
604,Classic Sweet Corn Parotta Shawarma Roll,"Beverages,Chinese",Veg,124.0
605,Corn & Cheese Momos (5 Pcs),"Beverages,Chinese",Veg,144.0
606,Chicken Grilled Sandwich,"Beverages,Chinese",Non-Veg,84.0
607,Green Tea With Lemon In Chai Flask (250 Ml),"Beverages,Chinese",Veg,94.0
608,Aloe Vera Juice (350 Ml),"Beverages,Chinese",Veg,69.0
609,Kadhai Panneer,"Arabian,North Indian",Veg,228.0
610,Panneer Shai Kurma,"South Indian,North Indian",Veg,220.0
611,Apple Milkshakes without Ice Cream,"South Indian,North Indian",Veg,150.0
612,Veg Cutlet,Desserts,Veg,95.0
613,Lindt And Sprungli Mocktail,Desserts,Veg,142.0
614,Pomegranate Mojito (350 Ml),"Beverages,Chinese",Veg,99.0
615,Strawberry Milkshake (1 Litre),"Beverages,Chinese",Veg,229.0
616,Horlicks In Flask (500 Ml),"Beverages,Chinese",Veg,148.0
617,Normal Tea In Chai Flask,"Beverages,Chinese",Veg,148.0
618,Mutton Rogan Josh,"North Indian,Arabian",Non-Veg,340.0
619,Veg Keema Naan,"North Indian,Arabian",Veg,55.0
620,Kiwi Lassi,"North Indian,Arabian",Veg,105.0
621,Chicken 65 [5 Pieces],"Biryani,North Indian",Non-Veg,285.0
622,Nannari Sarbath,Desserts,Veg,90.0
623,Strawberry Mojito,Desserts,Veg,116.0
624,Kesar Pista + Oreo Shake,Desserts,Veg,207.0
625,Gobi Lollipop,"North Indian,Arabian",Veg,195.0
626,Kashmiri Naan,"North Indian,Arabian",Veg,85.0
627,Pista Cup Ice cream,"North Indian,Arabian",Veg,40.0
628,Pineapple Lime,"North Indian,Arabian",Veg,40.0
629,Paneer Lababdar,"North Indian,Chinese",Veg,250.0
630,Vanjaram Fish Masala Dry,"North Indian,Arabian",Non-Veg,290.0
631,Mango Lime,"North Indian,Arabian",Veg,40.0
632,Cocktail,"North Indian,Arabian",Veg,85.0
633,Schezwan Crispy Noodles,"Chinese,Indian",Veg,500.0
634,Sundried Tomato Pasta,"Chinese,Indian",Veg,480.0
635,Onion Uttapam,"South Indian,North Indian",Veg,100.0
636,Green Peas Masala,"North Indian,Chinese",Veg,220.0
637,Chocolate Paratha,"North Indian,Chinese",Veg,200.0
638,Mutton Buhari's Special Soup,"Biryani,North Indian",Non-Veg,189.0
639,Choco Almond Cake [eggless] [half Kg],"Bakery,Desserts",Veg,508.47
640,Mushroom Tikka Masala,"North Indian,Chinese",Veg,250.0
641,Dragon Mushroom,"North Indian,Chinese",Veg,240.0
642,Salt & Pepper Mushroom,"North Indian,Chinese",Veg,240.0
643,Spl Dry Fruit Mastani Falooda Mini,"South Indian,North Indian",Veg,205.0
644,Rava Masala Dosai,"South Indian,North Indian",Veg,119.0
645,Plain Roti,"North Indian,Chinese",Veg,35.0
646,Mettar Pulao(Peas Pulao),"North Indian,Jain",Veg,240.0
647,Dhai Sevpuri,"North Indian,Jain",Veg,84.0
648,Mutton Curry,"Arabian,North Indian",Non-Veg,318.0
649,Apple Milk Shake,"Arabian,North Indian",Veg,99.0
650,Murg Dum Masala,"Arabian,North Indian",Non-Veg,268.0
651,American Chopsuey,"South Indian,North Indian",Veg,210.0
652,Lime Mint Cooler,"South Indian,North Indian",Veg,70.0
653,Tomato Corn Cheese Sandwich,Fast Food,Veg,109.0
654,Double Omelette Paneer Mayo Sandwich,Fast Food,Non-Veg,145.0
655,Chilli Garlic French Fries,Fast Food,Veg,109.0
656,Chicken Nuggets (4 Pcs),Fast Food,Non-Veg,109.0
657,Prawn 65,Indian,Non-Veg,250.0
658,Vanilla Shake,Indian,Veg,100.0
659,Chicken Dum Biryani With Chicken 90,"Biryani,North Indian",Non-Veg,490.0
660,Hara Bhara Kebab,"North Indian,Chinese",Veg,220.0
661,Paan Ice Cream,"North Indian,Chinese",Veg,150.0
662,Aam Panna Soda,"North Indian,Chinese",Veg,120.0
663,Cheese Stuffed Paratha,"North Indian,Chinese",Veg,140.0
664,Kuchumber Salad,"North Indian,Chinese",Veg,120.0
665,Sizzling Desi Sundae,"North Indian,Chinese",Veg,300.0
666,Chocolate Shake,Indian,Veg,110.0
667,Gopi Manchurian Gravy,"South Indian,North Indian",Veg,220.0
668,Shawarma Special Plate,"North Indian,Arabian",Non-Veg,185.0
669,Butter (Avocado) Milkshake,"North Indian,Arabian",Veg,100.0
670,Jain Methi Malai Paneer,"North Indian,Jain",Veg,264.0
671,Cucumber Raita,"North Indian,Jain",Veg,96.0
672,Mixed Veg Gravy,"Arabian,North Indian",Veg,188.0
673,Bajji,"South Indian,North Indian",Veg,85.0
674,Corn Methi Malai,"North Indian,Chinese",Veg,250.0
675,Peas Pulav,"North Indian,Chinese",Veg,210.0
676,Lemon Coriander Soup,"North Indian,Chinese",Veg,120.0
677,Bhindi Do Pyaza,"North Indian,Chinese",Veg,220.0
678,Idiyappam (5 Pcs) + Chicken Kurma,"Biryani,North Indian",Non-Veg,169.0
679,Macroni Augratin,"South Indian,North Indian",Veg,210.0
680,Special Parotta,Indian,Veg,50.0
681,Sweet Corn Soup,Indian,Veg,100.0
682,Jain Mixed Vegetable Curry,"North Indian,Jain",Veg,240.0
683,Jain Mattar Palak,"North Indian,Jain",Veg,228.0
684,Apple Milkshake,"North Indian,Jain",Veg,120.0
685,Special Fish Kulambu (vanjaram),Indian,Non-Veg,300.0
686,Kulcha [2pc's] + Mix Veg Gravy,"Chinese,Indian",Veg,420.0
687,Fresh Fruit Salad,"Chinese,Indian",Veg,240.0
688,Blueberry White Chocolate Cake [eggless] [half Kg],"Bakery,Desserts",Veg,593.22
689,Fruit Gateau Cake [eggless] [half Kg],"Bakery,Desserts",Veg,550.85
690,White Chocolate Brownie,"Bakery,Desserts",Veg,76.27
691,Nutella Fudge,Desserts,Veg,155.0
692,Fry Dal,"South Indian,North Indian",Veg,165.0
693,Sambar Vadai,"South Indian,North Indian",Veg,90.0
694,Gobi Chettinadu,Indian,Veg,180.0
695,Black Current Shake,Indian,Veg,110.0
696,Chilli Fish Gravy,"North Indian,Arabian",Non-Veg,300.0
697,Parotta ( 3 Pcs)+Tandoori Quarter +Egg Masala+Soft Drinks(200Ml),"North Indian,Arabian",Non-Veg,340.0
698,Schezwan Mixed Fried Rice,"North Indian,Arabian",Non-Veg,350.0
699,Sweet Corn Veg Soup,"North Indian,Arabian",Veg,90.0
700,Chicken Keema Fry,Indian,Non-Veg,260.0
701,Mango Faluda,Indian,Veg,180.0
702,Baby Corn 65,Indian,Veg,170.0
703,Wheat Paratha,"Arabian,North Indian",Veg,30.0
704,Prawn Black Pepper Sauce,"Arabian,North Indian",Non-Veg,348.0
705,Mint Chicken Shawarma Roll,"Beverages,Chinese",Non-Veg,124.0
706,Choco Truffle Cake [eggless] [1 Kg],"Bakery,Desserts",Veg,847.46
707,White Chocolate Mousse,"Bakery,Desserts",Non-Veg,125.0
708,Fish Noodles,"Arabian,North Indian",Non-Veg,268.0
709,Rose Milk Shake,"Arabian,North Indian",Veg,80.0
710,Tropical Mixed Fruit Mocktail,Desserts,Veg,116.0
711,Kesar Pista Shake,Desserts,Veg,104.0
712,Strawberry Coffee,Desserts,Veg,116.0
713,Yeppal Chicken,"South Indian,Biryani",Non-Veg,280.0
714,Sambar Vadai(2pcs),"South Indian,Biryani",Veg,80.0
715,Masala Khichiya,"North Indian,Jain",Veg,60.0
716,Pan Fried Momo Manchurian Style,"Chinese,Indian",Veg,360.0
717,Schezwan Babycorn,"Chinese,Indian",Veg,420.0
718,Plain Puff,"Chinese,Indian",Veg,60.0
719,Fig Milkshake,"Chinese,Indian",Veg,240.0
720,Dutch Choco Pastry,Desserts,Veg,70.0
721,Kids Special Sandwich,Desserts,Veg,95.0
722,Mutton Pepper Soup,Indian,Non-Veg,160.0
723,Pista Shake,Indian,Veg,110.0
724,Pasta Mushroom Mayo Sandwich,Fast Food,Veg,115.0
725,Garlic Chicken Dry,"North Indian,Arabian",Non-Veg,300.0
726,Dal Fry,Indian,Veg,130.0
727,Pallipalayam Mutton Dry,Indian,Non-Veg,300.0
728,Malai Paneer Tikka - Large,"South Indian,North Indian",Veg,324.0
729,Poori Potato,"South Indian,North Indian",Veg,65.0
730,Ghee Dhosai,"South Indian,Biryani",Veg,100.0
731,Egg Biryani + Tilo Cool Drink 200 Ml (As Per The Availability),"South Indian,Biryani",Non-Veg,145.0
732,Chicken Lollipop,"Biryani,North Indian",Non-Veg,285.0
733,Sweet & Sour Fish,"Biryani,North Indian",Non-Veg,345.0
734,Sezwan Fried Rice,"South Indian,North Indian",Veg,210.0
735,Singapore Noodles,"South Indian,North Indian",Veg,210.0
736,Kiwi Shake,Desserts,Veg,129.0
737,Nutella Chocolate,Desserts,Veg,155.0
738,Nutella Coffee Ice Cream,Desserts,Veg,155.0
739,Chicken Bread Omelet,"Beverages,Chinese",Non-Veg,84.0
740,Salt Lassi (350 Ml),"Beverages,Chinese",Veg,59.0
741,Boost,"Beverages,Chinese",Veg,112.0
742,Raaj Bhaavan Special Briyani,"South Indian,North Indian",Veg,225.0
743,Ginger Lemon Cool,"South Indian,North Indian",Veg,70.0
744,Vannila Milkshake with Ice Cream,"South Indian,North Indian",Veg,160.0
745,Chicken Do Pyaza,"North Indian,Arabian",Non-Veg,300.0
746,Chilli Egg Gravy,"North Indian,Arabian",Non-Veg,145.0
747,Schezwan Paneer Noodles,"North Indian,Arabian",Veg,220.0
748,White Lime,"North Indian,Arabian",Veg,40.0
749,Pongal + Vadai (1 Pc),"South Indian,North Indian",Veg,110.0
750,Peas Pepper Fry,"South Indian,North Indian",Veg,210.0
751,Tomato Raitha,"South Indian,North Indian",Veg,80.0
752,Strawberry Milkshake,"South Indian,North Indian",Veg,140.0
753,Schezwan Fish,"Arabian,North Indian",Non-Veg,288.0
754,Pista Banana Shake,Desserts,Veg,129.0
755,Tropical Mixed Fruit Shake,Desserts,Veg,116.0
756,Masala Fries,Desserts,Veg,95.0
757,Kitkat Crunchy Thick Cold Coffee,Desserts,Veg,164.0
758,Gobi 95,"Chinese,Indian",Veg,275.0
759,Phulka (3 Pcs) With Veg Khurma,"Beverages,Chinese",Veg,119.0
760,Ginger Tea In Chai Flask (500 Ml),"Beverages,Chinese",Veg,154.0
761,Cashwnut Briyani,"South Indian,North Indian",Veg,210.0
762,Panneer Fried Rice,"South Indian,North Indian",Veg,210.0
763,Falooda,"Arabian,North Indian",Veg,125.0
764,Masala Puri,"Beverages,Chinese",Veg,84.0
765,Paneer Kofta,"North Indian,Jain",Veg,252.0
766,Khichiya,"North Indian,Jain",Veg,48.0
767,Mango With Raspberry Pastry Tubs,"Bakery,Desserts",Veg,99.0
768,Lychee Delight Pastry [eggless],"Bakery,Desserts",Veg,59.32
769,Sticky Toffee Pudding,"Bakery,Desserts",Non-Veg,125.0
770,Blue Mint Mojito,"Bakery,Desserts",Veg,59.0
771,Schezwan Momo's,Desserts,Veg,125.0
772,Mississippi Mud Mocktail,Desserts,Veg,129.0
773,Coffee On The Rocks,Desserts,Veg,104.0
774,Blueberry Lassi,Desserts,Veg,104.0
775,Focaccia Paneer Cheese Sandwich,Fast Food,Veg,165.0
776,Focaccia Paneer Mayo Sandwich,Fast Food,Veg,165.0
777,Chana Mayo Sandwich,Fast Food,Veg,85.0
778,Guava Crusher,Fast Food,Veg,89.0
779,Bread Omelette Mayo Sandwich,Fast Food,Non-Veg,85.0
780,Palak Panneer,"South Indian,North Indian",Veg,190.0
781,Pistha Milkshake with Ice Cream,"South Indian,North Indian",Veg,160.0
782,Double Omelette Tandoori Mayo Sandwich,Fast Food,Non-Veg,145.0
783,Medhu Vada,"South Indian,North Indian",Veg,34.0
784,Fried Fish,"Biryani,North Indian",Non-Veg,329.0
785,Chikoo Milkshake,"Chinese,Indian",Veg,240.0
786,Carrot Salad,"North Indian,Arabian",Veg,80.0
787,Dhaba Style Paneer,"North Indian,Chinese",Veg,270.0
788,Plain Curd,"North Indian,Chinese",Veg,75.0
789,Chocolate Brownie Shake,"North Indian,Chinese",Veg,220.0
790,Cheese Masala Khichiya,"North Indian,Chinese",Veg,90.0
791,Shawarma Plate,"Arabian,North Indian",Non-Veg,198.0
792,Kung Pao Prawn,"Arabian,North Indian",Non-Veg,338.0
793,Apple Butterscotch Cake [1 Kg],"Bakery,Desserts",Non-Veg,762.71
794,Cucumber Mojito,"Bakery,Desserts",Veg,59.0
795,Egg Fry,"North Indian,Arabian",Non-Veg,120.0
796,Honey Potato Fry (1 Box),"North Indian,Arabian",Veg,170.0
797,Butter Scotch Ice cream Scoops,"North Indian,Arabian",Veg,60.0
798,Cranberry Mojito,Desserts,Veg,116.0
799,Mango Banana Lassi,Desserts,Veg,90.0
800,Nungu And Tender Coconut With Grapes (500 Ml),"Beverages,Chinese",Veg,148.0
801,Jumbo Royal Falooda [750 Ml],Desserts,Veg,325.0
802,Abc Juice Crush,Desserts,Veg,142.0
803,Blueberry And Lychee Mocktail,Desserts,Veg,155.0
804,Walk Like An Egyptian Mocktail,Desserts,Veg,116.0
805,Achari Paneer Tikka,"North Indian,Chinese",Veg,240.0
806,Soft Drink Can,"North Indian,Chinese",Veg,50.0
807,Chocolate Falooda Regular,"South Indian,North Indian",Veg,320.0
808,French Fries Small,"South Indian,North Indian",Veg,95.0
809,Mango - Classic Milkshakes,"South Indian,North Indian",Veg,165.0
810,Nasi Koren Noodles,"Chinese,Indian",Veg,600.0
811,Ghee Roast Papad,"Chinese,Indian",Veg,50.0
812,Orange Tang,"Chinese,Indian",Veg,120.0
813,Palak Mushroom Large,"South Indian,North Indian",Veg,286.0
814,Paneer Tikka Masala Large,"South Indian,North Indian",Veg,360.0
815,Sambar Vadai (2 Pcs),"South Indian,North Indian",Veg,95.0
816,Chinthamani Chicken,"South Indian,Biryani",Non-Veg,200.0
817,Kadai 65 Biryani + Tilo Cool Drink,"South Indian,Biryani",Non-Veg,285.0
818,Jain Chanaa Masala,"North Indian,Jain",Veg,240.0
819,Horlicks,"North Indian,Jain",Veg,48.0
820,Podi Dosa,Indian,Veg,100.0
821,Pomogranate,Indian,Veg,80.0
822,Mango Cake [half Kg],"Bakery,Desserts",Non-Veg,402.54
823,Mango Cake [eggless] [1 Kg],"Bakery,Desserts",Veg,762.71
824,Strawberry Iced Tea,"Bakery,Desserts",Veg,90.0
825,Mutton Chettinadu,Indian,Non-Veg,280.0
826,Cheesy Fries,Indian,Veg,140.0
827,Cashew nut Pulao,"North Indian,Arabian",Veg,220.0
828,Strawberry Ice cream Scoops,"North Indian,Arabian",Veg,60.0
829,Fruit Salad with Ice cream(120 ml),"North Indian,Arabian",Veg,105.0
830,Jeera Rice + Red Paneer Gravy,"Chinese,Indian",Veg,420.0
831,Thousand Island Chicken Sandwich,Fast Food,Non-Veg,129.0
832,Pita Vadakari Cheese Sandwich,Fast Food,Veg,135.0
833,Blueberry Crusher,Fast Food,Veg,89.0
834,Brownie Chocolate Nuts Grilled Sandwich,Fast Food,Veg,139.0
835,Fish Finger,"Biryani,North Indian",Non-Veg,345.0
836,Ghee Rice With Aloo Gobi Masala [250 Ml],"Biryani,North Indian",Veg,219.0
837,Onion Stuffed Paratha,"North Indian,Chinese",Veg,120.0
838,Ferrero Shake,"North Indian,Chinese",Veg,220.0
839,Veg Stew With Bread Toast,"South Indian,North Indian",Veg,170.0
840,Ragimalt,"South Indian,North Indian",Veg,51.0
841,Forest Raspberry With Mango Cake [half Kg],"Bakery,Desserts",Non-Veg,466.1
842,Apple Pie,"Bakery,Desserts",Veg,63.56
843,Veg Noodles Soup,"Arabian,North Indian",Veg,128.0
844,Delhi Style Falooda,"Arabian,North Indian",Veg,135.0
845,Madras Chicken Kothu Parotta,"Biryani,North Indian",Non-Veg,277.0
846,Chilli Aloo,"South Indian,North Indian",Veg,155.0
847,Extra Rasam,"South Indian,North Indian",Veg,59.0
848,Shaam Savera Kofta,"North Indian,Chinese",Veg,260.0
849,Manchow Soup,"North Indian,Chinese",Veg,110.0
850,Hot & Sour Soup,"North Indian,Chinese",Veg,110.0
851,Mexican Paneer Shawarma Plate,"Beverages,Chinese",Veg,148.0
852,Coffee In Chai Flask (500 Ml),"Beverages,Chinese",Veg,154.0
853,Green Tea In Chai Flask (250 Ml),"Beverages,Chinese",Veg,94.0
854,Chinese Combo 6 (mushroom Fried Rice + Babycorn Manchurian),"North Indian,Jain",Veg,399.0
855,Cheese Balls (3 Pcs),"North Indian,Jain",Veg,144.0
856,Bhel Puri + Water Melon Juice,"North Indian,Jain",Veg,115.0
857,Paneer Guldasta,"North Indian,Chinese",Veg,290.0
858,Peshawari Paneer,"North Indian,Chinese",Veg,260.0
859,Classic Lassi Da Mug,"North Indian,Chinese",Veg,120.0
860,Kulfi Falooda,Desserts,Veg,129.0
861,Potato Kieves,Desserts,Veg,95.0
862,Paneer Sandwich + Watermelon Juice +pomegranate Juice,Desserts,Veg,261.0
863,Strawberry Filled Donut,"Bakery,Desserts",Veg,42.37
864,Bread Butter,"North Indian,Jain",Veg,54.0
865,Kadayai Chicken Gravy,"South Indian,Biryani",Non-Veg,220.0
866,Dry Grapes Bun Parotta,"South Indian,Biryani",Veg,120.0
867,Roti,"South Indian,North Indian",Veg,50.0
868,Parcel Meal,"South Indian,North Indian",Veg,150.0
869,Noodles Soup,"South Indian,North Indian",Veg,80.0
870,Honey Chilli Panneer Small,"South Indian,North Indian",Veg,260.0
871,Extra Baaji,"South Indian,North Indian",Veg,60.0
872,Bhindi Chenna Large,"South Indian,North Indian",Veg,257.0
873,Tandoori Paratha,"South Indian,North Indian",Veg,90.0
874,Jain Mattar Paneer,"North Indian,Jain",Veg,228.0
875,Butter Milk,"North Indian,Jain",Veg,48.0
876,Masala Rusk [200 Gms],"Bakery,Desserts",Veg,32.8
877,Ghee Pongal,"South Indian,North Indian",Veg,65.0
878,Curd Vada (2 Pieces),"South Indian,North Indian",Veg,70.0
879,Extra Lunch Sambar,"South Indian,North Indian",Veg,59.0
880,Aloo Gobi Masala,"Biryani,North Indian",Veg,235.0
881,Pan Fried Momo Barbeque Style,"Chinese,Indian",Veg,360.0
882,Chilly Potato Fries,"Chinese,Indian",Veg,440.0
883,Masala Coke,"Chinese,Indian",Veg,120.0
884,Masala Soda Cola,"North Indian,Chinese",Veg,100.0
885,Chicken Hyderabadi Biryani,"North Indian,Arabian",Non-Veg,260.0
886,Chilli Paneer Dry,"North Indian,Arabian",Veg,195.0
887,Schezwan Gobi Fried Rice,"North Indian,Arabian",Veg,210.0
888,Cucumber Salad,"North Indian,Arabian",Veg,80.0
889,Butter Scotch Ice Cream,"South Indian,North Indian",Veg,75.0
890,Chettinadu Nattu Kozi Varuval,Indian,Non-Veg,280.0
891,Chicken Pakoda,Indian,Non-Veg,140.0
892,Peri Peri Chicken Shawarma Plate,"Beverages,Chinese",Non-Veg,148.0
893,Chicken Nuggets (5 Pcs),"Beverages,Chinese",Non-Veg,89.0
894,Kozhi Varutha Curry Special,Indian,Non-Veg,280.0
895,Paneer Chettinadu,Indian,Veg,210.0
896,Lemon Mint Mojito,Indian,Veg,120.0
897,Gopi Chilly Fry Dry,"South Indian,North Indian",Veg,220.0
898,Cashew Pulav,"South Indian,North Indian",Veg,210.0
899,Nawabi Fish Tikka,"Biryani,North Indian",Non-Veg,349.0
900,Mutton Dum Biryani,"Biryani,North Indian",Non-Veg,334.0
901,Mexican Fish Shawarma Roll,"Beverages,Chinese",Non-Veg,134.0
902,Beetroot Juice Pure Extract (350 Ml),"Beverages,Chinese",Veg,99.0
903,Blueberry Lassi (350 Ml),"Beverages,Chinese",Veg,74.0
904,Chocolate Milkshake (350 Ml),"Beverages,Chinese",Veg,98.0
905,Guava Juice (500 Ml),"Beverages,Chinese",Veg,94.0
906,Onion Salad (1 Box),"Beverages,Chinese",Veg,94.0
907,Classic Corn Shawarma Roll,"Beverages,Chinese",Veg,124.0
908,Fish Butter Masala,"Arabian,North Indian",Non-Veg,288.0
909,Hawaiian Chicken Cheese Salad,"Arabian,North Indian",Non-Veg,178.0
910,Gopi 65,"South Indian,North Indian",Veg,170.0
911,Chappathi Plain (2),"South Indian,North Indian",Veg,90.0
912,Parotta Kurma,"South Indian,North Indian",Veg,65.0
913,Veg Brinji,"South Indian,North Indian",Veg,80.0
914,Rasamalai,"South Indian,North Indian",Veg,51.0
915,Oreo And Cream,Desserts,Veg,104.0
916,Sweet Lassi + Strawberry Lassi,Desserts,Veg,164.0
917,Cheese Cutlet ( 2 Nos ),"South Indian,North Indian",Veg,100.0
918,Pineapple Raita,"South Indian,North Indian",Veg,79.0
919,Butter Masala Dosai,"South Indian,North Indian",Veg,160.0
920,Stuffed Capsicum Masala Large,"South Indian,North Indian",Veg,360.0
921,Malai Kofta (sweet Gravy) Small,"South Indian,North Indian",Veg,210.0
922,Desi Spl Falooda (small),"South Indian,North Indian",Veg,215.0
923,Rose Kheer,"South Indian,North Indian",Veg,81.0
924,Shawarma Special Roll,"North Indian,Arabian",Non-Veg,145.0
925,Prawns Golden Fry,"North Indian,Arabian",Non-Veg,325.0
926,Butter Phulka(3) With Dal Tadka,"North Indian,Jain",Veg,150.0
927,Molagapodi Onion Dosa,"North Indian,Jain",Veg,114.0
928,Butter Dosa + Water Melon Juice,"North Indian,Jain",Veg,115.0
929,Extra Kadak Pav,"North Indian,Jain",Veg,42.0
930,Chilli Cheese Toast,"Chinese,Indian",Veg,200.0
931,Blueberry White Chocolate Pastry [eggless],"Bakery,Desserts",Veg,59.32
932,Fruit Gateau Cake [half Kg],"Bakery,Desserts",Non-Veg,508.47
933,Khakhra Paneer Cheese Sandwich,Fast Food,Veg,125.0
934,Gobi Vadakari Cheese Sandwich,Fast Food,Veg,95.0
935,Cold Coffee,"Chinese,Indian",Veg,280.0
936,Mint Krusher,"North Indian,Arabian",Veg,100.0
937,Stick Ice cream   .,"North Indian,Arabian",Veg,55.0
938,Paneer Tikka Burger,"North Indian,Arabian",Veg,145.0
939,Simla Mirchi Murg,"Biryani,North Indian",Non-Veg,299.0
940,Fried Prawns,"Biryani,North Indian",Non-Veg,355.0
941,Tomato Sandwich + Water Melon Juice,"North Indian,Jain",Veg,100.0
942,BBQ Chicken,"North Indian,Arabian",Non-Veg,160.0
943,Pista Milk,Indian,Veg,50.0
944,Schezwan Fried Rice Jumbo Family Pack,"North Indian,Jain",Veg,499.0
945,Nutella Coffee Shake,Desserts,Veg,155.0
946,Malai Paneer Tikka,"Chinese,Indian",Veg,460.0
947,Budget Meals(south Indian),"North Indian,Jain",Veg,100.0
948,Tomato Salad,"North Indian,Jain",Veg,84.0
949,Blue Mojito,Desserts,Veg,116.0
950,Fruit Overloaded Ice Cream,Desserts,Veg,129.0
951,Mango Shake,Indian,Veg,110.0
952,Ghee Masala Dosa,"South Indian,North Indian",Veg,135.0
953,Sambar Idly(2)+Masala Dosa(1),"South Indian,North Indian",Veg,150.0
954,Tomato Juice,"South Indian,North Indian",Veg,85.0
955,Spinach And Corn Crispy,"Chinese,Indian",Veg,400.0
956,Dry Fruit Shake,"Chinese,Indian",Veg,300.0
957,Arrabiata [red Sauce],"Chinese,Indian",Veg,400.0
958,Kal Dosai (2 Pcs),"South Indian,North Indian",Veg,95.0
959,Cheese Maggie,"Chinese,Indian",Veg,220.0
960,Paneer Curry,"Chinese,Indian",Veg,440.0
961,Baby Corn 70,"Chinese,Indian",Veg,275.0
962,Tomato Bharta,"North Indian,Jain",Veg,228.0
963,Boiled Egg Mushroom Cheese Sandwich,Fast Food,Non-Veg,135.0
964,Uttapam,"North Indian,Jain",Veg,90.0
965,Cocktail Juice,"North Indian,Jain",Veg,96.0
966,Paneer Chukka,"Chinese,Indian",Veg,440.0
967,Butter Maggie,"Chinese,Indian",Veg,200.0
968,Mutton Tom Yum Soup,"Arabian,North Indian",Non-Veg,178.0
969,Dragon Paneer,"North Indian,Chinese",Veg,250.0
970,Chilli Mushroom Gravy,"North Indian,Chinese",Veg,260.0
971,Chicken 65,"Arabian,North Indian",Non-Veg,218.0
972,Plain Cheese Pizza,"North Indian,Jain",Veg,168.0
973,Vegetable Pizza,"North Indian,Jain",Veg,180.0
974,Mixed Non Veg Noodles,Indian,Non-Veg,240.0
975,Rogan Josh,Indian,Non-Veg,320.0
976,Veg Manchurian Gravy,"South Indian,North Indian",Veg,220.0
977,Panneer Pudina Masala,"South Indian,North Indian",Veg,190.0
978,Egg Bhurji,"Arabian,North Indian",Non-Veg,98.0
979,Coconut Halwa (50 Gms),"South Indian,North Indian",Veg,86.0
980,Manchurian Mushroom Gravy,"North Indian,Chinese",Veg,270.0
981,Chatpata Masala Churi,"North Indian,Chinese",Veg,120.0
982,Strawberry Mint Coolers,"North Indian,Chinese",Veg,140.0
983,Triple Berry Smoothies,"North Indian,Chinese",Veg,210.0
984,Paneer Chettinad,"North Indian,Arabian",Veg,195.0
985,Angara Paneer,"North Indian,Chinese",Veg,290.0
986,Cream Of Tomato Soup,"North Indian,Chinese",Veg,110.0
987,Panini Chicken Cheese Sandwich,Fast Food,Non-Veg,179.0
988,Kit Kat Milkshake,Fast Food,Veg,139.0
989,Pomegranat Milkshakes without Ice Cream,"South Indian,North Indian",Veg,150.0
990,Chilli Cheese Sandwich,Fast Food,Veg,94.0
991,Paneer Lays Mayo Sandwich,Fast Food,Veg,125.0
992,Mutton Lung Fung Soup,"Arabian,North Indian",Non-Veg,178.0
993,Biryani Rice ( Khushka),"Arabian,North Indian",Veg,148.0
994,Jeera Aloo,"North Indian,Chinese",Veg,220.0
995,Mutton Gravy,"South Indian,Biryani",Non-Veg,220.0
996,Number Candles,"Bakery,Desserts",Veg,30.0
997,Rava Onion Dosa,"North Indian,Jain",Veg,108.0
998,Boondi Raita,"North Indian,Jain",Veg,96.0
999,Shiva Sagar Special Milkshake,"North Indian,Jain",Veg,132.0
1000,Victuals Fried Crab Lollypop-4 Pcs,"Beverages,Chinese",Non-Veg,199.0
1001,Corn Momos (5 Pcs),"Beverages,Chinese",Veg,144.0
1002,Musk Melon Juice (500 Ml),"Beverages,Chinese",Veg,104.0
1003,Boost In Flask (500 Ml),"Beverages,Chinese",Veg,148.0
1004,Dragon Fish,"Biryani,North Indian",Non-Veg,355.0
1005,Chicken Rice With Chilli Chicken [250 Ml],"Biryani,North Indian",Non-Veg,259.0
1006,Bread Omelette Corn Cheese Sandwich,Fast Food,Non-Veg,129.0
1007,Spicy Indian French Fries,Fast Food,Veg,90.0
1008,Cashew Pulao Small,"South Indian,North Indian",Veg,219.0
1009,Cheesy Corn Shawarma Roll,"Beverages,Chinese",Veg,124.0
1010,Oreo Milkshake With Chocolate Milkshake (350 Ml),"Beverages,Chinese",Veg,114.0
1011,Sweet Corn Samosa Small [4 Pieces],"Beverages,Chinese",Veg,54.0
1012,Chicken Hot & Sour Soup,"Arabian,North Indian",Non-Veg,148.0
1013,Chocolate Delight,"Arabian,North Indian",Veg,88.0
1014,Mushroom Pizza,"North Indian,Jain",Veg,204.0
1015,Veg Wrap,"Beverages,Chinese",Veg,84.0
1016,Tender Coconut Juice (500 Ml),"Beverages,Chinese",Veg,119.0
1017,North Indian Thali Parcel,"North Indian,Jain",Veg,300.0
1018,Plain Palak Small,"South Indian,North Indian",Veg,219.0
1019,Bread Omelette Pasta Cheese Sandwich,Fast Food,Non-Veg,129.0
1020,Panini Chicken Cheese Sandwich + Blue Curacao Crusher,Fast Food,Non-Veg,220.0
1021,Pineapple Crusher,Fast Food,Veg,89.0
1022,Plain Biriyani,Indian,Veg,130.0
1023,Green Apple Shake,Desserts,Veg,116.0
1024,Paneer Corn Mayo Sandwich,Fast Food,Veg,125.0
1025,Brownie Chocolate Cheese Sandwich + Double Omelette Chicken Mayo Sandwich + Chilli Garlic French Fries + Green Apple Crusher,Fast Food,Non-Veg,399.0
1026,Aloo Fry Gobi Small,"South Indian,North Indian",Veg,190.0
1027,Vegatable Pulav + Chicken Chettinad (250 Ml),"Biryani,North Indian",Non-Veg,279.0
1028,Kalmi Kabab( 3 Pcs ),"Biryani,North Indian",Non-Veg,299.0
1029,Cheesy Piri Piri Momo,"Chinese,Indian",Veg,380.0
1030,Campbell Chicken,"Biryani,North Indian",Non-Veg,309.0
1031,Kothu Parotta With Chettinad Chicken,"Biryani,North Indian",Non-Veg,219.0
1032,Paneer Kulcha,"North Indian,Chinese",Veg,140.0
1033,Choco Hazelnut Cake [1 Kg],"Bakery,Desserts",Non-Veg,889.83
1034,Vanilla Tutty Fruity Cake,"Bakery,Desserts",Veg,105.93
1035,Dal Makhani Tadka,"North Indian,Chinese",Veg,240.0
1036,Onion Dhosai,"South Indian,Biryani",Veg,100.0
1037,Sambar,"South Indian,Biryani",Veg,48.0
1038,Rotti Horlics,"South Indian,Biryani",Veg,120.0
1039,Aloo Tikka,Desserts,Veg,95.0
1040,Fish Biriryani,Indian,Non-Veg,250.0
1041,Lamb Salt & Pepper ( Dry ),"Arabian,North Indian",Non-Veg,358.0
1042,Paneer Maggi,"Beverages,Chinese",Veg,89.0
1043,Barbecue Fish Shawarma Roll,"Beverages,Chinese",Non-Veg,134.0
1044,Box Meals (executive Meals),"South Indian,North Indian",Veg,220.0
1045,Mango Juice,"South Indian,North Indian",Veg,145.0
1046,Chappati [3 Pieces] With Veg Khuruma,"Beverages,Chinese",Veg,109.0
1047,Classic Paneer Parotta Shawarma Roll,"Beverages,Chinese",Veg,124.0
1048,Bhel Puri,"Beverages,Chinese",Veg,74.0
1049,Cheese Macaroni,"Beverages,Chinese",Veg,189.0
1050,Lemon Mojito (350 Ml),"Beverages,Chinese",Veg,94.0
1051,Shezwan Veg Noodles,Indian,Veg,150.0
1052,Paneer Butter Masala,Indian,Veg,220.0
1053,Sweet Corn Chicken Soup,Indian,Non-Veg,110.0
1054,Grape,Indian,Veg,70.0
1055,Mexican Paneer Shawarma Roll,"Beverages,Chinese",Veg,129.0
1056,Lemon Tea In Corrugated Tea Flask (250 Ml),"Beverages,Chinese",Veg,94.0
1057,Milk In Flask (500 Ml),"Beverages,Chinese",Veg,144.0
1058,Masala Tea In Chai Flask (500 Ml),"Beverages,Chinese",Veg,154.0
1059,Veg Brocolli Fried Rice,"Chinese,Indian",Veg,440.0
1060,Honey Chilli Fries,"Chinese,Indian",Veg,380.0
1061,Apple Guest Special Juice,"South Indian,North Indian",Veg,91.0
1062,Apple Nuts Coleslaw Salad,"South Indian,North Indian",Veg,140.0
1063,Mutton Brain Pepper Masala,"Biryani,North Indian",Non-Veg,219.0
1064,Veg Noodles + Gobi Manchurian,"Chinese,Indian",Veg,440.0
1065,Choco Marble Cake [500g],"Bakery,Desserts",Veg,400.0
1066,Gobi 65 Large,"South Indian,North Indian",Veg,275.0
1067,Tender Coconut Milkshake (350 Ml),"Beverages,Chinese",Veg,98.0
1068,Herbal Teacardamon Tea In Chai Flask (250 Ml),"Beverages,Chinese",Veg,112.0
1069,Chicken Tikka Momos (5 Pcs),"Beverages,Chinese",Non-Veg,144.0
1070,Milk In Corrugated Tea Flask (250 Ml),"Beverages,Chinese",Veg,89.0
1071,Mexican Shawarma Plate,"Arabian,North Indian",Non-Veg,218.0
1072,Barbeque Paneer Pizza,"Chinese,Indian",Veg,640.0
1073,Milo Milkshake,"Chinese,Indian",Veg,300.0
1074,Custard Apple Milkshake (500 Ml),"Beverages,Chinese",Veg,129.0
1075,Spicy Plain Bread Omelet,"Beverages,Chinese",Veg,79.0
1076,Classic Paneer Shawarma Roll,"Beverages,Chinese",Veg,129.0
1077,Orange Juice (500 Ml),"Beverages,Chinese",Veg,114.0
1078,Dal Makhani,"Chinese,Indian",Veg,340.0
1079,Plain Phulka,"Chinese,Indian",Veg,60.0
1080,Onion Mayo Sandwich,Fast Food,Veg,94.0
1081,Prawns Chicken Mayo Sandwich,Fast Food,Non-Veg,130.0
1082,Double Omelette Chicken Tandoori Cheese Sandwich + Green Apple Crusher,Fast Food,Non-Veg,220.0
1083,Tandoori Chicken Cheese Sandwich + Double Omelette Chicken Mayo Sandwich + Chilli Garlic French Fries + Green Apple Crusher,Fast Food,Non-Veg,399.0
1084,Corn Flakes Cookies [250 Gms],"Bakery,Desserts",Veg,80.51
1085,Saffron Panacotta,"Bakery,Desserts",Non-Veg,125.0
1086,Potato Smilies,Desserts,Veg,95.0
1087,Veg Nuggets,Desserts,Veg,95.0
1088,Ghee Pulka,"South Indian,North Indian",Veg,45.0
1089,Veg Soup,"South Indian,North Indian",Veg,80.0
1090,Thousand Island Mushroom Mayo Sandwich,Fast Food,Veg,119.0
1091,Schezwan Fried Rice,"South Indian,North Indian",Veg,179.0
1092,Idli,"South Indian,North Indian",Veg,50.0
1093,Idiyappam Mutton Dum Biryani,"Biryani,North Indian",Non-Veg,339.0
1094,Cream Of Vegetable Soup,"Biryani,North Indian",Veg,119.0
1095,Maggi Mushroom Cheese Sandwich,Fast Food,Veg,109.0
1096,Punjabi Kaju Chicken,"North Indian,Arabian",Non-Veg,315.0
1097,Schezwan Fish Fried Rice,"North Indian,Arabian",Non-Veg,290.0
1098,Garlic Cheese Toast,"South Indian,North Indian",Veg,160.0
1099,Mineral Water (1 Litre),"South Indian,North Indian",Veg,30.0
1100,Madras Filter Coffee,"South Indian,North Indian",Veg,51.0
1101,Peanut Butter Grilled Sandwich,Fast Food,Veg,79.0
1102,Kaadai ( Quail ) Biryani,"Arabian,North Indian",Non-Veg,248.0
1103,Fruit Salad With Ice Cream,"Arabian,North Indian",Veg,88.0
1104,Velvet White Forest Pastry,"Bakery,Desserts",Non-Veg,50.85
1105,Pinata Heart Cake [dark],"Bakery,Desserts",Veg,1016.95
1106,Fruit Gateau Cake [eggless] [1 Kg],"Bakery,Desserts",Veg,1016.95
1107,Veg Augratin,"South Indian,North Indian",Veg,210.0
1108,Veg Cheese Wrap,"Beverages,Chinese",Veg,84.0
1109,Mushroom Pepper Salt Large,"South Indian,North Indian",Veg,350.0
1110,Punjabi Thali,"South Indian,North Indian",Veg,240.0
1111,Curd Vadai (2 Pcs),"South Indian,North Indian",Veg,115.0
1112,Cashewnut Fried Rice,"South Indian,North Indian",Veg,189.0
1113,Pomogranate Guest Special Juice,"South Indian,North Indian",Veg,101.0
1114,Veg Rice,"South Indian,Biryani",Veg,99.0
1115,Chicken Hot Dog Subz( 4 pcs),"North Indian,Arabian",Non-Veg,100.0
1116,Khakhra Cheese Sandwich,Fast Food,Veg,105.0
1117,Spinach Mushroom Tandoori Cheese Sandwich,Fast Food,Veg,119.0
1118,Pasta Mushroom Tandoori Mayo Sandwich,Fast Food,Veg,125.0
1119,Extra Kurma,"South Indian,North Indian",Veg,59.0
1120,Gobi Aloo,"North Indian,Chinese",Veg,220.0
1121,Haryali Paneer Tikka,"North Indian,Chinese",Veg,240.0
1122,Chilli Gobi Gravy,"North Indian,Chinese",Veg,240.0
1123,Roast Papad,"North Indian,Chinese",Veg,40.0
1124,Pineapple Icecream,"South Indian,North Indian",Veg,115.0
1125,Bhujia Mix,"Chinese,Indian",Veg,220.0
1126,Sev Puri,"Beverages,Chinese",Veg,84.0
1127,Banana Chocolate Shake (350 Ml),"Beverages,Chinese",Veg,84.0
1128,Mexican Corn Shawarma Roll,"Beverages,Chinese",Veg,124.0
1129,Herb & Cheese Kulcha,"North Indian,Chinese",Veg,150.0
1130,Glass Masala Chaas,"North Indian,Chinese",Veg,80.0
1131,Paneer Rice,"North Indian,Arabian",Veg,210.0
1132,Dhaba Style Mushroom,"North Indian,Chinese",Veg,260.0
1133,Gulab Jamun,"North Indian,Chinese",Veg,140.0
1134,Makhni Paneer,"North Indian,Chinese",Veg,250.0
1135,Masaledaar Mushroom,"North Indian,Chinese",Veg,260.0
1136,Salsa Chilly Panneer  Large,"South Indian,North Indian",Veg,333.0
1137,Mutter Paneer Small,"South Indian,North Indian",Veg,220.0
1138,Veg Baby Corn Fried Rice,"Chinese,Indian",Veg,420.0
1139,Chilli Gobi Dry,"North Indian,Arabian",Veg,170.0
1140,Indo-german Forest Pastry [eggless],"Bakery,Desserts",Veg,59.32
1141,White Choco Donut,"Bakery,Desserts",Veg,42.37
1142,Choco Irish Mini Dessert Tub,"Bakery,Desserts",Veg,76.27
1143,Blueberry Mousse,"Bakery,Desserts",Veg,125.0
1144,Classic Fish Shawarma Roll,"Beverages,Chinese",Non-Veg,134.0
1145,Buhari's Mutton Masala,"Biryani,North Indian",Non-Veg,285.0
1146,Honey Chilli Potato,"North Indian,Chinese",Veg,220.0
1147,Manchurian Baby Corn Gravy,"North Indian,Chinese",Veg,250.0
1148,Mushroom Maggi,"Beverages,Chinese",Veg,84.0
1149,Spinach And Corn Lasagne,"Chinese,Indian",Veg,620.0
1150,Mirthanya Soup,"South Indian,North Indian",Veg,95.0
1151,Cov-special Lunch,"South Indian,North Indian",Veg,143.0
1152,Stuffed Paratha Veg,"South Indian,North Indian",Veg,100.0
1153,Sweet Puttu,"South Indian,North Indian",Veg,86.0
1154,Dates Banana Shake (350 Ml),"Beverages,Chinese",Veg,94.0
1155,Paneer Momos (5 Pcs),"Beverages,Chinese",Veg,144.0
1156,Classic Chicken Shawarma Roll,"Beverages,Chinese",Non-Veg,124.0
1157,Achari Tandoori Gobi Tikka,"Chinese,Indian",Veg,380.0
1158,Sankara Fish Fry,"South Indian,Biryani",Non-Veg,110.0
1159,Musroom Chilli,"South Indian,Biryani",Veg,160.0
1160,Chicken Biryani + Tilo 200 M Cool Drink (As Per The Availability),"South Indian,Biryani",Non-Veg,205.0
1161,Veg Samosa Small [4 Pieces],"Beverages,Chinese",Veg,54.0
1162,Onion Samosa Small [4 Pieces],"Beverages,Chinese",Veg,48.0
1163,Special Paneer Pulav,"North Indian,Chinese",Veg,220.0
1164,Punjabi Rajma,"North Indian,Chinese",Veg,230.0
1165,Roasted Ghee Khichiya,"North Indian,Chinese",Veg,60.0
1166,Spring Onion & Herb Soup,"North Indian,Chinese",Veg,130.0
1167,Mango Smoothies,"North Indian,Chinese",Veg,210.0
1168,Paneer Fried Rice Large,"South Indian,North Indian",Veg,315.0
1169,Sappota (chikoo) Juice,"South Indian,North Indian",Veg,125.0
1170,Paneer Tikka Subz,"North Indian,Arabian",Veg,130.0
1171,Mushroom Dosai,Indian,Veg,100.0
1172,Gobi Masala,Indian,Veg,170.0
1173,Blue Lagoon,Indian,Veg,90.0
1174,Wheat Parotta 2 Pcs,"South Indian,Biryani",Non-Veg,100.0
1175,Mushroom Momo's,Desserts,Veg,125.0
1176,Paneer Roll,Desserts,Veg,95.0
1177,Malai Paneer Tikka - Small,"South Indian,North Indian",Veg,240.0
1178,Peas Pulao Small,"South Indian,North Indian",Veg,205.0
1179,Chicken Lung Fung Soup,"Arabian,North Indian",Non-Veg,148.0
1180,Pinata Round Cake [dark],"Bakery,Desserts",Veg,1016.95
1181,Indo German Forest Cake [eggless] [1 Kg],"Bakery,Desserts",Veg,889.83
1182,Vanco Pastry,"Bakery,Desserts",Non-Veg,75.0
1183,Masala Mojito,"Bakery,Desserts",Veg,59.0
1184,Victuals Special Milkshake (350 Ml),"Beverages,Chinese",Veg,104.0
1185,Papaya Salad (1 Box),"Beverages,Chinese",Veg,89.0
1186,Chilli Chicken Pakkoda,"South Indian,Biryani",Non-Veg,220.0
1187,Chicken Kothu Kari Parotta,"South Indian,Biryani",Non-Veg,250.0
1188,Mutton Liver  Podimass,"South Indian,Biryani",Non-Veg,280.0
1189,White Forest Cake [eggless] [half Kg],"Bakery,Desserts",Veg,508.47
1190,Masala Kulcha,"North Indian,Jain",Veg,78.0
1191,Kabab Da-briyani Small,"South Indian,North Indian",Veg,219.0
1192,Forest Rasberry With Mango Cake [eggless] [half Kg],"Bakery,Desserts",Veg,508.47
1193,Blueberry Panacotta,"Bakery,Desserts",Non-Veg,125.0
1194,Jeera Mattar Rice,"Chinese,Indian",Veg,280.0
1195,Sphagheti In Pesto & Sundried Tomato Sauce,"Chinese,Indian",Veg,440.0
1196,Cashewnut Kadaai,"South Indian,North Indian",Veg,235.0
1197,Belgian Chips Mocktail,Desserts,Veg,116.0
1198,Achari Gosht,"Arabian,North Indian",Non-Veg,338.0
1199,Vanjaram Tawa Fry,Indian,Non-Veg,390.0
1200,Veg Brocolli Noodles,"Chinese,Indian",Veg,440.0
1201,Brocolli Rotti Chukka,"Chinese,Indian",Veg,340.0
1202,Cheese Bhujiya Puff,"Chinese,Indian",Veg,120.0
1203,Mangolian Rice & Paneer Steak With Gravy,"Chinese,Indian",Veg,500.0
1204,Water Melon,"South Indian,North Indian",Veg,75.0
1205,Mushroom Manchurian,"Chinese,Indian",Veg,420.0
1206,Regular Piri Piri Momo,"Chinese,Indian",Veg,340.0
1207,Pomogranate Juice,"Chinese,Indian",Veg,240.0
1208,Wild African Fries,"Chinese,Indian",Veg,420.0
1209,Choco Fudge Pastry [eggless],"Bakery,Desserts",Veg,59.32
1210,Strawberry Pastry Tubs,"Bakery,Desserts",Veg,99.0
1211,Mushroom Lays Mayo Sandwich,Fast Food,Veg,125.0
1212,Veg Pulao  Small,"South Indian,North Indian",Veg,205.0
1213,Spl Sambar Rice Small,"South Indian,North Indian",Veg,115.0
1214,Apple Lassi,"South Indian,North Indian",Veg,175.0
1215,Spl. Kolambu (1 Bowl),"South Indian,North Indian",Veg,50.0
1216,Mango Falooda Mini,"South Indian,North Indian",Veg,200.0
1217,Mutton Brain Fry,"South Indian,Biryani",Non-Veg,160.0
1218,Chicken Kaima Egg Parotta,"South Indian,Biryani",Non-Veg,250.0
1219,Pineapple Mojito,Desserts,Veg,116.0
1220,Chicken Salt & Pepper ( Dry ),"Arabian,North Indian",Non-Veg,288.0
1221,Tangy Cheese Maggie,"Chinese,Indian",Veg,220.0
1222,Classic Parotta Fish Shawarma Roll,"Beverages,Chinese",Non-Veg,147.0
1223,Spicy French Fries,"Beverages,Chinese",Veg,94.0
1224,Continental Chilly Cheese Toast,"South Indian,North Indian",Veg,150.0
1225,Macroni Salad,"South Indian,North Indian",Veg,105.0
1226,Carrot Raita,"South Indian,North Indian",Veg,79.0
1227,Methi Paneer,"North Indian,Chinese",Veg,260.0
1228,Aloo Stuffed Paratha,"North Indian,Chinese",Veg,120.0
1229,Lime Mint Coolers,"North Indian,Chinese",Veg,140.0
1230,Chilli Cheese Toast Sandwich,Desserts,Veg,95.0
1231,Chicken Leg,"South Indian,Biryani",Non-Veg,120.0
1232,Crispy Paneer [barbeque Sauce Dress],"Chinese,Indian",Veg,310.0
1233,Choco Fudge Cake [half Kg],"Bakery,Desserts",Non-Veg,466.1
1234,Nuts N Raisins Muffin,"Bakery,Desserts",Veg,42.37
1235,Choco Brownie Pastry Tubs,"Bakery,Desserts",Veg,99.0
1236,Dhal Makhni Large,"South Indian,North Indian",Veg,219.0
1237,Aloo Palak  Large,"South Indian,North Indian",Veg,258.0
1238,Strawberry - Classic Milkshakes,"South Indian,North Indian",Veg,155.0
1239,Cheese Kulcha,"South Indian,North Indian",Veg,124.0
1240,Tutty Fruity Spl Falooda Mini,"South Indian,North Indian",Veg,200.0
1241,Chikoo Lassi,"South Indian,North Indian",Veg,175.0
1242,Chicken Biriyani,"South Indian,Biryani",Non-Veg,180.0
1243,Bread Omelette Noodles Cheese Sandwich,Fast Food,Non-Veg,129.0
1244,Veg Maggie,"Chinese,Indian",Veg,200.0
1245,Masala Thumsup,"Chinese,Indian",Veg,120.0
1246,Shezwan Prawn Fried Rice,Indian,Non-Veg,220.0
1247,Kadai Chicken,Indian,Non-Veg,250.0
1248,Mixed Non Veg Fried Rice,Indian,Non-Veg,240.0
1249,Musambi,Indian,Veg,70.0
1250,Chocolate Falooda,"Biryani,North Indian",Veg,215.0
1251,Garlic Chicken Gravy,"North Indian,Arabian",Non-Veg,300.0
1252,Chicken Fry,"North Indian,Arabian",Non-Veg,300.0
1253,Thousand Island Chicken Cheese Sandwich,Fast Food,Non-Veg,149.0
1254,Hot And Sour Vegetable Soup,"Biryani,North Indian",Veg,119.0
1255,Mix Veg Curry  Small,"South Indian,North Indian",Veg,225.0
1256,Gobi Masala Small,"South Indian,North Indian",Veg,190.0
1257,Idly Sixty Five,Indian,Veg,80.0
1258,Bread Channa,"Beverages,Chinese",Veg,89.0
1259,Blue Lime Juice,Desserts,Veg,104.0
1260,Boiled Egg (1 Pc),"North Indian,Arabian",Non-Veg,20.0
1261,Pista Milkshake,"North Indian,Arabian",Veg,100.0
1262,Plain Bread Omelet,"Beverages,Chinese",Veg,79.0
1263,Tomato Juice (350 Ml),"Beverages,Chinese",Veg,59.0
1264,Fried Rice Combo,"South Indian,North Indian",Veg,275.0
1265,Butter Dosa,"South Indian,North Indian",Veg,105.0
1266,Extra Kootu,"South Indian,North Indian",Veg,59.0
1267,Newbox Special Roll,"Chinese,Indian",Veg,300.0
1268,Coke,"Chinese,Indian",Veg,100.0
1269,Strawberry Cake [eggless] [half Kg],"Bakery,Desserts",Veg,444.92
1270,Red Velvet White Forest Cake [half Kg],"Bakery,Desserts",Non-Veg,508.47
1271,Fish Tikka,"Biryani,North Indian",Non-Veg,349.0
1272,Gobi Masala Large,"South Indian,North Indian",Veg,270.0
1273,Dal Maharani,"North Indian,Chinese",Veg,240.0
1274,Dal Makhani Regular,"North Indian,Chinese",Veg,230.0
1275,Oreo Sundaes,"North Indian,Chinese",Veg,240.0
1276,Mix Raita,"North Indian,Chinese",Veg,90.0
1277,Fish Dum Biryani,"Biryani,North Indian",Non-Veg,359.0
1278,Veg Noodles Small,"South Indian,North Indian",Veg,200.0
1279,Kuzhi Panniyaram,"South Indian,North Indian",Veg,86.0
1280,Veg Manchurian Dry Small,"South Indian,North Indian",Veg,240.0
1281,Melting Moments Cookies [150g],"Bakery,Desserts",Veg,200.0
1282,Baked Yogurt Chocolate Desserts,"Bakery,Desserts",Non-Veg,125.0
1283,Fig&honey Panacotta,"Bakery,Desserts",Non-Veg,125.0
1284,Kaadai Pepper Masala,"Arabian,North Indian",Non-Veg,188.0
1285,Arabian Falooda,"Arabian,North Indian",Veg,135.0
1286,Oreo Milkshake (350 Ml),"Beverages,Chinese",Veg,99.0
1287,Schezwan Finger Large,"South Indian,North Indian",Veg,265.0
1288,Rasam (1 Bowl),"South Indian,North Indian",Veg,45.0
1289,Vegetable Sandwich + Water Melon Juice,"North Indian,Jain",Veg,100.0
1290,Aloo Pepper Masala Dosai (sat),"South Indian,North Indian",Veg,152.0
1291,Badham Kheer,"South Indian,North Indian",Veg,100.0
1292,Paneer Tikka Wrap,"North Indian,Arabian",Veg,120.0
1293,Vanilla Milkshake,"North Indian,Arabian",Veg,100.0
1294,Pista Falooda,"Beverages,Chinese",Veg,139.0
1295,Muskmelon Salad (1 Box ),"Beverages,Chinese",Veg,89.0
1296,Choco Orange Pastry Tubs,"Bakery,Desserts",Veg,99.0
1297,Lemon Iced Tea,"Bakery,Desserts",Veg,90.0
1298,Punjabi Kofta,"North Indian,Chinese",Veg,260.0
1299,Veg Mushroom Fried Rice,"Chinese,Indian",Veg,420.0
1300,Corn Canipes,"Chinese,Indian",Veg,140.0
1301,Kaadai (quail) 65,"Arabian,North Indian",Non-Veg,188.0
1302,Schezwan Chicken Noodles,"North Indian,Arabian",Non-Veg,235.0
1303,Dry Fruits Shake,"North Indian,Arabian",Veg,120.0
1304,Paneer Fried Rice,Indian,Veg,180.0
1305,Veg Biryani,"South Indian,North Indian",Veg,169.0
1306,Paneer Pulao Small,"South Indian,North Indian",Veg,219.0
1307,Spicy Veg Roll ( 6 Nos ),"South Indian,North Indian",Veg,180.0
1308,Schezwan Noodles,"Chinese,Indian",Veg,420.0
1309,Piri Piri Fries,"Chinese,Indian",Veg,380.0
1310,Peas Pulao,"South Indian,North Indian",Veg,179.0
1311,Special Shawarma Roll,"Arabian,North Indian",Non-Veg,148.0
1312,Nungu And Tender Coconut With Watermelon (500 Ml),"Beverages,Chinese",Veg,148.0
1313,Chicken Thoppiyacha,"South Indian,Biryani",Non-Veg,280.0
1314,Vanjaram Fish Fry,"South Indian,Biryani",Non-Veg,180.0
1315,Vanjiram Fish Head Gravy,"South Indian,Biryani",Non-Veg,240.0
1316,Meen (fish) Kulambu,"South Indian,Biryani",Non-Veg,50.0
1317,Sweet Bun Parotta (2pcs),"South Indian,Biryani",Veg,120.0
1318,Rava Dosa,"South Indian,North Indian",Veg,75.0
1319,Extra Poriyal,"South Indian,North Indian",Veg,59.0
1320,Chopped Veg Salad,"South Indian,North Indian",Veg,90.0
1321,Ghee Phulka,"Chinese,Indian",Veg,70.0
1322,Redbull,"Chinese,Indian",Veg,260.0
1323,Butter Chicken,"North Indian,Arabian",Non-Veg,285.0
1324,Aloo Tikka Burger,"North Indian,Arabian",Veg,130.0
1325,Dry Fruit Lassi,"North Indian,Arabian",Veg,120.0
1326,Chicken Biriyani+Tandoori Quarter+ soft drinks ( 200 Ml),"North Indian,Arabian",Non-Veg,350.0
1327,Pineapple Milkshake,"North Indian,Arabian",Veg,100.0
1328,Vanilla Cake [1 Kg],"Bakery,Desserts",Non-Veg,677.97
1329,Choco Brownie,"Bakery,Desserts",Veg,76.27
1330,Strawberry Shake,Indian,Veg,100.0
1331,Special Tawa Pulav,"North Indian,Chinese",Veg,220.0
1332,Roast Khichiya,"North Indian,Chinese",Veg,40.0
1333,Rose Milkshake (1 Litre),"Beverages,Chinese",Veg,229.0
1334,Grape Juice (500 Ml),"Beverages,Chinese",Veg,104.0
1335,Hot Badam Milk In Flask (500 Ml),"Beverages,Chinese",Veg,154.0
1336,Madras Chicken Kothu Paratha With Chicken 65,"Biryani,North Indian",Non-Veg,490.0
1337,Onion Dosa,"South Indian,North Indian",Veg,90.0
1338,Lychee And Lychee Mocktail,Desserts,Veg,155.0
1339,Mud Coffee,Desserts,Veg,129.0
1340,Paneer Do Pyaza,"North Indian,Jain",Veg,252.0
1341,Fried Papad,"North Indian,Jain",Veg,42.0
1342,Smilies (5 Pcs),"Beverages,Chinese",Veg,84.0
1343,Chicken Kari Dosa,"South Indian,Biryani",Non-Veg,180.0
1344,Panneer Kadaai,"South Indian,North Indian",Veg,235.0
1345,Veg Matka Biriyani,"Chinese,Indian",Veg,600.0
1346,Mac & Cheese Fries,"Chinese,Indian",Veg,440.0
1347,Thumbs Up,"Chinese,Indian",Veg,100.0
1348,Pani Puri,"Beverages,Chinese",Veg,69.0
1349,Lemon Grass Tea In Corrugated Tea Flask (250 Ml),"Beverages,Chinese",Veg,94.0
1350,Tandoori Paneer Nuggets (5 Pcs),"Beverages,Chinese",Veg,99.0
1351,Choco Truffe Pastry Tubs,"Bakery,Desserts",Veg,99.0
1352,Lychee Delight Cake [eggless] [1 Kg],"Bakery,Desserts",Veg,847.46
1353,Sweet Bread [milk],"Bakery,Desserts",Veg,50.0
1354,Double Chocolate Mousse,"Bakery,Desserts",Non-Veg,125.0
1355,Chole Poori,"North Indian,Jain",Veg,96.0
1356,Chicken Winglets (10 Pcs),"North Indian,Arabian",Non-Veg,220.0
1357,Chicken Lollipop Sauce (5 Pcs),"North Indian,Arabian",Non-Veg,220.0
1358,Cheese Sev Puri,"Chinese,Indian",Veg,140.0
1359,Thousand Island Grilled Sandwich,Desserts,Veg,164.0
1360,Honey Butterscotch Pastry [eggless],"Bakery,Desserts",Veg,59.32
1361,Mushroom Curry,"Chinese,Indian",Veg,420.0
1362,Jain Chilli Paneer (dry),"North Indian,Jain",Veg,264.0
1363,Aloo Gobi,"North Indian,Jain",Veg,228.0
1364,Toast Cheese Veg Sandwich,"North Indian,Jain",Veg,114.0
1365,Mixed Vegetables Salad,"North Indian,Jain",Veg,84.0
1366,Dry Fruit Falooda,"Arabian,North Indian",Veg,148.0
1367,Channa Paneer,"North Indian,Chinese",Veg,260.0
1368,Schezwan Classic Fried Rice,"North Indian,Chinese",Veg,230.0
1369,Thousand Island Paneer Grilled Sandwich,Desserts,Veg,164.0
1370,Hard Rock Coffee,Desserts,Veg,104.0
1371,Aloo Paratha,"Chinese,Indian",Veg,120.0
1372,Mango Ice Tea,"Chinese,Indian",Veg,180.0
1373,Fish Manchurian,Indian,Non-Veg,260.0
1374,Barbecue Corn Shawarma Plate,"Beverages,Chinese",Veg,148.0
1375,Egg Grilled Sandwich,"Beverages,Chinese",Non-Veg,84.0
1376,Cream Of French Onion Soup,"South Indian,North Indian",Veg,100.0
1377,Ghee Onion Podi Dosa,"South Indian,Biryani",Veg,120.0
1378,Boti Gravy,"South Indian,Biryani",Non-Veg,140.0
1379,Mutton Do Pyaza,"North Indian,Arabian",Non-Veg,350.0
1380,Green Salad,"North Indian,Arabian",Veg,100.0
1381,Fruit Falooda,Desserts,Veg,129.0
1382,Strawberry Ice Cream With Toppings,Desserts,Veg,104.0
1383,Dahi Papdi,"Beverages,Chinese",Veg,84.0
1384,Mushroom Bonanaza[8 Inch],"Chinese,Indian",Veg,420.0
1385,Mushroom Tikka,"Biryani,North Indian",Veg,269.0
1386,Egg Schezwan Fried Rice,"Biryani,North Indian",Non-Veg,245.0
1387,Turkish Shawarma Roll,"North Indian,Arabian",Non-Veg,130.0
1388,Peri Peri Paneer Bread Omelet,"Beverages,Chinese",Veg,84.0
1389,Grape Mojito (350 Ml),"Beverages,Chinese",Veg,94.0
1390,Pomegranate Juice Pure Extract (1 Litre),"Beverages,Chinese",Veg,209.0
1391,Cucumber Juice (350 Ml),"Beverages,Chinese",Veg,79.0
1392,Butter Chicken Momos (5 Pcs),"Beverages,Chinese",Non-Veg,144.0
1393,Guava Juice,"Beverages,Chinese",Veg,69.0
1394,Pasta Paneer Mayo Sandwich,Fast Food,Veg,115.0
1395,Fish Bun Parotta,"South Indian,Biryani",Non-Veg,180.0
1396,Blueberry White Chocolate Cake [1 Kg],"Bakery,Desserts",Non-Veg,974.58
1397,White Forest Cake [eggless] [1 Kg],"Bakery,Desserts",Veg,889.83
1398,Cheese Pav Bhaji,"North Indian,Jain",Veg,174.0
1399,Toast Butter + Water Melon Juice,"North Indian,Jain",Veg,110.0
1400,Extra Mayonnaise,"Arabian,North Indian",Non-Veg,25.0
1401,Chocolate Milkshake (500 Ml),"Beverages,Chinese",Veg,129.0
1402,Dahi Bhel Puri,"Beverages,Chinese",Veg,79.0
1403,Chocolate Panacotta,"Bakery,Desserts",Non-Veg,125.0
1404,Lemon Coconut Pudding,"Bakery,Desserts",Non-Veg,125.0
1405,Plain Dosai,"South Indian,North Indian",Veg,90.0
1406,Classic Fries,"North Indian,Chinese",Veg,160.0
1407,Chilli Potato ( Dry ),"Arabian,North Indian",Veg,218.0
1408,Aloo Zeera ( Dry ),"Arabian,North Indian",Veg,178.0
1409,French Onion Black Olive Rice,"Chinese,Indian",Veg,640.0
1410,Oil Fry Papad,"Chinese,Indian",Veg,50.0
1411,Chicken Pepper Masala,"North Indian,Arabian",Non-Veg,275.0
1412,Special Vanjaram Fish Soup,"North Indian,Arabian",Non-Veg,130.0
1413,Kadai Paneer Small,"South Indian,North Indian",Veg,233.0
1414,Mango Crusher,Fast Food,Veg,89.0
1415,Schezwan Noodles Small,"South Indian,North Indian",Veg,200.0
1416,Spl Curd Rice  Large,"South Indian,North Indian",Veg,160.0
1417,Veg Maggi,"Beverages,Chinese",Veg,79.0
1418,Mango Avocado Mocktail,Desserts,Veg,159.0
1419,Thousand Island Burger,Desserts,Veg,149.0
1420,Macarons Box (16 Nos),"Bakery,Desserts",Veg,1300.0
1421,Fruit Gateau Cake [1 Kg],"Bakery,Desserts",Non-Veg,932.2
1422,Ginger Fish,"Biryani,North Indian",Non-Veg,345.0
1423,Pongal,"South Indian,North Indian",Veg,76.0
1424,Baby Corn Finger,"Chinese,Indian",Veg,420.0
1425,Schezwan Fried Rice + Chilli Paneer,"Chinese,Indian",Veg,460.0
1426,Special Faluda,Indian,Veg,180.0
1427,Mix Veg Curry,"Chinese,Indian",Veg,420.0
1428,Crab Chettinad Soup,Indian,Non-Veg,130.0
1429,Kada 65,Indian,Non-Veg,150.0
1430,Shezwan Fish Noodles,Indian,Non-Veg,220.0
1431,Choco Cream Cake [1 Kg],"Bakery,Desserts",Non-Veg,677.97
1432,Almond Twist [200 Gms],"Bakery,Desserts",Veg,80.51
1433,Apple Butterscotch Cake [eggless] [half Kg],"Bakery,Desserts",Veg,487.29
1434,Vegetable Biryani,"North Indian,Arabian",Veg,185.0
1435,Dahi Samosa,"South Indian,North Indian",Veg,81.0
1436,Aloo Palak,"North Indian,Arabian",Veg,185.0
1437,Elachi Lime,"North Indian,Arabian",Veg,40.0
1438,Bombay Panner Large,"South Indian,North Indian",Veg,345.0
1439,Egg Sandwich,Indian,Non-Veg,130.0
1440,Prawn Fried Rice,Indian,Non-Veg,210.0
1441,Apple,Indian,Veg,80.0
1442,Plain Dum Biryani,"Biryani,North Indian",Veg,194.0
1443,Cream Of Chicken & Mushroom,"Biryani,North Indian",Non-Veg,179.0
1444,Veg Mulligatawny Soup,"Biryani,North Indian",Veg,159.0
1445,Laccha Paratha,"North Indian,Jain",Veg,60.0
1446,Fettucine Alfrado,"South Indian,North Indian",Veg,220.0
1447,Mix Coleslaw Salad,"South Indian,North Indian",Veg,110.0
1448,Pizza Chicken Mayo Sandwich,Fast Food,Non-Veg,139.0
1449,Chicken Corn Cheese Sandwich,Fast Food,Non-Veg,129.0
1450,Paneer Tandoori Mayo Sandwich,Fast Food,Veg,125.0
1451,Paneer Dosai,Indian,Veg,100.0
1452,Paneer Koftha Curry Masala Small,"South Indian,North Indian",Veg,233.0
1453,Aloo Gobi Mattar Crispy,"Chinese,Indian",Veg,400.0
1454,Cherry Milkshake,"North Indian,Arabian",Veg,100.0
1455,Special Meals,"South Indian,Biryani",Non-Veg,220.0
1456,Lachedaar Paneer,"North Indian,Chinese",Veg,260.0
1457,Fried Ghee Khichiya,"North Indian,Chinese",Veg,70.0
1458,Mushroom Fry,"South Indian,North Indian",Veg,190.0
1459,Chapati & Gravy,"South Indian,North Indian",Veg,90.0
1460,Mutter Paneer,"South Indian,North Indian",Veg,195.0
1461,Rose Milkshake (350 Ml),"Beverages,Chinese",Veg,84.0
1462,Dragon Juice (500 Ml),"Beverages,Chinese",Veg,119.0
1463,Banana Cake (1 Pc),"Beverages,Chinese",Veg,114.0
1464,Thattu Idli(1 Pc),"North Indian,Jain",Veg,72.0
1465,Mushroom Manchurian(Dry),"North Indian,Jain",Veg,252.0
1466,Ghee Idli Sambar (3 Pcs),"North Indian,Jain",Veg,114.0
1467,Mushroom Kadaai,"South Indian,North Indian",Veg,235.0
1468,Cheese Butter Masala,"South Indian,North Indian",Veg,190.0
1469,Pav Baaji,"South Indian,North Indian",Veg,120.0
1470,Butter Dosai,"South Indian,North Indian",Veg,150.0
1471,Chettinadu Vadai (2 Pcs),"South Indian,North Indian",Veg,86.0
1472,Choco Hazelnut Pastry,"Bakery,Desserts",Non-Veg,50.85
1473,Cheese Malai Panneer Tikka -large,"South Indian,North Indian",Veg,348.0
1474,Chicken 65 Masala,"Arabian,North Indian",Non-Veg,288.0
1475,Mutton Noodles,"Arabian,North Indian",Non-Veg,268.0
1476,Jain Gobi(cauliflower) Manchurian (dry),"North Indian,Jain",Veg,252.0
1477,Choco Brownie With Ice Cream,"North Indian,Jain",Veg,120.0
1478,Pudina Parotta,"Biryani,North Indian",Veg,59.0
1479,Kadak Pav Bhaji,"North Indian,Jain",Veg,144.0
1480,Fresh Lime Juice,"North Indian,Jain",Veg,36.0
1481,Kaadai Hyderabadi,"Arabian,North Indian",Non-Veg,188.0
1482,Crumb Fried Prawns,"Biryani,North Indian",Non-Veg,355.0
1483,Tandoori Chicken,"North Indian,Arabian",Non-Veg,160.0
1484,Sweet Corn (boiled) Salad (1 Box),"Beverages,Chinese",Veg,99.0
1485,Butter Roti (W) Dhall Fry,"South Indian,North Indian",Veg,155.0
1486,Forest Raspberry With Mango Cake [eggless] [1 Kg],"Bakery,Desserts",Veg,974.58
1487,Forest Rasberry With Mango Pastry,"Bakery,Desserts",Non-Veg,59.32
1488,Special Lime Juice,Desserts,Veg,90.0
1489,Rosepetal Almonds,"Bakery,Desserts",Veg,241.52
1490,Tiramisu,"Bakery,Desserts",Non-Veg,125.0
1491,Rum-n-raisins [250 Gms],"Bakery,Desserts",Veg,127.12
1492,Chicken Pakora(7-8 pcs),"North Indian,Arabian",Non-Veg,210.0
1493,Carrot Juice,"North Indian,Arabian",Veg,80.0
1494,Tawa Pulao,"North Indian,Jain",Veg,240.0
1495,Honey Dates Chocolate Cheese Sandwich,Fast Food,Veg,119.0
1496,Spicy Chicken Shawarma Roll,"Beverages,Chinese",Non-Veg,124.0
1497,Garlic Cheese Sandwich,Fast Food,Veg,94.0
1498,Brownie Chocolate Sandwich,Fast Food,Veg,109.0
1499,Focaccia Chicken Cheese Sandwich + Blue Curacao Mojito,Fast Food,Non-Veg,230.0
1500,Ginger Gobi,"Chinese,Indian",Veg,400.0
1501,Butter Masala Dosa,"North Indian,Jain",Veg,108.0
1502,Mushroom Bonanaza,"Chinese,Indian",Veg,640.0
1503,Black Forest Pasrty,Desserts,Veg,70.0
1504,Sweet Lassi + Mango Lassi,Desserts,Veg,164.0
1505,Idly Manchurian,Indian,Veg,80.0
1506,Badam Milk,Indian,Veg,50.0
1507,Lemon Mint Cooler,Indian,Veg,50.0
1508,Curd [250 Ml],"Biryani,North Indian",Veg,50.0
1509,Spl Keera Vadai,"North Indian,Jain",Veg,40.0
1510,Bread Pizza,"North Indian,Jain",Veg,120.0
1511,Filter Coffee Big(serves 2) - 250 Ml,"North Indian,Jain",Veg,65.0
1512,Fish Bhuna Masala,"Arabian,North Indian",Non-Veg,288.0
1513,Kadai Brocolli,"North Indian,Chinese",Veg,290.0
1514,Mango Ice Cream,"North Indian,Chinese",Veg,120.0
1515,Red Velvet White Forest Pastry [eggless],"Bakery,Desserts",Veg,59.32
1516,Chicken Manchow Soup,"Arabian,North Indian",Non-Veg,148.0
1517,Chicken Dum Biryani With Chicken 65 [serves 1],"Biryani,North Indian",Non-Veg,470.0
1518,Jamali Mutton,"Biryani,North Indian",Non-Veg,315.0
1519,Honey Chicken,"Biryani,North Indian",Non-Veg,319.0
1520,Bread Omelette Sandwich,Fast Food,Non-Veg,75.0
1521,Prawn Peper & Salt,"Biryani,North Indian",Non-Veg,349.0
1522,Ginger Gobi Masala Dosai (sun),"South Indian,North Indian",Veg,152.0
1523,Egg Maggi,"Beverages,Chinese",Non-Veg,84.0
1524,Dates Shake (500 Ml),"Beverages,Chinese",Veg,129.0
1525,Lemon Maggi,"Beverages,Chinese",Veg,74.0
1526,Fig Milkshake (500 Ml),"Beverages,Chinese",Veg,129.0
1527,Watermelon Juice (500 Ml),"Beverages,Chinese",Veg,94.0
1528,Bread Butter Jam,"South Indian,North Indian",Veg,70.0
1529,Mutton Mughlai Biryani,"North Indian,Arabian",Non-Veg,350.0
1530,Peri Peri Chicken Bread Omelet,"Beverages,Chinese",Non-Veg,84.0
1531,Kulfi Whole Falooda Mini,"South Indian,North Indian",Veg,215.0
1532,Aloo Punjabi Large,"South Indian,North Indian",Veg,333.0
1533,Navarathana Kuruma Large,"South Indian,North Indian",Veg,333.0
1534,Hot Dog Chopped Burger,"North Indian,Arabian",Non-Veg,100.0
1535,Plain Biryani (Khuska),"North Indian,Arabian",Veg,160.0
1536,Sambhar Rice,"North Indian,Jain",Veg,72.0
1537,Mushroom Fry Dosa,"North Indian,Jain",Veg,165.0
1538,Tandoori Idly - Large,"South Indian,North Indian",Veg,220.0
1539,Bbq Fish,"Arabian,North Indian",Non-Veg,390.0
1540,Egg Curry,"Arabian,North Indian",Non-Veg,98.0
1541,Paneer Briyani Large,"South Indian,North Indian",Veg,305.0
1542,Onion Rava Dosai,"South Indian,North Indian",Veg,119.0
1543,Indo German Forest Cake [half Kg],"Bakery,Desserts",Non-Veg,466.1
1544,Baked Yogurt Strawberry Desserts,"Bakery,Desserts",Veg,125.0
1545,Choco-strawberry Cake Pastry,"Bakery,Desserts",Non-Veg,50.85
1546,Kiwi Fresh Cream Cake [1 Kg],"Bakery,Desserts",Non-Veg,677.97
1547,Manchurian Mushroom,"North Indian,Chinese",Veg,240.0
1548,Paneer Tikka Masala,"North Indian,Chinese",Veg,250.0
1549,Iced Tea,"North Indian,Chinese",Veg,140.0
1550,Classic Single Dal Tadka,"North Indian,Chinese",Veg,220.0
1551,Almond Biscotti [150g],"Bakery,Desserts",Veg,250.0
1552,Schezwan Mixed Noodles,"North Indian,Arabian",Non-Veg,350.0
1553,Bread Omelette Pasta Mayo Sandwich,Fast Food,Non-Veg,129.0
1554,Tender Coconut Mocktail,Desserts,Veg,129.0
1555,Belgian Chocolate + Ferrero Rocher + Sweet Lassi,Desserts,Veg,229.0
1556,Paneer Sandwich + Sweet Lassi + Dry Fruit Lassi,Desserts,Veg,241.0
1557,Chicken Winglets Sauce (10 Pcs),"North Indian,Arabian",Non-Veg,250.0
1558,Paneer Tikka Pizza[8 Inch],"Chinese,Indian",Veg,420.0
1559,Barbecue Parotta Chicken Shawarma Roll,"Beverages,Chinese",Non-Veg,129.0
1560,Kaju Masala,"South Indian,North Indian",Veg,190.0
1561,Chilli Cheese Subz,"North Indian,Arabian",Veg,80.0
1562,Aloo Punjabi,"South Indian,North Indian",Veg,190.0
1563,Idly (2 Pcs) + Vadai (1 Pc),"South Indian,North Indian",Veg,80.0
1564,Garlic Mayo Sandwich,Fast Food,Veg,94.0
1565,Veg Mayo Sandwich,Fast Food,Veg,85.0
1566,Double Omelette Noodles Mayo Sandwich,Fast Food,Non-Veg,145.0
1567,Pita Pizza Cheese Sandwich,Fast Food,Veg,134.0
1568,Vanjaram Fish Tikka (4 Pcs),"North Indian,Arabian",Non-Veg,325.0
1569,Bbq Chicken Half,"Biryani,North Indian",Non-Veg,299.0
1570,Mutton Liver Parotta,"South Indian,Biryani",Non-Veg,200.0
1571,Eggs Mass,"South Indian,Biryani",Non-Veg,80.0
1572,Mutton Pepper Fry,"North Indian,Arabian",Non-Veg,350.0
1573,Schezwan Mutton Fried Rice,"North Indian,Arabian",Non-Veg,275.0
1574,Mushroom Lollipop,"North Indian,Arabian",Veg,195.0
1575,Chocolate Donut,"Bakery,Desserts",Veg,42.37
1576,Idiyappam (5pce) + Egg Kurma (250 Ml),"Biryani,North Indian",Non-Veg,139.0
1577,Butter Roti (W) P.B Masala,"South Indian,North Indian",Veg,155.0
1578,Aloo Mutter Small,"South Indian,North Indian",Veg,190.0
1579,Lychee With Ice Cream,Desserts,Veg,155.0
1580,Papaya Milkshake,"North Indian,Arabian",Veg,100.0
1581,Rotti Kambing (mutton),"South Indian,Biryani",Non-Veg,200.0
1582,Veg Shai Kurma,"South Indian,North Indian",Veg,190.0
1583,Butterscotch Milkshake with Ice Cream,"South Indian,North Indian",Veg,160.0
1584,Pudina Chicken,Indian,Non-Veg,260.0
1585,Watermelon,Indian,Veg,60.0
1586,Singapore Fried Rice Small,"South Indian,North Indian",Veg,190.0
1587,Bread Chenna,"South Indian,North Indian",Veg,86.0
1588,Boneless Chicken 65 (8 Pcs),"North Indian,Arabian",Non-Veg,235.0
1589,Chikoo (Sapodilla) Juice,"North Indian,Arabian",Veg,80.0
1590,Veg Manchurian Dry,"South Indian,North Indian",Veg,165.0
1591,Jain Gobi(cauliflower) Manchurian Gravy,"North Indian,Jain",Veg,240.0
1592,Thattu Idli + Water Melon Juice,"North Indian,Jain",Veg,110.0
1593,Special Fruit Faloodas,"North Indian,Jain",Veg,192.0
1594,Chocolate Faluda,Indian,Veg,170.0
1595,Mutton Keema Fry,Indian,Non-Veg,310.0
1596,Choco Truffle Pastry,Desserts,Veg,70.0
1597,Paneer Momo's,Desserts,Veg,125.0
1598,Paneer Tikka Momo's,Desserts,Veg,125.0
1599,Fresh Lime Soda,Desserts,Veg,77.0
1600,Magic Lime,"North Indian,Arabian",Veg,40.0
1601,Plain Uthappam,"South Indian,North Indian",Veg,105.0
1602,Mushroom Noodles Small,"South Indian,North Indian",Veg,200.0
1603,Ghee Idly Sambar (14 Pcs),"South Indian,North Indian",Veg,100.0
1604,Fresh Lemon Juice Sweet,"South Indian,North Indian",Veg,90.0
1605,Broccoli&cream With Mushroom,"Chinese,Indian",Veg,420.0
1606,Nathoon Egg Keema,"North Indian,Arabian",Non-Veg,160.0
1607,Spinach Corn Cheese Sandwich,Fast Food,Veg,109.0
1608,Boiled Egg Pasta Mayo Sandwich,Fast Food,Non-Veg,125.0
1609,Dark Chocolate Banana Sandwich,Fast Food,Veg,109.0
1610,Black Forest Cake [eggless] [half Kg],"Bakery,Desserts",Veg,466.1
1611,Chocolate Cup Ice cream,"North Indian,Arabian",Veg,40.0
1612,Palak Paneer,"North Indian,Arabian",Veg,195.0
1613,Butter Bun Parotta,"South Indian,Biryani",Veg,100.0
1614,Mutton Chukka,Indian,Non-Veg,310.0
1615,Prawn Manchurian,Indian,Non-Veg,240.0
1616,Chicken Lemon Corriender Soup,"Biryani,North Indian",Non-Veg,179.0
1617,Butterscotch Falooda,"Biryani,North Indian",Veg,215.0
1618,Country Chicken Roast,Indian,Non-Veg,260.0
1619,Chicken Schezwan Noodles,"Biryani,North Indian",Non-Veg,265.0
1620,Paneer Pulao,"Biryani,North Indian",Veg,235.0
1621,Plain Biryani With Chicken 90,"Biryani,North Indian",Non-Veg,259.0
1622,Parotta With Gravy,"South Indian,North Indian",Veg,90.0
1623,Cookies And Cream,Desserts,Veg,104.0
1624,Plain Sweet Lassi,"South Indian,North Indian",Veg,120.0
1625,Dragon Juice [350 Ml],"Beverages,Chinese",Veg,98.0
1626,Egg Thokku,"South Indian,Biryani",Non-Veg,60.0
1627,Chicken Biryani 1 Kg + Tilo Cool Drink,"South Indian,Biryani",Non-Veg,295.0
1628,Masal Dhosa + Coffee 200 ml,"South Indian,North Indian",Veg,150.0
1629,Lychee And Mango Mocktail,Desserts,Veg,155.0
1630,Kesar Pista Ice Cream With Toppings,Desserts,Veg,104.0
1631,Crispy Fry Vegetable,"South Indian,North Indian",Veg,155.0
1632,Tea,"South Indian,North Indian",Veg,51.0
1633,Peas Pulao Large,"South Indian,North Indian",Veg,285.0
1634,Parcel Meals,"South Indian,North Indian",Veg,170.0
1635,Gobi Tikka,"North Indian,Chinese",Veg,220.0
1636,Poriyal,"South Indian,Biryani",Veg,40.0
1637,Chatpata Corn Masaledaar,"North Indian,Chinese",Veg,220.0
1638,Tamatar Aloo,"North Indian,Chinese",Veg,220.0
1639,Plain Sandwich,"Chinese,Indian",Veg,80.0
1640,Tandoori Chicken - Quarter,"Biryani,North Indian",Non-Veg,140.0
1641,Sheela Fish Head Gravy,"South Indian,Biryani",Non-Veg,180.0
1642,Kadhai Mutton,"Arabian,North Indian",Non-Veg,328.0
1643,Mayonnaise Maggie,"Chinese,Indian",Veg,200.0
1644,Oreo Milkshake With Peanut Butter (350 Ml),"Beverages,Chinese",Veg,114.0
1645,Orange Juice [350 Ml],"Beverages,Chinese",Veg,94.0
1646,Oreo Shake,Desserts,Veg,129.0
1647,Classic Veg Pizza,Desserts,Veg,175.0
1648,Poori With Kurma,"South Indian,North Indian",Veg,90.0
1649,Chocolate Pudding,"Bakery,Desserts",Non-Veg,125.0
1650,Honey Butterscotch Cake [1 Kg],"Bakery,Desserts",Non-Veg,805.08
1651,Kaju Masala Small,"South Indian,North Indian",Veg,290.0
1652,Chicken Chettinad,"Arabian,North Indian",Non-Veg,268.0
1653,Mutton Clear Soup,"Arabian,North Indian",Non-Veg,178.0
1654,Royal Falooda,"Arabian,North Indian",Veg,135.0
1655,Chicken Lollipop (5 Pcs),"North Indian,Arabian",Non-Veg,195.0
1656,Veg Malai Paneer Masala,"South Indian,North Indian",Veg,160.0
1657,Extra Buttermilk,"South Indian,North Indian",Veg,39.0
1658,Bourbon Shake,Desserts,Veg,129.0
1659,Vegetable Momo's,Desserts,Veg,125.0
1660,Litchi Lassi,Desserts,Veg,104.0
1661,Chicken Kebab Wrap,"North Indian,Arabian",Non-Veg,130.0
1662,Parrotta (2 Pcs),"South Indian,Biryani",Veg,70.0
1663,Chicken Dum Biryani & Mutton Dum Biryani,"Biryani,North Indian",Non-Veg,525.0
1664,Veg Kolhapuri Large,"South Indian,North Indian",Veg,360.0
1665,Butter Phulka (3) With Paneer Butter Masala,"North Indian,Jain",Veg,160.0
1666,Chikku Milkshake,"North Indian,Jain",Veg,108.0
1667,Paneer Pepper Fry,Indian,Veg,220.0
1668,Ginger Garlic Fried Rice Small,"South Indian,North Indian",Veg,200.0
1669,Veg Fried Rice Large,"South Indian,North Indian",Veg,305.0
1670,Chilli Mushroom,Indian,Veg,180.0
1671,Tomato Soup,Indian,Veg,100.0
1672,Spicy Fish Shawarma Plate,"Beverages,Chinese",Non-Veg,179.0
1673,Musk Melon Juice,"Beverages,Chinese",Veg,79.0
1674,Pudhina Paratha,"South Indian,North Indian",Veg,100.0
1675,Strawberry Chocolate Cheese Sandwich,Fast Food,Veg,99.0
1676,Chutney Sandwich,"North Indian,Jain",Veg,54.0
1677,Parotta [2 Pieces] With Chicken Curry,"Beverages,Chinese",Non-Veg,148.0
1678,Pinata Heart Cake [red],"Bakery,Desserts",Veg,1016.95
1679,Apple Butterscotch Pastry,"Bakery,Desserts",Non-Veg,50.85
1680,Lemon Grass Panacotta,"Bakery,Desserts",Non-Veg,125.0
1681,New Box Special Thali,"Chinese,Indian",Veg,480.0
1682,Grilled Chicken,"North Indian,Arabian",Non-Veg,275.0
1683,Madras Mutton Kothu Parotta,"Biryani,North Indian",Non-Veg,295.0
1684,Hyderabadi Chicken,"North Indian,Arabian",Non-Veg,300.0
1685,Chicken Tikka Wrap,"North Indian,Arabian",Non-Veg,130.0
1686,Mutter Methi Malai,"North Indian,Chinese",Veg,250.0
1687,Paneer Corn Balls ( 2 Nos ),"South Indian,North Indian",Veg,140.0
1688,Death By Chocolate Ice Cream,Desserts,Veg,181.0
1689,Paneer Amritsari Small,"South Indian,North Indian",Veg,260.0
1690,Panneer Chilly Fry Dry,"South Indian,North Indian",Veg,220.0
1691,Chutney Mayo Sandwich,Fast Food,Veg,94.0
1692,Cheese Puff,"Chinese,Indian",Veg,100.0
1693,Cheese Corn Toast,"Chinese,Indian",Veg,140.0
1694,Bhindi Fry Small,"South Indian,North Indian",Veg,190.0
1695,Paneer Tikka,"Biryani,North Indian",Veg,269.0
1696,Avakkai Sandwich,Fast Food,Veg,85.0
1697,Corn Mayo Sandwich,Fast Food,Veg,95.0
1698,Brownie Chocolate Sandwich + Double Omelette Chicken Mayo Sandwich + Chilli Garlic French Fries + Blue CuracaOmojito,Fast Food,Non-Veg,399.0
1699,Paneer Fingers,"Biryani,North Indian",Veg,235.0
1700,Chilly Gobi Dry Small,"South Indian,North Indian",Veg,238.0
1701,Cheese Corn Balls ( 2 Nos ),"South Indian,North Indian",Veg,140.0
1702,Kelanga Fish Fry,"South Indian,Biryani",Non-Veg,100.0
1703,Egg Onion Podi Dhosai,"South Indian,Biryani",Non-Veg,120.0
1704,Blueberry White Chocolate Pastry,"Bakery,Desserts",Non-Veg,50.85
1705,Regular Fried Momos,"Chinese,Indian",Veg,300.0
1706,Mutton Dal Gosht,"Arabian,North Indian",Non-Veg,338.0
1707,Veg Sweet corn Soup,"Arabian,North Indian",Veg,128.0
1708,Fruit And Cream,Desserts,Veg,104.0
1709,Corn Juicy Nuggets,Desserts,Veg,95.0
1710,Mutton Blood Fry (poriyal),"South Indian,Biryani",Non-Veg,90.0
1711,Fish Meals Combo,"South Indian,Biryani",Non-Veg,220.0
1712,Paneer Amritsari Large,"South Indian,North Indian",Veg,360.0
1713,Paneer Butter Masala Dosa,"North Indian,Jain",Veg,145.0
1714,Corn Ice cream.,"North Indian,Arabian",Veg,60.0
1715,Pista Ice cream Scoops,"North Indian,Arabian",Veg,60.0
1716,Special Tea,"South Indian,North Indian",Veg,60.0
1717,Veg Mushroom Noodles,"Chinese,Indian",Veg,420.0
1718,Pizza Momos (5 Pcs),"Beverages,Chinese",Veg,144.0
1719,Corn Momo's,Desserts,Veg,125.0
1720,Prawns Masala,"Biryani,North Indian",Non-Veg,329.0
1721,Chicken Kothukari Fry,"South Indian,Biryani",Non-Veg,200.0
1722,Phulka,"North Indian,Jain",Veg,26.0
1723,Jain Stuffed Tomato,"North Indian,Jain",Veg,240.0
1724,Panneer Mushroom Fry,"South Indian,North Indian",Veg,220.0
1725,Toast Sandwich,"North Indian,Jain",Veg,84.0
1726,Tomato Salad (1 Box),"Beverages,Chinese",Veg,94.0
1727,Sukku Coffee In Chai Flask (500 Ml),"Beverages,Chinese",Veg,154.0
1728,Pomegranate Juice Pure Extract (350 Ml),"Beverages,Chinese",Veg,119.0
1729,Chocolate Milkshake with Ice Cream,"South Indian,North Indian",Veg,160.0
1730,Classic Dal Fry,"North Indian,Chinese",Veg,210.0
1731,Chicken Samosa [6 Pieces],"Biryani,North Indian",Non-Veg,99.0
1732,Pista Icecream,"South Indian,North Indian",Veg,115.0
1733,Malai Kofta (sweet Gravy) Large,"South Indian,North Indian",Veg,333.0
1734,Veg Balls ( 2 Nos ),"South Indian,North Indian",Veg,120.0
1735,Milk,"South Indian,North Indian",Veg,51.0
1736,Bhindi Masala Small,"South Indian,North Indian",Veg,176.0
1737,Dhal Methi  Small,"South Indian,North Indian",Veg,150.0
1738,Cheese Naan,"Biryani,North Indian",Veg,69.0
1739,Blueberry Muffin,"Bakery,Desserts",Veg,42.37
1740,Butterscotch Ice Cream With Toppings,Desserts,Veg,104.0
1741,Butter Salt Cookies [250 Gms],"Bakery,Desserts",Veg,63.56
1742,Tutty Fruity Rusk [200 Gms],"Bakery,Desserts",Veg,55.0
1743,Ghee Roast Dosa,"South Indian,North Indian",Veg,99.0
1744,Pineapple Pastry,"Bakery,Desserts",Non-Veg,50.85
1745,Devils Pastry,"Bakery,Desserts",Non-Veg,75.0
1746,Choco Fudge Pastry,"Bakery,Desserts",Non-Veg,50.85
1747,Royal Blueberry Pastry,"Bakery,Desserts",Non-Veg,50.85
1748,Baby Corn  Manchurian Small,"South Indian,North Indian",Veg,240.0
1749,Fish 65,"North Indian,Arabian",Non-Veg,315.0
1750,Naan (W) Palak Panneer,"South Indian,North Indian",Veg,140.0
1751,Lays Mayo Sandwich,Fast Food,Veg,94.0
1752,Veg Nuggets (5 Pcs),Fast Food,Veg,99.0
1753,Club Sandwich Cheese Sandwich,Fast Food,Veg,109.0
1754,Blue Curacao Crusher,Fast Food,Veg,70.0
1755,Cranberry Almonds,"Bakery,Desserts",Veg,241.52
1756,Vegetable Noodles,"Biryani,North Indian",Veg,215.0
1757,Lemon Chicken,"Biryani,North Indian",Non-Veg,299.0
1758,North Indian Thali,"South Indian,North Indian",Veg,219.0
1759,Peanut Chat Salad,"South Indian,North Indian",Veg,100.0
1760,Fruit Bhel Puri,"Beverages,Chinese",Veg,90.0
1761,Schezwan Chicken Grilled Sandwich,"Beverages,Chinese",Non-Veg,84.0
1762,Malai Gobi Tikka,"Chinese,Indian",Veg,400.0
1763,Blueberry Mojito,Desserts,Veg,129.0
1764,Kesar Badam Lassi,Desserts,Veg,104.0
1765,Dew Drop Sundae,Desserts,Veg,129.0
1766,Macarons Box ( 10 Nos ),"Bakery,Desserts",Veg,800.0
1767,Choco Strawberry Cake [eggless] [1 Kg],"Bakery,Desserts",Veg,889.83
1768,Chicken Rice,"South Indian,Biryani",Non-Veg,180.0
1769,Spicy Fried Baby Corn,"South Indian,North Indian",Veg,160.0
1770,Aloo Capsicum Masala,"South Indian,North Indian",Veg,150.0
1771,Double Omelette Masala Mayo Sandwich,Fast Food,Non-Veg,145.0
1772,Plain Lassi,Fast Food,Veg,89.0
1773,Schezwan Chilli Pizza[8 Inch],"Chinese,Indian",Veg,420.0
1774,Bhindi Fry ( Dry ),"Arabian,North Indian",Veg,188.0
1775,Paneer Butter Masala   Large,"South Indian,North Indian",Veg,325.0
1776,Baked Yogurt Hazelnut Desserts,"Bakery,Desserts",Non-Veg,125.0
1777,Kadai Mushroom,"North Indian,Chinese",Veg,250.0
1778,Red Bull Can,"North Indian,Chinese",Veg,130.0
1779,Roasted Ghee Papad,"North Indian,Chinese",Veg,50.0
1780,Mushroom Mutter,"South Indian,North Indian",Veg,180.0
1781,Herb Rusk [200 Gms],"Bakery,Desserts",Veg,32.8
1782,Gobi Manchurian Dry,"South Indian,North Indian",Veg,240.0
1783,Lychee Delight Cake [half Kg],"Bakery,Desserts",Non-Veg,466.1
1784,Pinata Round Cake [pink],"Bakery,Desserts",Veg,1016.95
1785,Honey Chilli Gobi Large,"South Indian,North Indian",Veg,325.0
1786,Mango Juice (seasonal),"North Indian,Jain",Veg,120.0
1787,Egg Bhurji (Podimas),"North Indian,Arabian",Non-Veg,75.0
1788,Baby Corn Capsicum Masala,"North Indian,Chinese",Veg,250.0
1789,Gajar Ka Halwa,"North Indian,Chinese",Veg,140.0
1790,Hot & Sour Mutton Soup,"North Indian,Arabian",Non-Veg,160.0
1791,Vanjaram Fish Masala Gravy,"North Indian,Arabian",Non-Veg,290.0
1792,Malai Tikka (7 Pcs),"North Indian,Arabian",Non-Veg,300.0
1793,Soft Drink (300 MLX),"North Indian,Arabian",Veg,40.0
1794,Ferrero Bourbon Mocktail,Desserts,Veg,129.0
1795,Pineapple Raitha,"South Indian,North Indian",Veg,110.0
1796,Ghee Rice + Green Pea's Masala (250 Ml),"Biryani,North Indian",Veg,219.0
1797,Lychee Delight Pastry,"Bakery,Desserts",Non-Veg,50.85
1798,Black Currant Cake [1 Kg],"Bakery,Desserts",Non-Veg,677.97
1799,Dahi Sandwich Sandwich,Fast Food,Veg,89.0
1800,Mushroom Noodles Soup,"South Indian,North Indian",Veg,90.0
1801,Garlic Bread,"Bakery,Desserts",Veg,95.0
1802,Punjabi Koftha Large,"South Indian,North Indian",Veg,333.0
1803,Chilly Mushroom Large,"South Indian,North Indian",Veg,350.0
1804,Veg Croissant,"Bakery,Desserts",Veg,38.16
1805,Paani Puri Parcel,"North Indian,Jain",Veg,66.0
1806,Khada Cheese Pav Bhaji,"North Indian,Jain",Veg,174.0
1807,Mushroom Tikka Roll,"Chinese,Indian",Veg,260.0
1808,Veg Mixed Fried Rice,"Chinese,Indian",Veg,460.0
1809,Dahi Samosa (1 Pc),"Beverages,Chinese",Veg,49.0
1810,Mixed Kulcha,"North Indian,Chinese",Veg,120.0
1811,Cucumber & Tomato Raita,"North Indian,Chinese",Veg,85.0
1812,Mushroom Sweet Corn Soup,"North Indian,Chinese",Veg,120.0
1813,Chapati ( 1 Pc ),"Arabian,North Indian",Veg,20.0
1814,Dahi Puri,"Beverages,Chinese",Veg,84.0
1815,Rooh Afza Milkshake (350 Ml),"Beverages,Chinese",Veg,79.0
1816,Tender Coconut Juice [350 Ml],"Beverages,Chinese",Veg,98.0
1817,Lemon Tea In Chai Flask (500 Ml),"Beverages,Chinese",Veg,154.0
1818,Peri Peri French Fries,"Beverages,Chinese",Veg,94.0
1819,Mango Cake [eggless] [half Kg],"Bakery,Desserts",Veg,444.92
1820,Banana Walnut Cake [250 Gms],"Bakery,Desserts",Veg,127.12
1821,Brownie With Ice Cream,"Bakery,Desserts",Non-Veg,125.0
1822,Special Vada,"South Indian,North Indian",Veg,40.0
1823,Aari Vowval,"South Indian,Biryani",Non-Veg,60.0
1824,Deep Fried Momo's,"Chinese,Indian",Veg,205.0
1825,Paneer 70,"Chinese,Indian",Veg,275.0
1826,Lakshmi Special Faluda,Indian,Veg,200.0
1827,Berry Blueberry Shake,Desserts,Veg,155.0
1828,Paneer Papdi,"South Indian,North Indian",Veg,305.0
1829,Mushroom Chukka Fry Small,"South Indian,North Indian",Veg,250.0
1830,Shawarma Roll,"North Indian,Arabian",Non-Veg,105.0
1831,Shawarm Roll,"North Indian,Arabian",Veg,105.0
1832,Sileppi Fish Fry,"South Indian,Biryani",Non-Veg,90.0
1833,Katla Kal Meen (Fish) (2 Pc),"South Indian,Biryani",Non-Veg,80.0
1834,Parotta,"Biryani,North Indian",Veg,32.0
1835,Chicken Noodles With Chicken Manchurian [250 Ml],"Biryani,North Indian",Non-Veg,239.0
1836,Butter Fulka,"North Indian,Chinese",Veg,30.0
1837,Chilli Gobi,"North Indian,Chinese",Veg,220.0
1838,Fry Khichiya,"North Indian,Chinese",Veg,40.0
1839,Kit Kat Sundaes,"North Indian,Chinese",Veg,240.0
1840,Cheesy Fish Shawarma Plate,"Beverages,Chinese",Non-Veg,179.0
1841,Schezwan Chilli Chicken Dry,"North Indian,Arabian",Non-Veg,315.0
1842,Taj Special Chilli Chicken Gravy,"North Indian,Arabian",Non-Veg,325.0
1843,Veg Briyani Small,"South Indian,North Indian",Veg,205.0
1844,Chocolate - Classic Milkshakes,"South Indian,North Indian",Veg,165.0
1845,Normandi Salad,"South Indian,North Indian",Veg,140.0
1846,Baingan Bharta,"North Indian,Jain",Veg,240.0
1847,Dum Aloo,"North Indian,Jain",Veg,228.0
1848,Corn Ice cream,"North Indian,Arabian",Veg,40.0
1849,White Forest Pastry [eggless],"Bakery,Desserts",Veg,59.32
1850,Ultimate Chocolate Cake,"Bakery,Desserts",Veg,127.12
1851,Golden Baby Corn Fry Large,"South Indian,North Indian",Veg,286.0
1852,Prawns Fried Rice,"Biryani,North Indian",Non-Veg,295.0
1853,Aloo Methi,"North Indian,Jain",Veg,228.0
1854,Thousand Island Mushroom Cheese Sandwich,Fast Food,Veg,119.0
1855,Hong Kong Vegetables Gravy,"North Indian,Chinese",Veg,270.0
1856,Mexican Chicken Shawarma Roll,"Beverages,Chinese",Non-Veg,124.0
1857,Focaccia Chicken Mayo Sandwich,Fast Food,Non-Veg,179.0
1858,Veg Cheese Grilled Sandwich + Cold Coffee,Fast Food,Veg,155.0
1859,Chicken French Onion Soup,"Biryani,North Indian",Non-Veg,159.0
1860,Gobi Pakora,"North Indian,Arabian",Veg,185.0
1861,Paneer Tikka Pizza,"Chinese,Indian",Veg,660.0
1862,Masala French Fries,"Beverages,Chinese",Veg,94.0
1863,Horlicks In Chai Flask (250 Ml),"Beverages,Chinese",Veg,112.0
1864,Mutton Hot & Sour Soup,"Arabian,North Indian",Non-Veg,178.0
1865,Puli Rice,"South Indian,North Indian",Veg,80.0
1866,Mango Milkshake with Ice Cream,"South Indian,North Indian",Veg,160.0
1867,Chicken Mini Meals Combo,"South Indian,Biryani",Non-Veg,180.0
1868,Mutton Pulao,"Biryani,North Indian",Non-Veg,299.0
1869,Banana Milkshake (350 Ml),"Beverages,Chinese",Veg,74.0
1870,Hot Badam Milk In Chai Flask (250 Ml),"Beverages,Chinese",Veg,112.0
1871,Ghee Mini Idli (14 Pieces),"South Indian,North Indian",Veg,65.0
1872,Butter Paratha,"South Indian,North Indian",Veg,81.0
1873,Mutton Blood With Egg Fry(poriyal),"South Indian,Biryani",Non-Veg,100.0
1874,Chicken Kaima Dhosai,"South Indian,Biryani",Non-Veg,180.0
1875,Chilli Chicken 65,"South Indian,Biryani",Non-Veg,240.0
1876,Lychee Shake,Desserts,Veg,129.0
1877,Egg Onion Utthappam,"South Indian,Biryani",Non-Veg,110.0
1878,Mushroom Fried Rice Small,"South Indian,North Indian",Veg,200.0
1879,Veg Cutlet (1 Pc),"Beverages,Chinese",Veg,39.0
1880,Strawberry Milkshake (500 Ml),"Beverages,Chinese",Veg,129.0
1881,Ghee Rava Dosai,"South Indian,North Indian",Veg,133.0
1882,Cripsy Fried Veg Large,"South Indian,North Indian",Veg,270.0
1883,Mineral Water (1 Ltr),"South Indian,North Indian",Veg,19.0
1884,Chocolate Milkshake (1 Litre),"Beverages,Chinese",Veg,229.0
1885,Nutella Cookies,Desserts,Veg,155.0
1886,Cream Of Veg Soup,"South Indian,North Indian",Veg,90.0
1887,Double Omelette Paneer Cheese Sandwich,Fast Food,Non-Veg,145.0
1888,Mint Iced Tea,"Bakery,Desserts",Veg,90.0
1889,Kesar Kulfi,Desserts,Veg,104.0
1890,Chocolate Fudge Ice Cream,Desserts,Veg,116.0
1891,Chocochip Cookies [250 Gms],"Bakery,Desserts",Veg,80.51
1892,Banana Walnut Cake [250g],"Bakery,Desserts",Veg,250.0
1893,Choco Truffle Cake [eggless] [half Kg],"Bakery,Desserts",Veg,466.1
1894,Burger Bun [4 Pcs],"Bakery,Desserts",Veg,50.0
1895,Paneer Puff,"Bakery,Desserts",Veg,33.9
1896,Green Apple Mojito (350 Ml),"Beverages,Chinese",Veg,94.0
1897,Chappati [3 Pieces] With Egg Bhurji,"Beverages,Chinese",Non-Veg,109.0
1898,Chicken Macaroni,"Beverages,Chinese",Non-Veg,189.0
1899,Veg Macaroni,"Beverages,Chinese",Veg,179.0
1900,Mushroom Pepper Masala,"South Indian,North Indian",Veg,190.0
1901,Panneer Burji,"South Indian,North Indian",Veg,210.0
1902,Tawa Broccoli,"North Indian,Chinese",Veg,260.0
1903,Cucumber Salad (1 Box),"Beverages,Chinese",Veg,94.0
1904,Chilli Paneer [tirpura],"Chinese,Indian",Veg,480.0
1905,Paneer Cheese Wrap,"Beverages,Chinese",Veg,84.0
1906,Capsicum Mayo Sandwich,Fast Food,Veg,94.0
1907,Corn Masala,"South Indian,North Indian",Veg,135.0
1908,Paneer Kaju Curry,"North Indian,Chinese",Veg,280.0
1909,Bottled Water,"North Indian,Chinese",Veg,25.0
1910,CREAMY BROCOLLI SOUP,"North Indian,Chinese",Veg,140.0
1911,Veg Kurma,"Chinese,Indian",Veg,420.0
1912,Milk Rusk [200 Gms],"Bakery,Desserts",Veg,32.8
1913,Apple Butterscotch Cake [half Kg],"Bakery,Desserts",Non-Veg,444.92
1914,Strawberry Falooda,"Beverages,Chinese",Veg,139.0
1915,Pav Bhaji (4 Pcs) With Mushroom,"Beverages,Chinese",Veg,114.0
1916,Egg Laappa,"South Indian,Biryani",Non-Veg,80.0
1917,Custard Apple Milkshake (1 Litre),"Beverages,Chinese",Veg,229.0
1918,Bread Omelette Lays Mayo Sandwich,Fast Food,Non-Veg,129.0
1919,Chicken Haryali Tikka,Indian,Non-Veg,300.0
1920,Gobi Biriyani,Indian,Veg,150.0
1921,Mushroom Manchurian Gravy,"South Indian,North Indian",Veg,165.0
1922,Special Dosai,Indian,Veg,80.0
1923,Chicken Manchurian,Indian,Non-Veg,240.0
1924,Mixed Schezwan Noodles,"Biryani,North Indian",Non-Veg,319.0
1925,Pomegranate Milkshake (500 Ml),"Beverages,Chinese",Veg,129.0
1926,Sweet Corn Grilled Sandwich,"Beverages,Chinese",Veg,84.0
1927,Gooseberry Juice,"Beverages,Chinese",Veg,54.0
1928,Cauliflower Masala Dosai (tue),"South Indian,North Indian",Veg,152.0
1929,Grape Lassi,"South Indian,North Indian",Veg,175.0
1930,Vanilla Classic Shake,"North Indian,Chinese",Veg,180.0
1931,Monte Carlo Vanilla Mocktail,Desserts,Veg,129.0
1932,Veg Parotta,"South Indian,North Indian",Veg,109.0
1933,Extra Kara Kozhambu,"South Indian,North Indian",Veg,59.0
1934,Cashew Pulao Large,"South Indian,North Indian",Veg,300.0
1935,Idly Sam(w)ghee,"South Indian,North Indian",Veg,90.0
1936,Manchurian Gobi,"North Indian,Chinese",Veg,220.0
1937,Shezwan Mixed Non Veg Fried Rice,Indian,Non-Veg,250.0
1938,Set Masala Dosai (thur),"South Indian,North Indian",Veg,152.0
1939,Appalam,"South Indian,North Indian",Veg,10.0
1940,Cucumber Coriander Juice,Desserts,Veg,109.0
1941,Prawns Pepper Masala,"North Indian,Arabian",Non-Veg,300.0
1942,Baby Corn 95,"Chinese,Indian",Veg,290.0
1943,Chicken Wheat Momos (5 Pcs),"Beverages,Chinese",Non-Veg,144.0
1944,Boost Milkshake,"Chinese,Indian",Veg,300.0
1945,Zaffrani Pulao,"Chinese,Indian",Veg,340.0
1946,Baby Corn Masala,"Chinese,Indian",Veg,420.0
1947,Mutter Palak,"North Indian,Chinese",Veg,240.0
1948,Schezwan Paneer Tikka,"North Indian,Chinese",Veg,260.0
1949,Papaya Lassi,"South Indian,North Indian",Veg,175.0
1950,Jeera Pulav,"South Indian,North Indian",Veg,195.0
1951,Special Coffee,"South Indian,North Indian",Veg,60.0
1952,Red Velvet & Cheese Pastry Tubs,"Bakery,Desserts",Veg,99.0
1953,Poori Potato (2 Pcs),"North Indian,Jain",Veg,72.0
1954,Veg Chettinad,"Biryani,North Indian",Veg,245.0
1955,Plain Omelette,"Biryani,North Indian",Non-Veg,54.0
1956,Tandoori Mushroom Tikka,"Chinese,Indian",Veg,400.0
1957,Mutton Manchow Soup,"Biryani,North Indian",Non-Veg,179.0
1958,Schezwan Chicken,"Biryani,North Indian",Non-Veg,319.0
1959,Double Cheese Pizza,Desserts,Veg,175.0
1960,Sweet Lassi + Strawberry Lassi + Mango Lassi,Desserts,Veg,207.0
1961,Prawn Biryani,"Arabian,North Indian",Non-Veg,318.0
1962,Mutton Vindaoo,"Arabian,North Indian",Non-Veg,338.0
1963,Omelette,"Arabian,North Indian",Non-Veg,60.0
1964,Veg Kothu Parotta,Indian,Veg,110.0
1965,Aloo Fry Gobi Large,"South Indian,North Indian",Veg,258.0
1966,Lime Mint,"Chinese,Indian",Veg,180.0
1967,Sulthani Pulao,"Chinese,Indian",Veg,400.0
1968,Mushroom Briyani Small,"South Indian,North Indian",Veg,225.0
1969,Paper Roast Masala Dosa,"South Indian,North Indian",Veg,220.0
1970,Fried Noodles,"South Indian,North Indian",Veg,210.0
1971,Jeera Rice Large,"South Indian,North Indian",Veg,285.0
1972,Kerala Fish Masala Dry,"North Indian,Arabian",Non-Veg,300.0
1973,Masala Roti,"South Indian,North Indian",Veg,65.0
1974,Mushroom Fried Rice Jumbo Family Pack,"North Indian,Jain",Veg,499.0
1975,Classic Dal Double Tadka,"North Indian,Chinese",Veg,230.0
1976,Double Omelette Boiled Egg Cheese Sandwich,Fast Food,Non-Veg,145.0
1977,Cardamon Tea In Chai Flask (250 Ml),"Beverages,Chinese",Veg,98.0
1978,Cheese Garlic Naan,"North Indian,Chinese",Veg,140.0
1979,Chicken Uppucurry,Indian,Non-Veg,250.0
1980,Ghee Roast Masala Dosa,"South Indian,North Indian",Veg,109.0
1981,Cream Of Minestrone Soup,"South Indian,North Indian",Veg,105.0
1982,Veg Fried Rice Small,"South Indian,North Indian",Veg,200.0
1983,Vannila Milkshake,"South Indian,North Indian",Veg,140.0
1984,Taj Special Lassi,"North Indian,Arabian",Veg,120.0
1985,Continental Cheese Veg Grill Sandwich,"South Indian,North Indian",Veg,150.0
1986,Chicken Buhari's Special Soup,"Biryani,North Indian",Non-Veg,169.0
1987,Puttu,Indian,Veg,60.0
1988,Kada Chettinad,Indian,Non-Veg,180.0
1989,Mushroom Baby Corn,"Chinese,Indian",Veg,460.0
1990,Double Omelette Sandwich,Fast Food,Non-Veg,85.0
1991,Bread Omelette Vadakari Cheese Sandwich,Fast Food,Non-Veg,129.0
1992,Prawns Chicken Cheese Sandwich,Fast Food,Non-Veg,130.0
1993,Paneer Lays Cheese Sandwich + Double Omelette Chicken Mayo Sandwich + Chilli Garlic French Fries + Blue CuracaOmojito,Fast Food,Non-Veg,399.0
1994,Cream Caramel Pudding,"Bakery,Desserts",Non-Veg,125.0
1995,Black Currant Pastry Tubs,"Bakery,Desserts",Veg,99.0
1996,Gobi Maggi,"North Indian,Arabian",Veg,80.0
1997,Egg Paratha,"Arabian,North Indian",Non-Veg,120.0
1998,Prawn Noodles,"Arabian,North Indian",Non-Veg,268.0
1999,Veg Medly Lasagne,"Chinese,Indian",Veg,620.0
2000,Schezwan Gobi,"Chinese,Indian",Veg,400.0
2001,Rose Falooda,"Beverages,Chinese",Veg,139.0
2002,Watermelon Juice Pure Extract (1 Litre),"Beverages,Chinese",Veg,189.0
2003,Chilly Corn Cheese Small,"South Indian,North Indian",Veg,260.0
2004,Aloo Fry Methi Small,"South Indian,North Indian",Veg,190.0
2005,Classic Paneer Tikka,"North Indian,Chinese",Veg,240.0
2006,Bhujia Sandwich,"Chinese,Indian",Veg,100.0
2007,Limca,"Chinese,Indian",Veg,100.0
2008,Thousand Island Cheese Sandwich,Fast Food,Veg,119.0
2009,Mix Veg Pakoda,"North Indian,Chinese",Veg,220.0
2010,Gobi Stuffed Paratha,"North Indian,Chinese",Veg,120.0
2011,Jain Salad,"North Indian,Chinese",Veg,90.0
2012,Veg Briyani  Large,"South Indian,North Indian",Veg,285.0
2013,Baby Corn  65 Small,"South Indian,North Indian",Veg,240.0
2014,Peanut Butter Milkshake (350 Ml),"Beverages,Chinese",Veg,114.0
2015,Mint Fish Shawarma Plate,"Beverages,Chinese",Non-Veg,179.0
2016,Chicken Cheese Wrap,"Beverages,Chinese",Non-Veg,84.0
2017,Mushroom Do Pyaza,"North Indian,Jain",Veg,252.0
2018,Bread Omelette Vadakari Mayo Sandwich,Fast Food,Non-Veg,129.0
2019,Kadai Vegetable Large,"South Indian,North Indian",Veg,333.0
2020,Venthayadosai Vadacurry,"South Indian,North Indian",Veg,129.0
2021,Mutton Schezwan Fried Rice,"Biryani,North Indian",Non-Veg,320.0
2022,Ginger Capsicum Masala Dosai (fri),"South Indian,North Indian",Veg,152.0
2023,Butter Naan [2pc's] + Paneer Butter Masala,"Chinese,Indian",Veg,400.0
2024,Veg Baby Corn Noodles,"Chinese,Indian",Veg,420.0
2025,Pista Milkshake (1 Litre),"Beverages,Chinese",Veg,229.0
2026,Healthy Sandwich,Desserts,Veg,95.0
2027,Vanilla Ice Cream With Toppings,Desserts,Veg,104.0
2028,Tandoori Broccoli,"North Indian,Chinese",Veg,260.0
2029,Sizzling Brownie Sundae,"North Indian,Chinese",Veg,300.0
2030,POori with Side Dish + Coffee 200 ml,"South Indian,North Indian",Veg,150.0
2031,Rasam,"South Indian,Biryani",Veg,40.0
2032,Paneer Noodles,Indian,Veg,180.0
2033,Chur Chur Paratha,"North Indian,Chinese",Veg,120.0
2034,Kolhapuri Subzi,"North Indian,Chinese",Veg,230.0
2035,Maharani Biryani,"North Indian,Chinese",Veg,280.0
2036,Tomato Bharwa Subzi,"North Indian,Chinese",Veg,290.0
2037,Palak Soup,"North Indian,Chinese",Veg,130.0
2038,Kashmiri Pulav,"South Indian,North Indian",Veg,210.0
2039,Hot & Sour Chicken Soup,"North Indian,Arabian",Non-Veg,145.0
2040,Badam Shake,"North Indian,Arabian",Veg,105.0
2041,Kadai Veg,"North Indian,Jain",Veg,240.0
2042,Missi Roti,"North Indian,Jain",Veg,66.0
2043,Pudina Onion Dosa,"North Indian,Jain",Veg,120.0
2044,Special Falooda,"North Indian,Jain",Veg,168.0
2045,Chicken Podimass (2 Eggs),"South Indian,Biryani",Non-Veg,160.0
2046,Mutton Chettinad Soup,Indian,Non-Veg,170.0
2047,Panini Mushroom Mayo Sandwich,Fast Food,Veg,130.0
2048,Tawa Paneer Large Large,"South Indian,North Indian",Veg,333.0
2049,Chicken Hyderabdi,"Biryani,North Indian",Non-Veg,279.0
2050,Shezwan Fish Fried Rice,Indian,Non-Veg,220.0
2051,Chicken Double Burger (Spicy),"North Indian,Arabian",Non-Veg,145.0
2052,Egg Onion Podi Utthappam,"South Indian,Biryani",Non-Veg,120.0
2053,Malai Tandoori Brocolli Tikka,"Chinese,Indian",Veg,440.0
2054,Baby Corn Pepper Fry,Indian,Veg,180.0
2055,Cheese Garlic Bread,"Chinese,Indian",Veg,340.0
2056,Kadai Subzi,"North Indian,Chinese",Veg,230.0
2057,Onion Rava Masala Dosa,"South Indian,North Indian",Veg,125.0
2058,Tamilnadu Meals,"South Indian,North Indian",Veg,290.0
2059,Special Prawns Soup,"North Indian,Arabian",Non-Veg,130.0
2060,Spicy Parotta Chicken Shawarma Roll,"Beverages,Chinese",Non-Veg,129.0
2061,Margherita,"Chinese,Indian",Veg,760.0
2062,Dragon Fruit Milkshake,Desserts,Veg,129.0
2063,Veg Noodles Large,"South Indian,North Indian",Veg,305.0
2064,Makhani Subzi,"North Indian,Chinese",Veg,230.0
2065,Chicken Nawabi,Indian,Non-Veg,260.0
2066,Chocolate Falooda Mini,"South Indian,North Indian",Veg,205.0
2067,Aloo Mutter Large,"South Indian,North Indian",Veg,258.0
2068,Pistha Milkshake,"South Indian,North Indian",Veg,140.0
2069,Veg Manchurian,"Arabian,North Indian",Veg,208.0
2070,Aloo Fry Jeera Large,"South Indian,North Indian",Veg,258.0
2071,Appam With Sidedish,"South Indian,North Indian",Veg,81.0
2072,Mattar Paneer,"Biryani,North Indian",Veg,259.0
2073,Mutton Hydrabath,"South Indian,Biryani",Non-Veg,380.0
2074,Pasta Paneer Cheese Sandwich,Fast Food,Veg,115.0
2075,Choco Irish Cake [eggless] [1 Kg],"Bakery,Desserts",Veg,889.83
2076,Sheela Fish Fry (1 Pc),"South Indian,Biryani",Non-Veg,80.0
2077,Red Velvet & Cheese Mini Dessert Tub,"Bakery,Desserts",Veg,76.27
2078,Mushroom Chilli,"North Indian,Chinese",Veg,240.0
2079,Choco Irish Pastry [eggless],"Bakery,Desserts",Veg,59.32
2080,Chicken Noodle,"Arabian,North Indian",Non-Veg,198.0
2081,Veg Grilled Sandwich,"Beverages,Chinese",Veg,84.0
2082,Sweet Lassi (350 Ml),"Beverages,Chinese",Veg,59.0
2083,Kaju Curry,"North Indian,Chinese",Veg,280.0
2084,Khakhra Mayo Sandwich,Fast Food,Veg,105.0
2085,Mutter Pulao Jumbo Family Pack,"North Indian,Jain",Veg,499.0
2086,Afkhan Chicken,"South Indian,Biryani",Non-Veg,280.0
2087,Rotti Thulor Pavang,"South Indian,Biryani",Veg,90.0
2088,Cashew Nut Bun Parotta,"South Indian,Biryani",Veg,140.0
2089,Mango Milk Shake,"Arabian,North Indian",Veg,85.0
2090,Garlic Chicken,Indian,Non-Veg,240.0
2091,Tangri Kabab,Indian,Non-Veg,340.0
2092,Mixed Veg Fried Rice,"North Indian,Arabian",Veg,220.0
2093,Pomegranate Milkshake,"North Indian,Arabian",Veg,100.0
2094,Mushroom 65 Small,"South Indian,North Indian",Veg,250.0
2095,Potato Bajji (4 Pcs),"South Indian,North Indian",Veg,90.0
2096,Podi Idly,Indian,Veg,120.0
2097,Prawns Pepper Fry,"North Indian,Arabian",Non-Veg,315.0
2098,Schezwan Chilli Chicken  Gravy,"North Indian,Arabian",Non-Veg,315.0
2099,Kaadai Fry,"North Indian,Arabian",Non-Veg,195.0
2100,Chocolate Ice cream Scoops,"North Indian,Arabian",Veg,70.0
2101,Bhuna Chicken Masala,"Arabian,North Indian",Non-Veg,278.0
2102,Chinese Chicken Salad,"Arabian,North Indian",Non-Veg,158.0
2103,Gopi Fried Rice,"South Indian,North Indian",Veg,210.0
2104,Veg Sheek Kebab - Large,"South Indian,North Indian",Veg,324.0
2105,Pizza Khakra Sandwich,"Chinese,Indian",Veg,200.0
2106,Pizza Base [3 Pieces],"Bakery,Desserts",Veg,45.0
2107,Jalfrazi Subzi,"North Indian,Chinese",Veg,230.0
2108,Paneer Chilli,"North Indian,Chinese",Veg,250.0
2109,Bournvitaboost In Flask (500 Ml),"Beverages,Chinese",Veg,148.0
2110,Dragon Veg Roll,"Arabian,North Indian",Veg,158.0
2111,Rava Dosai,"South Indian,North Indian",Veg,100.0
2112,Egg Thokku Banana Leaf Parota,"South Indian,Biryani",Non-Veg,170.0
2113,Gobi 70,"Chinese,Indian",Veg,260.0
2114,Grilled Sandwich,"North Indian,Jain",Veg,156.0
2115,Paneer Dosa,"North Indian,Jain",Veg,150.0
2116,Vanilla Muffin,"Bakery,Desserts",Veg,42.37
2117,Wheat Rusk [200 Gms],"Bakery,Desserts",Veg,32.8
2118,Black Currant Milkshake,"North Indian,Jain",Veg,132.0
2119,Masala Omelette,"Biryani,North Indian",Non-Veg,69.0
2120,Bhindi Chenna,"South Indian,North Indian",Veg,190.0
2121,Peach Ice Tea,"Chinese,Indian",Veg,180.0
2122,4 Phulka With Chicken Masala,"Biryani,North Indian",Non-Veg,199.0
2123,Idly Pepper Fry,Indian,Veg,80.0
2124,Thousand Island Paneer Cheese Sandwich,Fast Food,Veg,119.0
2125,Thousand Island Paneer Mayo Sandwich,Fast Food,Veg,119.0
2126,Ginger Mutton,"Biryani,North Indian",Non-Veg,349.0
2127,Onion Bun Parotta,"South Indian,Biryani",Veg,129.0
2128,Baked Yogurt Mango Desserts,"Bakery,Desserts",Non-Veg,125.0
2129,Orange Fresh Cream [eggless] [half Kg],"Bakery,Desserts",Veg,444.92
2130,Kadai Prawn,Indian,Non-Veg,260.0
2131,Peas Paratha,"South Indian,North Indian",Veg,100.0
2132,Plain Dosa,"South Indian,North Indian",Veg,75.0
2133,Mint Fish Shawarma Roll,"Beverages,Chinese",Non-Veg,134.0
2134,Aloo 65,"South Indian,North Indian",Veg,155.0
2135,Wheat Bread,"Bakery,Desserts",Veg,51.0
2136,Chicken Manchurian Gravy,"North Indian,Arabian",Non-Veg,290.0
2137,Bottled Water (1 Ltr),"North Indian,Arabian",Veg,26.0
2138,Mutton Kulambu,"South Indian,Biryani",Non-Veg,220.0
2139,Tomato Uttapam,"South Indian,North Indian",Veg,105.0
2140,Chutney Sandwich + Water Melon Juice,"North Indian,Jain",Veg,100.0
2141,Nagara Fish Fry,"South Indian,Biryani",Non-Veg,120.0
2142,Chicken Spril Roll,"Arabian,North Indian",Non-Veg,128.0
2143,Salt & Pepper Gobi Gravy,"North Indian,Chinese",Veg,250.0
2144,Mix Veg Peper Soup,"Biryani,North Indian",Veg,159.0
2145,Paneer Macaroni,"Beverages,Chinese",Veg,189.0
2146,Schezwan Mutton,"Biryani,North Indian",Non-Veg,349.0
2147,Kala Khatta Soda,"North Indian,Chinese",Veg,120.0
2148,Orange Fresh Cream Cake [half Kg],"Bakery,Desserts",Non-Veg,402.55
2149,Ghee Basumathi Rice,"South Indian,North Indian",Veg,125.0
2150,Indo German Forest Cake [1 Kg],"Bakery,Desserts",Non-Veg,805.05
2151,Strawberry Pastry,"Bakery,Desserts",Non-Veg,50.85
2152,Boiled Egg Chicken Mayo Sandwich,Fast Food,Non-Veg,149.0
2153,Jain Dal Fry,"North Indian,Jain",Veg,174.0
2154,Bread Butter Jam + Water Melon Juice,"North Indian,Jain",Veg,100.0
2155,Choco Butter Milk Almonds,"Bakery,Desserts",Veg,241.52
2156,Choco Irish Cake [eggless] [half Kg],"Bakery,Desserts",Veg,508.47
2157,Alfaham Chicken,"North Indian,Arabian",Non-Veg,160.0
2158,Fresh Lime Water,"North Indian,Chinese",Veg,70.0
2159,Chicken Popcorn (8 Pcs),"Beverages,Chinese",Non-Veg,84.0
2160,Oreo Milkshake With Strawberry (350 Ml),"Beverages,Chinese",Veg,114.0
2161,Idiyappam Chicken Dum Biryani,"Biryani,North Indian",Non-Veg,280.0
2162,Schezwan Veg Mixed Fried Rice,"North Indian,Arabian",Veg,250.0
2163,Spicy Chicken Bread Omelet,"Beverages,Chinese",Non-Veg,84.0
2164,Mutton Biriyani,"South Indian,Biryani",Non-Veg,260.0
2165,Butter Phulka,"North Indian,Jain",Veg,32.0
2166,Green Coriandar Fried Rice Small,"South Indian,North Indian",Veg,200.0
2167,Custard Apple Lassi,"South Indian,North Indian",Veg,175.0
2168,Veg Manchurian Balls,"Chinese,Indian",Veg,440.0
2169,Mac And Cheese Pasta,"Chinese,Indian",Veg,440.0
2170,Mutton Roganjosh,Indian,Non-Veg,320.0
2171,Egg Schezwan Noodles,"Biryani,North Indian",Non-Veg,255.0
2172,Kesar Kulfi & Dry Fruits Falooda Mini,"South Indian,North Indian",Veg,205.0
2173,Bhindi Pepper Masal ( Dry ),"Arabian,North Indian",Veg,188.0
2174,Mushroom Tandoori Mayo Sandwich,Fast Food,Veg,125.0
2175,Hot & Sour Vegetable Soup,"Biryani,North Indian",Veg,159.0
2176,Spl Puff,"Chinese,Indian",Veg,140.0
2177,Schezwan Chicken Maggi,"Beverages,Chinese",Non-Veg,98.0
2178,Dosai (1 Pc) + Chapathi (2 Pcs),"South Indian,North Indian",Veg,150.0
2179,Gopi Aloo,"South Indian,North Indian",Veg,180.0
2180,Black Currant Mojito (350 Ml),"Beverages,Chinese",Veg,94.0
2181,Prawns Manchurian,"North Indian,Arabian",Non-Veg,300.0
2182,Special Methi Dal,"North Indian,Chinese",Veg,220.0
2183,Kadai Gravy,"South Indian,Biryani",Non-Veg,180.0
2184,Special Punjabi Pulav,"North Indian,Chinese",Veg,220.0
2185,Egg Idly,Indian,Non-Veg,90.0
2186,Dal Taduka,Indian,Veg,140.0
2187,Chilli Egg Dry,"North Indian,Arabian",Non-Veg,145.0
2188,Pudina Special Roti,"North Indian,Chinese",Veg,90.0
2189,Dry Fruit Sandwich,"South Indian,North Indian",Veg,95.0
2190,Dragon Chicken Dry (8 Pcs),"North Indian,Arabian",Non-Veg,315.0
2191,Chicken Mega Subz,"North Indian,Arabian",Non-Veg,130.0
2192,Egg Dhosai,"South Indian,Biryani",Non-Veg,100.0
2193,Smileys (5 Pcs),Fast Food,Veg,99.0
2194,Fifty-Fifty Juice,"North Indian,Jain",Veg,84.0
2195,Masala Parotta,"South Indian,North Indian",Veg,143.0
2196,Brownie Milkshake,"Chinese,Indian",Veg,340.0
2197,Mutton Biryani,"North Indian,Arabian",Non-Veg,315.0
2198,Chana Masala,"North Indian,Arabian",Veg,170.0
2199,Lemon Rice,"South Indian,North Indian",Veg,60.0
2200,Chicken China Tone,"South Indian,Biryani",Non-Veg,280.0
2201,Nutella Milkshake,Fast Food,Veg,159.0
2202,Double Omelette Chicken Tandoori Cheese Sandwich,Fast Food,Non-Veg,169.0
2203,Orange Lassi,Fast Food,Veg,99.0
2204,Tomato Fry,"South Indian,North Indian",Veg,155.0
2205,Royal Blueberry Pastry [eggless],"Bakery,Desserts",Veg,59.32
2206,Pineapple Cake [half Kg],"Bakery,Desserts",Non-Veg,402.54
2207,Schezwan Chicken Fried Rice,"North Indian,Arabian",Non-Veg,235.0
2208,Paratha with Side Dish,"South Indian,North Indian",Veg,90.0
2209,Peri Peri Paneer Shawarma Roll,"Beverages,Chinese",Veg,129.0
2210,Mint Chicken Shawarma Plate,"Beverages,Chinese",Non-Veg,148.0
2211,Podi Uthappam,"South Indian,North Indian",Veg,95.0
2212,Idli Upma,Indian,Veg,120.0
2213,Egg Schezwan Rice,"South Indian,Biryani",Non-Veg,140.0
2214,Babka Bread Loaf - Cinnamon,"Bakery,Desserts",Veg,100.0
2215,Tutty Fruity Cookies [250 Gms],"Bakery,Desserts",Veg,80.51
2216,Chicken Leg Kothukari Fry,"South Indian,Biryani",Non-Veg,200.0
2217,Chicken 65 Biriyani,"South Indian,Biryani",Non-Veg,180.0
2218,Crab 65,Indian,Non-Veg,200.0
2219,Chicken Cheese Maggi,"Beverages,Chinese",Non-Veg,99.0
2220,Aloo Fry Jeera Small,"South Indian,North Indian",Veg,190.0
2221,Chicken Noodles With Chilli Chicken [250 Ml],"Biryani,North Indian",Non-Veg,239.0
2222,Chicken Burger,"North Indian,Arabian",Non-Veg,90.0
2223,Kiwi Juice,"North Indian,Arabian",Veg,90.0
2224,Paneer Grilled Sandwich,"Beverages,Chinese",Veg,84.0
2225,Jackfruit Milkshake (500 Ml),"Beverages,Chinese",Veg,129.0
2226,Grill Sandwich Toast,"Chinese,Indian",Veg,205.0
2227,Reshmi Paneer Tikka - Large,"South Indian,North Indian",Veg,348.0
2228,Paneer Wrap,"Beverages,Chinese",Veg,84.0
2229,Pomegranate Fresh Fruit Milkshake,"South Indian,North Indian",Veg,190.0
2230,Plain Palak,"North Indian,Arabian",Veg,170.0
2231,Stick Ice cream,"North Indian,Arabian",Veg,15.0
2232,Lemon Krusher,"North Indian,Arabian",Veg,100.0
2233,Special Dosa,"South Indian,North Indian",Veg,69.0
2234,Veg Hakka Noodles,"South Indian,North Indian",Veg,160.0
2235,Gud Bud Ice Cream,Desserts,Veg,181.0
2236,Schezwan Chilli Paneer,"Chinese,Indian",Veg,440.0
2237,Onion Raitha,"South Indian,North Indian",Veg,110.0
2238,Nawabi Murg Tikka,"Biryani,North Indian",Non-Veg,299.0
2239,Veg Seekh Kebab,"North Indian,Chinese",Veg,220.0
2240,Dal Dhabewali,"North Indian,Chinese",Veg,240.0
2241,Chicken Lays Cheese Sandwich,Fast Food,Non-Veg,129.0
2242,Chicken Club Mayo Sandwich,Fast Food,Non-Veg,159.0
2243,Paneer Tikka Sandwich,"Beverages,Chinese",Veg,118.0
2244,Red Velvet Pastry,Desserts,Veg,70.0
2245,Guava Lassi,Desserts,Veg,104.0
2246,Kulfi Whole Falooda Regular,"South Indian,North Indian",Veg,330.0
2247,Barbecue Chicken Shawarma Roll,"Beverages,Chinese",Non-Veg,124.0
2248,Herbal Tea In Chai Flask (500 Ml),"Beverages,Chinese",Veg,148.0
2249,Spl Mix Augratin,"South Indian,North Indian",Veg,210.0
2250,Choco Almond Cake [half Kg],"Bakery,Desserts",Non-Veg,466.1
2251,Fish Salt & Pepper,"Arabian,North Indian",Non-Veg,278.0
2252,Jackfruit Milkshake (1 Litre),"Beverages,Chinese",Veg,229.0
2253,Pomegranate Milkshake (1 Litre),"Beverages,Chinese",Veg,229.0
2254,Butter Cauliflower,"Chinese,Indian",Veg,440.0
2255,Cranberry Shake + Pineapple + Ginger Lime,Desserts,Veg,246.0
2256,Muskmelon Mocktail,Desserts,Veg,90.0
2257,Phulka (3 Pcs) With Channa Masala,"Beverages,Chinese",Veg,129.0
2258,Shake Shack Caramel,Desserts,Veg,129.0
2259,Belgian Coffee,Desserts,Veg,155.0
2260,Bhindi Masala,"North Indian,Chinese",Veg,220.0
2261,Cashewnut Cookies [250 Gms],"Bakery,Desserts",Veg,93.22
2262,Executive Lunch,"South Indian,North Indian",Veg,139.0
2263,Mutton Kothu Kari Parotta,"South Indian,Biryani",Non-Veg,280.0
2264,Royal Blueberry Cake [eggless] [1 Kg],"Bakery,Desserts",Veg,974.58
2265,Red Velvet Cheese Cream Cake [half Kg],"Bakery,Desserts",Non-Veg,508.47
2266,Chenna Batura Combo,"South Indian,North Indian",Veg,160.0
2267,Guest Special Cutlet ( 2 Nos ),"South Indian,North Indian",Veg,100.0
2268,Jeera Fried Rice,"South Indian,North Indian",Veg,210.0
2269,Mix Malai Vegetable,"Chinese,Indian",Veg,440.0
2270,Idly(3pcs),"North Indian,Jain",Veg,72.0
2271,Boiled Egg Cheese Sandwich,Fast Food,Non-Veg,85.0
2272,Boiled Egg Chicken Tandoori Mayo Sandwich,Fast Food,Non-Veg,159.0
2273,Olive Cheese Sandwich,Fast Food,Veg,94.0
2274,Royal Blueberry Cake [half Kg],"Bakery,Desserts",Non-Veg,466.1
2275,Pizza Chicken Cheese Sandwich,Fast Food,Non-Veg,139.0
2276,Paneer Bread Omelet,"Beverages,Chinese",Veg,84.0
2277,Red Velvet White Forest Cake [eggless] [1 Kg],"Bakery,Desserts",Veg,1016.95
2278,Stuffed Panneer,"South Indian,North Indian",Veg,190.0
2279,Pav Bhaji,"North Indian,Jain",Veg,132.0
2280,Paneer Sheek Kabab - Large,"South Indian,North Indian",Veg,348.0
2281,Special Lassi,"South Indian,North Indian",Veg,175.0
2282,Masala Pav Bhaji,"Beverages,Chinese",Veg,114.0
2283,Mango Strawberry Mocktail,Desserts,Veg,116.0
2284,Mix Veg Momo's,Desserts,Veg,125.0
2285,Cranberry Lassi,Desserts,Veg,104.0
2286,Red Lime Juice,Desserts,Veg,116.0
2287,Mutton Brain Pepper Fry,"Biryani,North Indian",Non-Veg,230.0
2288,Barbecue Paneer Shawarma Plate,"Beverages,Chinese",Veg,148.0
2289,Nungu And Tender Coconut With Orange (500 Ml),"Beverages,Chinese",Veg,148.0
2290,Hindustani Paneer Tikka Pasta [indian Spices ],"Chinese,Indian",Veg,440.0
2291,Chilli Mayo Sandwich,Fast Food,Veg,94.0
2292,Mushroom Pepper Masala Small,"South Indian,North Indian",Veg,243.0
2293,Veg Briyani,"South Indian,North Indian",Veg,195.0
2294,Channa Pindi,"North Indian,Chinese",Veg,240.0
2295,Fish Kothukari Dhosai,"South Indian,Biryani",Non-Veg,160.0
2296,Coconut Bun Parotta,"South Indian,Biryani",Veg,120.0
2297,Kerala Fish Masala Gravy,"North Indian,Arabian",Non-Veg,300.0
2298,Americal Chicken Shop Suey Noodle,"Arabian,North Indian",Non-Veg,260.0
2299,Mutter Masala Small,"South Indian,North Indian",Veg,171.0
2300,Prawns Biriyani,Indian,Non-Veg,250.0
2301,Botti Banana Leaf Parotta,"South Indian,Biryani",Non-Veg,210.0
2302,Dahi Shahi,"Beverages,Chinese",Veg,79.0
2303,Chinese Bhel,"North Indian,Chinese",Veg,220.0
2304,Kiwi Mojito,Desserts,Veg,110.0
2305,Kaju Anjeer Mocktail,Desserts,Veg,129.0
2306,Hyderabadi Dum Murg,"Arabian,North Indian",Non-Veg,278.0
2307,Special Shawarma Plate,"Arabian,North Indian",Non-Veg,248.0
2308,Kiwi Milkshake (350 Ml),"Beverages,Chinese",Veg,98.0
2309,Ghee Onion Rava Dosai,"South Indian,North Indian",Veg,160.0
2310,Maggi Cheese Sandwich,Fast Food,Veg,94.0
2311,Stuffed Paratha Paneer,"South Indian,North Indian",Veg,100.0
2312,Choco Truffle Cake [half Kg],"Bakery,Desserts",Non-Veg,466.1
2313,Red Velvet Muffin,"Bakery,Desserts",Veg,42.37
2314,Mushroom Noodles Large,"South Indian,North Indian",Veg,305.0
2315,Poriyal (1 Bowl),"South Indian,North Indian",Veg,50.0
2316,Fig Milkshake (350 Ml),"Beverages,Chinese",Veg,89.0
2317,Dhum Aloo,"South Indian,North Indian",Veg,195.0
2318,Paneer Lays Cheese Sandwich,Fast Food,Veg,125.0
2319,Achaari Paneer Tikka - Small,"South Indian,North Indian",Veg,240.0
2320,Mushroom Pepper Masala  Large,"South Indian,North Indian",Veg,333.0
2321,Mushroom Biryani,"North Indian,Arabian",Veg,200.0
2322,Mexican Parotta Fish Shawarma Roll,"Beverages,Chinese",Non-Veg,147.0
2323,Carrot Ginger Lime Juice,Desserts,Veg,104.0
2324,Ginger Babycorn,"Chinese,Indian",Veg,420.0
2325,Pasta Cheese Sandwich,Fast Food,Veg,95.0
2326,Paneer Cheese Sandwich,Fast Food,Veg,105.0
2327,Aloo Gobi Masala Large,"South Indian,North Indian",Veg,257.0
2328,Kadai Vegetable Smal,"South Indian,North Indian",Veg,233.0
2329,Chinese Combo 1 (Gobi Manchurian Dry + Schezwan Fried Rice),"North Indian,Jain",Veg,399.0
2330,Chana Bhatoora,"South Indian,North Indian",Veg,110.0
2331,Mutton Bun Parotta,"South Indian,Biryani",Non-Veg,220.0
2332,Veg Kohlapuri,"South Indian,North Indian",Veg,139.0
2333,Pita Chicken Mayo Sandwich,Fast Food,Non-Veg,159.0
2334,Chilli Mutton,"Biryani,North Indian",Non-Veg,349.0
2335,Methi Roti,"South Indian,North Indian",Veg,60.0
2336,Dal Tadka,"North Indian,Jain",Veg,204.0
2337,Choco Truffle Pastry [eggless],"Bakery,Desserts",Veg,59.32
2338,Aloo Butter Masala,"South Indian,North Indian",Veg,135.0
2339,Masala Lemonade,Fast Food,Veg,80.0
2340,Chilly Mushroom Fry,"South Indian,North Indian",Veg,190.0
2341,Poori With Side Dish,"South Indian,North Indian",Veg,90.0
2342,Russian Salad,"South Indian,North Indian",Veg,115.0
2343,Spaghetti Supreme,"South Indian,North Indian",Veg,200.0
2344,Watermelon Juice Pure Extract (350 Ml),"Beverages,Chinese",Veg,89.0
2345,Mutton Momos (4 Pcs),"Beverages,Chinese",Non-Veg,144.0
2346,Paneer Mayo Sandwich,Fast Food,Veg,105.0
2347,Bhujia Sandwich Mayo Sandwich,Fast Food,Veg,95.0
2348,Aloo Tikka Masala,"South Indian,North Indian",Veg,150.0
2349,Veg Spicy Wrap,"North Indian,Arabian",Veg,105.0
2350,Cheese Burger,Desserts,Veg,149.0
2351,Indo German Forest Cake [eggless] [half Kg],"Bakery,Desserts",Veg,508.47
2352,Strawberry Mini Dessert Tub,"Bakery,Desserts",Veg,76.27
2353,Special Dry Fruit Faloodas,"North Indian,Jain",Veg,204.0
2354,Nungu And Tender Coconut With Pineapple (500 Ml),"Beverages,Chinese",Veg,148.0
2355,Ghee Pulao,"North Indian,Arabian",Veg,200.0
2356,Parotta 2 Pieces + Kadai Chicken (250 Ml),"Biryani,North Indian",Non-Veg,215.0
2357,Double Omelette Chicken Cheese Sandwich,Fast Food,Non-Veg,149.0
2358,Chicken Mayo Sandwich,Fast Food,Non-Veg,119.0
2359,Schezwan Veg Fried Rice,"North Indian,Arabian",Veg,195.0
2360,Chicken Subz,"North Indian,Arabian",Non-Veg,90.0
2361,Paneer Biriyani,Indian,Veg,180.0
2362,Shiva Sagar Special Dosa,"North Indian,Jain",Veg,120.0
2363,Pomegranate Milkshake (350 Ml),"Beverages,Chinese",Veg,89.0
2364,Chicken Finger (5 Pcs),"Beverages,Chinese",Non-Veg,109.0
2365,Golden Fried Baby Corn,Indian,Veg,200.0
2366,Pinata Heart Cake [pink],"Bakery,Desserts",Veg,1016.95
2367,Gap Juice Crush,Desserts,Veg,129.0
2368,Prawns 65,"North Indian,Arabian",Non-Veg,325.0
2369,Chicken Pepper Fry,"North Indian,Arabian",Non-Veg,315.0
2370,Chat Patta Panneer Tikka - Small,"South Indian,North Indian",Veg,233.0
2371,Salt & Pepper Mushroom Gravy,"North Indian,Chinese",Veg,270.0
2372,Mixed Chocolate Cheese Sandwich,Fast Food,Veg,109.0
2373,Mango Twist Jar - Eggless,"North Indian,Jain",Veg,125.0
2374,Aloo Mattar,"North Indian,Jain",Veg,228.0
2375,Gobi(cauliflower) Stuffed Paratha,"North Indian,Jain",Veg,72.0
2376,Sambar Vada (2 Pcs),"North Indian,Jain",Veg,102.0
2377,Idli (2 Pcs),"South Indian,Biryani",Non-Veg,40.0
2378,Chilli Paneer(Dry),"North Indian,Jain",Veg,264.0
2379,Sweet Lassi(120 ml),"North Indian,Arabian",Veg,80.0
2380,Khakhra Mushroom Mayo Sandwich,Fast Food,Veg,125.0
2381,Kesar Falooda,"Chinese,Indian",Veg,250.0
2382,Panner Puff,"Chinese,Indian",Veg,140.0
2383,Ghee Podi Masala Dosai,"South Indian,North Indian",Veg,157.0
2384,Sagitta Chicken Gravy,"North Indian,Arabian",Non-Veg,275.0
2385,Jain Bhindi Masala,"North Indian,Jain",Veg,228.0
2386,Focaccia Bread [round],"Bakery,Desserts",Veg,100.0
2387,Ghee Rice With Chicken Chettinad [250 Ml],"Biryani,North Indian",Non-Veg,239.0
2388,Bombay Gobi 65 Large,"South Indian,North Indian",Veg,325.0
2389,Veg Malai Kofta Curry Large,"South Indian,North Indian",Veg,333.0
2390,Veg Hot & Sour Soup,"Arabian,North Indian",Veg,128.0
2391,Kung Pao Chicken,"Arabian,North Indian",Non-Veg,288.0
2392,Gopi Stuffed Paratha,"South Indian,North Indian",Veg,100.0
2393,Paneer Tikka - Large,"South Indian,North Indian",Veg,324.0
2394,Tomato Rice,"South Indian,North Indian",Veg,60.0
2395,Chicken Puff,"Bakery,Desserts",Non-Veg,33.9
2396,Bread Omelette Masala Mayo Sandwich,Fast Food,Non-Veg,129.0
2397,Bhindi Masala Large,"South Indian,North Indian",Veg,257.0
2398,Fruit Salad With Icecream,"South Indian,North Indian",Veg,175.0
2399,Salt & Pepper Baby Corn,"North Indian,Chinese",Veg,240.0
2400,Bread Omelette Mushroom Cheese Sandwich,Fast Food,Non-Veg,129.0
2401,Blue Curacao Mojito,Fast Food,Veg,80.0
2402,Veg Gobi Fried Rice,"Chinese,Indian",Veg,400.0
2403,Chicken Kebab Subz,"North Indian,Arabian",Non-Veg,130.0
2404,Custard Apple Milkshake (350 Ml),"Beverages,Chinese",Veg,84.0
2405,Chocolate Lassi (350 Ml),"Beverages,Chinese",Veg,69.0
2406,Veg Kheema Roll,"Chinese,Indian",Veg,280.0
2407,Green Apple Ice Tea,"Chinese,Indian",Veg,180.0
2408,Margherita[8 Inch],"Chinese,Indian",Veg,370.0
2409,Aloo Mattar Pulao,"Chinese,Indian",Veg,320.0
2410,Egg Masala,"Arabian,North Indian",Non-Veg,128.0
2411,Ginger Chocolate Sandwich,"South Indian,North Indian",Veg,86.0
2412,Adai Avial,"South Indian,North Indian",Veg,152.0
2413,Nawabi Veg Gravy,"Arabian,North Indian",Veg,178.0
2414,Dates Shake (1 Litre),"Beverages,Chinese",Veg,229.0
2415,Shezwan Chicken Noodles,Indian,Non-Veg,210.0
2416,Gobi Schezwan Rice,"South Indian,Biryani",Veg,180.0
2417,Paneer Sandwich,Desserts,Veg,95.0
2418,Chilli Cheese Sandwich + Belgian Coffee,Desserts,Veg,229.0
2419,Muruku Sandwich,"Chinese,Indian",Veg,100.0
2420,Kerala Coconut Chicken  Gravy,"North Indian,Arabian",Non-Veg,300.0
2421,Cashewnut Naan,"South Indian,North Indian",Veg,120.0
2422,Pesto Garlic Bread,"Chinese,Indian",Veg,340.0
2423,Butter Phulka(3) With Dal Fry - Jain,"North Indian,Jain",Veg,145.0
2424,Paneer Schezwan Rice,"South Indian,Biryani",Veg,160.0
2425,Chilli Mushroom Dry,"South Indian,North Indian",Veg,220.0
2426,Veg Jalfraize Large,"South Indian,North Indian",Veg,360.0
2427,Dhal Makhni Small,"South Indian,North Indian",Veg,150.0
2428,Butter Naan Combo,"South Indian,North Indian",Veg,225.0
2429,Onion Utthappam,"South Indian,North Indian",Veg,89.0
2430,Guest Special Fried Rice,"South Indian,North Indian",Veg,191.0
2431,Jain Cheese Butter Masala,"North Indian,Jain",Veg,276.0
2432,Veg Corn Seekh Kebab,"North Indian,Chinese",Veg,220.0
2433,Guava Mojito (350 Ml),"Beverages,Chinese",Veg,94.0
2434,Navratan Kurma,"South Indian,North Indian",Veg,152.0
2435,Mini Tiffin,"South Indian,North Indian",Veg,152.0
2436,Chapathi With Sd (2 Pcs),"South Indian,North Indian",Veg,90.0
2437,Onion Kulcha,"South Indian,North Indian",Veg,70.0
2438,Chocolate Classic Shake,"North Indian,Chinese",Veg,180.0
2439,Rava Idli (2 Pieces),"South Indian,North Indian",Veg,55.0
2440,Cucumber Raitha,"South Indian,North Indian",Veg,110.0
2441,Pav Bhaji (4 Pcs),"Beverages,Chinese",Veg,104.0
2442,Paneer Malai Tikka,"Biryani,North Indian",Veg,269.0
2443,Butter Chicken Shawama,"Biryani,North Indian",Non-Veg,180.0
2444,Veg Manchurian Dry Large,"South Indian,North Indian",Veg,314.0
2445,Aloo Fry,"North Indian,Jain",Veg,216.0
2446,Peanut Butter Jam Cheese Sandwich,Fast Food,Veg,119.0
2447,Strawberry Pastry [eggless],"Bakery,Desserts",Veg,59.32
2448,Parotta (1 Pc),"North Indian,Arabian",Veg,20.0
2449,Schezwan Egg Fried Rice,"North Indian,Arabian",Non-Veg,210.0
2450,Fruit Cake [500g],"Bakery,Desserts",Veg,300.0
2451,Lychee Delight Cake [eggless] [half Kg],"Bakery,Desserts",Veg,466.1
2452,Special Dal Tadka,"South Indian,North Indian",Veg,135.0
2453,Kadai Fish,Indian,Non-Veg,250.0
2454,Mixed Veg Noodles,Indian,Veg,200.0
2455,Tandoori Chicken Biryani Combo,"Biryani,North Indian",Non-Veg,299.0
2456,Cheese Balls,"Biryani,North Indian",Veg,235.0
2457,Chappathi (2 Pcs),"South Indian,Biryani",Veg,50.0
2458,Masala Cheese Sandwich,Fast Food,Veg,94.0
2459,Guest Spl Thali,"South Indian,North Indian",Veg,211.0
2460,Garlic Gobi,"Chinese,Indian",Veg,400.0
2461,Methi Malai Paneer,"North Indian,Chinese",Veg,260.0
2462,Medhu Pakoda,"South Indian,North Indian",Veg,60.0
2463,"Veg Masala Dosai (wed, Sun)","South Indian,North Indian",Veg,152.0
2464,Raspberry With Mango Mini Dessert Tub,"Bakery,Desserts",Veg,76.27
2465,Mango Falooda,"Beverages,Chinese",Veg,139.0
2466,Singapore Chilli Chicken,"Arabian,North Indian",Non-Veg,278.0
2467,Honey Chilli Panneer Large,"South Indian,North Indian",Veg,333.0
2468,Salt & Pepper Paneer,"North Indian,Chinese",Veg,270.0
2469,Badam Kulfi,Desserts,Veg,104.0
2470,Ginger Lime Juice,Desserts,Veg,77.0
2471,Lychee Delight Cake [1 Kg],"Bakery,Desserts",Non-Veg,762.71
2472,Pav Bun [4 Pcs],"Bakery,Desserts",Veg,45.0
2473,Mushroom Grilled Sandwich,"Beverages,Chinese",Veg,84.0
2474,Palak Paneer  Large,"South Indian,North Indian",Veg,325.0
2475,Zeera Rice,"Arabian,North Indian",Veg,178.0
2476,Papaya Juice (500 Ml),"Beverages,Chinese",Veg,94.0
2477,Chilli Egg,Indian,Non-Veg,130.0
2478,Veg Kebab Subz,"North Indian,Arabian",Veg,120.0
2479,Pav Bhaji Cheese Dosa,"North Indian,Jain",Veg,170.0
2480,Pineapple Juice Pure Extract (1 Litre),"Beverages,Chinese",Veg,209.0
2481,Garlic Prawns Gravy,"North Indian,Arabian",Non-Veg,315.0
2482,Al Faham Chicken,"Arabian,North Indian",Non-Veg,188.0
2483,Onion Slices,"Arabian,North Indian",Veg,25.0
2484,Mushroom & Paneer,"North Indian,Chinese",Veg,270.0
2485,Buy 1 Holly Berry Strawberry Pack [750 Ml] With Get 1 Holly Berry Strawberry Pack [750 Ml],Desserts,Veg,260.0
2486,Kesar Lassi,Desserts,Veg,104.0
2487,Blackcurrant Ice Cream,Desserts,Veg,104.0
2488,Chicken Banana Leaf Parota,"South Indian,Biryani",Non-Veg,200.0
2489,Afghani Kebab (7 Pcs),"North Indian,Arabian",Non-Veg,300.0
2490,Prawns Sheek Kabab,"Biryani,North Indian",Non-Veg,349.0
2491,Mango Mojito,Fast Food,Veg,99.0
2492,Apple Shake,Desserts,Veg,164.0
2493,Cov-special Breakfast,"South Indian,North Indian",Veg,238.0
2494,9 Pastry Combo,Desserts,Veg,515.0
2495,Khakra Sandwich [kacha],"Chinese,Indian",Veg,140.0
2496,Mix Veg Noodles,"South Indian,North Indian",Veg,210.0
2497,Masala Pav,"North Indian,Jain",Veg,48.0
2498,Palak Mutter Large,"South Indian,North Indian",Veg,324.0
2499,Phulka (1 Pc),"North Indian,Arabian",Veg,35.0
2500,Plain Chawal,"North Indian,Chinese",Veg,110.0
2501,Sarson Da Saag,"North Indian,Chinese",Veg,270.0
2502,Veg Pulav,"North Indian,Chinese",Veg,200.0
2503,Garlic Special Roti,"North Indian,Chinese",Veg,90.0
2504,Walnut Rusk [200 Gms],"Bakery,Desserts",Veg,55.0
2505,Chilli Baby Corn Pizza[8 Inch],"Chinese,Indian",Veg,420.0
2506,Paneer Pudhina Masala Large,"South Indian,North Indian",Veg,333.0
2507,Orange Krusher,"North Indian,Arabian",Veg,100.0
2508,Bread Omelette Chicken Tandoori Cheese Sandwich,Fast Food,Non-Veg,159.0
2509,Spicy Potato Smilies (5 Pcs),"Beverages,Chinese",Veg,89.0
2510,Tomato Sandwich,"North Indian,Jain",Veg,54.0
2511,Mushroom Manchurian Dry,"South Indian,North Indian",Veg,165.0
2512,Choco Strawberry Milkshake,"Chinese,Indian",Veg,320.0
2513,Bhuira Apple & Cinnamon Jam,"Bakery,Desserts",Veg,199.0
2514,Thai Mutton Fried Rice,"North Indian,Arabian",Non-Veg,275.0
2515,Butter Roti (W) Palak Panneer,"South Indian,North Indian",Veg,155.0
2516,Malabar Chicken,"North Indian,Arabian",Non-Veg,290.0
2517,Ferrero Sundaes,"North Indian,Chinese",Veg,240.0
2518,Black Currant Cake [eggless] [1 Kg],"Bakery,Desserts",Veg,762.71
2519,Cool Blue Krusher,"North Indian,Arabian",Veg,100.0
2520,Veg Lollipop,"Chinese,Indian",Veg,260.0
2521,Buy 1 Holly Berry Vanilla Pack [750 Ml] With Get 1 Holly Berry Vanilla Pack [750 Ml],Desserts,Veg,260.0
2522,Achari Murg,"Arabian,North Indian",Non-Veg,278.0
2523,Natural Whey Protein,Desserts,Veg,129.0
2524,Paneer Kadai Masala,"South Indian,Biryani",Veg,200.0
2525,Gobi Chilli,"South Indian,Biryani",Veg,160.0
2526,Prawns Dum Biryani,"Biryani,North Indian",Non-Veg,359.0
2527,Choco Vanilla Cake [1 Kg],"Bakery,Desserts",Non-Veg,889.83
2528,Pepper Chicken,Indian,Non-Veg,250.0
2529,Poori,Indian,Veg,60.0
2530,Double Omelette Tandoori Cheese Sandwich,Fast Food,Non-Veg,145.0
2531,Tandoori Roti,"South Indian,North Indian",Veg,55.0
2532,Rotti Thulur Parotta,"South Indian,Biryani",Veg,120.0
2533,Handi Biryani,"North Indian,Chinese",Veg,260.0
2534,Dal Masaledaar,"North Indian,Chinese",Veg,230.0
2535,Hot Garlic Chicken,"Arabian,North Indian",Non-Veg,278.0
2536,Gobi Noodles,Indian,Veg,150.0
2537,Phulka (3 Pcs) With Chicken Curry,"Beverages,Chinese",Non-Veg,148.0
2538,Choco Cup Cake,"Bakery,Desserts",Veg,63.56
2539,Dragon Chicken Roll,"Arabian,North Indian",Non-Veg,168.0
2540,Aloo Kulcha,"North Indian,Chinese",Veg,140.0
2541,Schezwan Gobi Noodles,"Chinese,Indian",Veg,440.0
2542,Special Sandwich,"Chinese,Indian",Veg,200.0
2543,Aloo Tikka Sandwich,Desserts,Veg,95.0
2544,Egg Puff,"Bakery,Desserts",Non-Veg,29.66
2545,Mexican Chicken Shawarma Plate,"Beverages,Chinese",Non-Veg,148.0
2546,Mint Parotta Chicken Shawarma Roll,"Beverages,Chinese",Non-Veg,129.0
2547,Cashewnut Pulao,"South Indian,North Indian",Veg,179.0
2548,Namma Chennai Pizza,"Chinese,Indian",Veg,600.0
2549,Chicken Sukka,"North Indian,Arabian",Non-Veg,275.0
2550,Victuals Fried Chicken Wings-3 Pcs,"Beverages,Chinese",Non-Veg,245.0
2551,Vegetable Clear Soup,"Biryani,North Indian",Veg,119.0
2552,Tutty Fruity Spl Falooda Regular,"South Indian,North Indian",Veg,325.0
2553,The New Box Special Masala Mix Roti,"Chinese,Indian",Veg,140.0
2554,Choco Strawberry Cake [half Kg],"Bakery,Desserts",Non-Veg,466.1
2555,Mutton Kothukari Omelette,"South Indian,Biryani",Non-Veg,200.0
2556,Cheese Veg Club Sandwich,"North Indian,Jain",Veg,132.0
2557,Cheese Chutney Sandwich,"North Indian,Jain",Veg,102.0
2558,Plain Palak Large,"South Indian,North Indian",Veg,333.0
2559,Chilli Chicken Dry,"North Indian,Arabian",Non-Veg,290.0
2560,Muskmelon Milkshake,"North Indian,Arabian",Veg,100.0
2561,Victuals Fried Chicken -2 Pcs,"Beverages,Chinese",Non-Veg,199.0
2562,Chicken Keema Samosa Small [4 Pieces],"Beverages,Chinese",Non-Veg,58.0
2563,Red Velvet White Forest Cake [eggless] [half Kg],"Bakery,Desserts",Veg,550.85
2564,Pinata Round Cake [white],"Bakery,Desserts",Veg,1016.95
2565,Peri Peri Plain Bread Omelet,"Beverages,Chinese",Veg,79.0
2566,Tomato Cucumber Pure Extract (350 Ml),"Beverages,Chinese",Veg,79.0
2567,Masala Dosai,"South Indian,North Indian",Veg,112.0
2568,Paal Kozhukattai (50 Gms),"South Indian,North Indian",Veg,86.0
2569,Peri Peri Parotta Fish Shawarma Roll,"Beverages,Chinese",Non-Veg,147.0
2570,Schezwan Cheese Paneer Tikka,"North Indian,Chinese",Veg,280.0
2571,Butterscotch Moses Cake,Desserts,Veg,51.0
2572,Baingan Masala,"North Indian,Jain",Veg,240.0
2573,Vanjiram Fish Podimass (2 Eggs),"South Indian,Biryani",Non-Veg,240.0
2574,Mutton Fry Rice,"South Indian,Biryani",Non-Veg,300.0
2575,Salt & Pepper Paneer Gravy,"North Indian,Chinese",Veg,270.0
2576,Jeera Chawal,"North Indian,Chinese",Veg,140.0
2577,Desi Garden Salad,"North Indian,Chinese",Veg,100.0
2578,Classic Hakka Noodles,"North Indian,Chinese",Veg,210.0
2579,Barbecue Corn Shawarma Roll,"Beverages,Chinese",Veg,124.0
2580,Manchurian Fish,"Arabian,North Indian",Non-Veg,268.0
2581,Mixed Fried Rice,"Arabian,North Indian",Non-Veg,268.0
2582,Chicken Malai Tikka Roll,"Arabian,North Indian",Non-Veg,138.0
2583,Chinese Chop Suey Chicken Noodle,"Arabian,North Indian",Non-Veg,260.0
2584,Ghee Parotta,"Biryani,North Indian",Veg,45.0
2585,Choco Fudge Cake [1 Kg],"Bakery,Desserts",Non-Veg,805.08
2586,White Chocolate Cheese Sandwich,Fast Food,Veg,95.0
2587,Kalimirchi Tikka,"Arabian,North Indian",Non-Veg,268.0
2588,Paal Paniyaram (50 Gms),"South Indian,North Indian",Veg,86.0
2589,Ginger Chicken Dry,"North Indian,Arabian",Non-Veg,300.0
2590,Masala Poori,"South Indian,North Indian",Veg,81.0
2591,Simply Chocolate,"Chinese,Indian",Veg,300.0
2592,Peri Peri Smilies (5 Pcs),"Beverages,Chinese",Veg,89.0
2593,Green Tea With Lemon In Chai Flask (500 Ml),"Beverages,Chinese",Veg,154.0
2594,Idly (2 Pc),"South Indian,North Indian",Veg,50.0
2595,Cheese Jain Pav Bhaji,"North Indian,Jain",Veg,174.0
2596,Mutton Uppucurry,Indian,Non-Veg,280.0
2597,Honey Butterscotch Cake [half Kg],"Bakery,Desserts",Non-Veg,466.1
2598,Baby Corn Mattar,"Chinese,Indian",Veg,420.0
2599,Onion Rava Dosa,"South Indian,North Indian",Veg,115.0
2600,Salted Caramel Milkshake,"Chinese,Indian",Veg,320.0
2601,Gobi Kothu Parotta,Indian,Veg,140.0
2602,Onion Uthappam,"South Indian,North Indian",Veg,129.0
2603,Chicken Finger,"North Indian,Arabian",Non-Veg,210.0
2604,Kadamba Fish Fry,"South Indian,Biryani",Non-Veg,110.0
2605,Tropical Hawain Bread Toast,"South Indian,North Indian",Veg,110.0
2606,Prawn Golden Fry,"Arabian,North Indian",Non-Veg,348.0
2607,Butter Naan (W) P.B.Masala,"South Indian,North Indian",Veg,155.0
2608,Boneless Chicken Mughal Dum Biryani,"Biryani,North Indian",Non-Veg,279.0
2609,Gopi Masala,"South Indian,North Indian",Veg,180.0
2610,Blueberry Dry Fruit Mocktail,Desserts,Veg,155.0
2611,Bhujia Sandwich Grilled Sandwich,Fast Food,Veg,89.0
2612,Spicy Chicken Shawarma Plate,"Beverages,Chinese",Non-Veg,148.0
2613,Peri Peri Paneer Shawarma Plate,"Beverages,Chinese",Veg,148.0
2614,Reshmi Kebab (7 Pcs),"North Indian,Arabian",Non-Veg,300.0
2615,Kada Pepper Fry,Indian,Non-Veg,170.0
2616,Blackcurrant Delight Ice Cream,Desserts,Veg,169.0
2617,Pista Milkshake (500 Ml),"Beverages,Chinese",Veg,129.0
2618,Gudbud Ice Cream,Desserts,Veg,181.0
2619,Paneer Manchurian,"South Indian,Biryani",Veg,210.0
2620,Bread Omelette Masala Cheese Sandwich,Fast Food,Non-Veg,129.0
2621,Madras Meals,"South Indian,North Indian",Veg,119.0
2622,Prawn Macaroni,"Beverages,Chinese",Non-Veg,219.0
2623,Samosa Chaat,"Beverages,Chinese",Veg,89.0
2624,Egg Omelette,Indian,Non-Veg,70.0
2625,Baby Corn Chilli,"North Indian,Chinese",Veg,240.0
2626,Tomato Dosa,"North Indian,Jain",Veg,102.0
2627,Plain Maggie,"Chinese,Indian",Veg,180.0
2628,Fried Onion Soup,"South Indian,North Indian",Veg,90.0
2629,Fish Sweet & Chilli Sauce ( Dry ),"Arabian,North Indian",Non-Veg,278.0
2630,Chicken Cutlet (2 Pcs),"Beverages,Chinese",Non-Veg,69.0
2631,Botti Kothukari Podimass,"South Indian,Biryani",Non-Veg,240.0
2632,Kadai Paneer Large,"South Indian,North Indian",Veg,333.0
2633,Mushroom 65 Large,"South Indian,North Indian",Veg,325.0
2634,Pomegranate Ice Tea,"Chinese,Indian",Veg,180.0
2635,Tandoori Brocolli Tikka,"Chinese,Indian",Veg,420.0
2636,Bubblegum Milkshake,"Chinese,Indian",Veg,320.0
2637,Kal Dosai,Indian,Veg,25.0
2638,Pista Milkshake (350 Ml),"Beverages,Chinese",Veg,89.0
2639,Butter Phulka(3) With Dal Fry,"North Indian,Jain",Veg,140.0
2640,Mushroom Mayo Sandwich,Fast Food,Veg,105.0
2641,Spinach Corn Mayo Sandwich,Fast Food,Veg,109.0
2642,Cardamom Tea In Chai Flask (500 Ml),"Beverages,Chinese",Veg,154.0
2643,Veg Sheek Kebab - Small,"South Indian,North Indian",Veg,233.0
2644,Ferrero Coffee,Desserts,Veg,155.0
2645,Soupy Veg Maggi,"Beverages,Chinese",Veg,79.0
2646,Bhujia Maggie,"Chinese,Indian",Veg,220.0
2647,Chilli Idly,Indian,Veg,80.0
2648,Baby Corn Manchurian,Indian,Veg,170.0
2649,Chicken Cheese Momos (5 Pcs),"Beverages,Chinese",Non-Veg,144.0
2650,Idiyappam Kurma,"South Indian,North Indian",Veg,40.0
2651,Paneer 65 Large,"South Indian,North Indian",Veg,325.0
2652,Veg Subz,"North Indian,Arabian",Veg,80.0
2653,Corn Ice cream   .,"North Indian,Arabian",Veg,75.0
2654,Khada Pav Bhaji,"North Indian,Jain",Veg,144.0
2655,Chapati Channa,"North Indian,Jain",Veg,78.0
2656,Choco Irish Pastry Tubs,"Bakery,Desserts",Veg,99.0
2657,Idiyappam (3 Pcs) With Mutton Paya,"Beverages,Chinese",Non-Veg,219.0
2658,Variety Rice,"South Indian,North Indian",Veg,81.0
2659,Butter Phulka With Dal Makhani,"North Indian,Jain",Veg,140.0
2660,Bombay Panner Small,"South Indian,North Indian",Veg,260.0
2661,Chenna Bathoora,"South Indian,North Indian",Veg,124.0
2662,Kasi Halwa (50 Gms),"South Indian,North Indian",Veg,86.0
2663,Mutton Ghee Roast ( Dry ),"Arabian,North Indian",Non-Veg,358.0
2664,Chicken Liver Bun Parotta,"South Indian,Biryani",Non-Veg,160.0
2665,Bun Parotta (2 Pcs),"South Indian,Biryani",Veg,80.0
2666,Bread Jam,"North Indian,Jain",Veg,48.0
2667,Watermelon Mojito (350 Ml),"Beverages,Chinese",Veg,94.0
2668,Vegetable Fried Rice,"North Indian,Jain",Veg,228.0
2669,Babka Bread Loaf - Raspberry,"Bakery,Desserts",Veg,100.0
2670,Baby Corn  65 Large,"South Indian,North Indian",Veg,296.0
2671,Babycorn Soup,"South Indian,North Indian",Veg,95.0
2672,Fudgy Almond Cake [250 Gms],"Bakery,Desserts",Veg,127.12
2673,Mushroom Biriyani,Indian,Veg,200.0
2674,Chicken Kothukari Podimass,"South Indian,Biryani",Non-Veg,220.0
2675,Mutton Do Piaza,"Arabian,North Indian",Non-Veg,338.0
2676,Mutton Samosa Small [3 Pcs],"Beverages,Chinese",Non-Veg,99.0
2677,Whey Protein,Desserts,Veg,155.0
2678,Nutty Walnut Brownie (1 Pcs),"Beverages,Chinese",Veg,114.0
2679,Afghani Chicken,"Arabian,North Indian",Non-Veg,168.0
2680,Ghee Onion Uttapam,"South Indian,Biryani",Veg,110.0
2681,Egg Wrap,"North Indian,Arabian",Non-Veg,80.0
2682,Paneer Seekh Kebab,"North Indian,Chinese",Veg,260.0
2683,Mango Classic Shake,"North Indian,Chinese",Veg,180.0
2684,Panneer Butter Masala,"South Indian,North Indian",Veg,195.0
2685,Chicken Mughlai,"North Indian,Arabian",Non-Veg,315.0
2686,Oreo Milkshake With Mango (350 Ml),"Beverages,Chinese",Veg,114.0
2687,Veg Singapore Noodles,"South Indian,North Indian",Veg,160.0
2688,Chicken Dum Biryani,"Arabian,North Indian",Non-Veg,248.0
2689,Chicken Double Burger,"North Indian,Arabian",Non-Veg,130.0
2690,Mexican Parotta Chicken Shawarma Roll,"Beverages,Chinese",Non-Veg,129.0
2691,Phulka Combo,"South Indian,North Indian",Veg,210.0
2692,Pav Bhaji Dosa,"North Indian,Jain",Veg,140.0
2693,Salt And Pepper [mushroom And Babycorn],"Chinese,Indian",Veg,500.0
2694,Schezwan Mushroom,"Chinese,Indian",Veg,400.0
2695,Choco Hazelnut Cake [half Kg],"Bakery,Desserts",Non-Veg,508.47
2696,Veg Schezwan Noodles,"Biryani,North Indian",Veg,225.0
2697,Chicken Korma,"Biryani,North Indian",Non-Veg,309.0
2698,Reshmi Kebab,"Biryani,North Indian",Non-Veg,325.0
2699,Cheese Chilly Toast,"South Indian,North Indian",Veg,95.0
2700,Special Chicken Shawarma Roll,"Beverages,Chinese",Non-Veg,188.0
2701,Ferrero Automatic Mocktail,Desserts,Veg,104.0
2702,Honey Butterscotch Pastry,"Bakery,Desserts",Non-Veg,50.85
2703,Gopi Briyani,"South Indian,North Indian",Veg,210.0
2704,Panneer 65,"South Indian,North Indian",Veg,170.0
2705,Schezwan Fried Rice Large,"South Indian,North Indian",Veg,305.0
2706,Pineapple Cake [eggless] [half Kg],"Bakery,Desserts",Veg,444.92
2707,Palak Aloo,"North Indian,Chinese",Veg,220.0
2708,Corn Cheese Balls (4 Pieces),"North Indian,Chinese",Veg,230.0
2709,Corn Pulav,"North Indian,Chinese",Veg,210.0
2710,Mutton Noodles Soup,"Arabian,North Indian",Non-Veg,178.0
2711,Jain Paneer Burji,"North Indian,Jain",Veg,252.0
2712,Idly(2)+Vada(1),"South Indian,North Indian",Veg,80.0
2713,Egg Onion Dhosai,"South Indian,Biryani",Non-Veg,110.0
2714,Choco Filled Donut,"Bakery,Desserts",Veg,42.37
2715,Strawberry Cake [1 Kg],"Bakery,Desserts",Non-Veg,677.97
2716,Paneer Tikka Roll,"Chinese,Indian",Veg,260.0
2717,Royal Blue Berry Mini Dessert Tub,"Bakery,Desserts",Veg,76.27
2718,Quick Lunch,"South Indian,North Indian",Veg,160.0
2719,Bread Omelette Paneer Cheese Sandwich,Fast Food,Non-Veg,129.0
2720,Andhra Spicy Chicken,Indian,Non-Veg,250.0
2721,Kabab Da-briyani Large,"South Indian,North Indian",Veg,300.0
2722,Dal Methi,"South Indian,North Indian",Veg,170.0
2723,Mango Pastry,"Bakery,Desserts",Non-Veg,50.85
2724,Pineapple Pastry [eggless],"Bakery,Desserts",Veg,59.32
2725,Chicken Lays Mayo Sandwich,Fast Food,Non-Veg,129.0
2726,Fish And Chips,"Biryani,North Indian",Non-Veg,339.0
2727,Chicken Lollipop Saucy,Indian,Non-Veg,280.0
2728,Chicken Do Piaza,"Arabian,North Indian",Non-Veg,278.0
2729,Paneer Paratha,"Chinese,Indian",Veg,140.0
2730,Chappati (3 Pcs) With Mutton Paya,"Beverages,Chinese",Non-Veg,219.0
2731,Punjabi Samosa (2 Pcs),"Beverages,Chinese",Veg,44.0
2732,Bhujia Sandwich (Plain) Sandwich,Fast Food,Veg,75.0
2733,Pinata Heart Cake [white],"Bakery,Desserts",Veg,1016.95
2734,Peach Iced Tea,"Bakery,Desserts",Veg,90.0
2735,Hariyali Kebab (7 Pcs),"North Indian,Arabian",Non-Veg,300.0
2736,Spaghetti Paneer Rice,"South Indian,North Indian",Veg,230.0
2737,Veg Balls Float,"North Indian,Chinese",Veg,240.0
2738,Kaju Paneer Masala Small,"South Indian,North Indian",Veg,260.0
2739,Rotti Pavang,"South Indian,Biryani",Veg,100.0
2740,Spicy Paneer Shawarma Roll,"Beverages,Chinese",Veg,129.0
2741,Special Shanghai Fried Rice,"North Indian,Chinese",Veg,250.0
2742,Papaya,"South Indian,North Indian",Veg,95.0
2743,Mutton Liver Pepper Fry,"Biryani,North Indian",Non-Veg,230.0
2744,Butter Chapati,"Arabian,North Indian",Veg,25.0
2745,Veg Paneer Sautes With Ghee Rice,"South Indian,North Indian",Veg,240.0
2746,Double Omelette Masala Cheese Sandwich,Fast Food,Non-Veg,145.0
2747,Musroom Masala,"South Indian,Biryani",Veg,200.0
2748,Paneer Samosa Small [4 Pieces],"Beverages,Chinese",Veg,56.0
2749,Grill Chicken,Indian,Non-Veg,340.0
2750,Sweet Lime Without Ice,"South Indian,North Indian",Veg,111.0
2751,Pan Fried Momo's,"Chinese,Indian",Veg,240.0
2752,Purple Lime Juice,Desserts,Veg,116.0
2753,Boiled Egg Mayo Sandwich,Fast Food,Non-Veg,85.0
2754,Mix Veg Butter Masala,"Arabian,North Indian",Veg,218.0
2755,Black Forest Pastry Tubs,"Bakery,Desserts",Veg,99.0
2756,Veg Puff,"Bakery,Desserts",Veg,25.42
2757,Veg Medly Pizza[8 Inch],"Chinese,Indian",Veg,420.0
2758,Fish Manchurian Dry,"North Indian,Arabian",Non-Veg,300.0
2759,Turkish Shawarma Plate,"North Indian,Arabian",Non-Veg,170.0
2760,Mushroom Chettinad,"Chinese,Indian",Veg,420.0
2761,Boiled Egg Grilled Sandwich,Fast Food,Non-Veg,75.0
2762,Fish Curry,"Arabian,North Indian",Non-Veg,268.0
2763,Chilli Prawns Gravy,"North Indian,Arabian",Non-Veg,315.0
2764,Fish Bbq,"Arabian,North Indian",Non-Veg,390.0
2765,Black Forest Cake [eggless] [1 Kg],"Bakery,Desserts",Veg,805.08
2766,Podi Dhosai,"South Indian,Biryani",Veg,100.0
2767,Mutton Roghan Gosht,"Arabian,North Indian",Non-Veg,338.0
2768,Veg Jalfraize Small,"South Indian,North Indian",Veg,260.0
2769,Mushroom Momos (5 Pcs),"Beverages,Chinese",Veg,144.0
2770,Chicken Liver Podimass (2 Eggs),"South Indian,Biryani",Non-Veg,149.0
2771,Schezwan Baby Corn Roll,"Chinese,Indian",Veg,260.0
2772,Chicken Schezwan Fried Rice,"Biryani,North Indian",Non-Veg,275.0
2773,Almond Falooda,"Beverages,Chinese",Veg,139.0
2774,Pineapple Juice Pure Extract (350 Ml),"Beverages,Chinese",Veg,99.0
2775,Veg Makkanwala,"South Indian,North Indian",Veg,190.0
2776,Kali Mirchi Kebab (7 Pcs),"North Indian,Arabian",Non-Veg,300.0
2777,Tangdi Kebab (3 Pieces),"Biryani,North Indian",Non-Veg,299.0
2778,German Forest Pastry,Desserts,Veg,70.0
2779,Chapathi,Indian,Veg,25.0
2780,Ceylon Egg Mutton Parotta,"Biryani,North Indian",Non-Veg,269.0
2781,Kashmiri Pulao,"North Indian,Arabian",Veg,235.0
2782,Cov-special Evening,"South Indian,North Indian",Veg,71.0
2783,Dry Fig Milkshake (350 Ml),"Beverages,Chinese",Veg,99.0
2784,Pav Bhaji (4 Pcs) With Cheese,"Beverages,Chinese",Veg,114.0
2785,Dry Fruit Sundae,Desserts,Veg,155.0
2786,Panneer Kulcha,"South Indian,North Indian",Veg,100.0
2787,Chilli Aloo Roll,"Chinese,Indian",Veg,220.0
2788,Mutton Mini Meals Combo,"South Indian,Biryani",Non-Veg,200.0
2789,Pita Paneer Mayo Sandwich,Fast Food,Veg,135.0
2790,Chicken Manchurian Dry,"North Indian,Arabian",Non-Veg,290.0
2791,Elai Adai (50 Gms),"South Indian,North Indian",Veg,86.0
2792,Mango Falooda Regular,"South Indian,North Indian",Veg,310.0
2793,Chilli Cheese Sandwich + Berry Blueberry Shake,Desserts,Veg,215.0
2794,Jaljeera Soda,Desserts,Veg,77.0
2795,Lemon Cour Soup,"South Indian,North Indian",Veg,95.0
2796,Dhal Methi Large,"South Indian,North Indian",Veg,219.0
2797,Bombay Gobi 65 Small,"South Indian,North Indian",Veg,250.0
2798,Fish Manchurian Gravy,"North Indian,Arabian",Non-Veg,300.0
2799,Chenna Masala Small,"South Indian,North Indian",Veg,190.0
2800,Mutton Meals Combo,"South Indian,Biryani",Non-Veg,240.0
2801,Chilli Garlic Noodles,"Chinese,Indian",Veg,440.0
2802,Quick Lunch With Chapathi,"South Indian,North Indian",Veg,165.0
2803,Jain Kaju Masala,"North Indian,Jain",Veg,282.0
2804,Gharwali Khichdi With Papad,"North Indian,Chinese",Veg,200.0
2805,Mushroom Pulav,"South Indian,North Indian",Veg,210.0
2806,Cheese Malai Panneer Tikka - Small,"South Indian,North Indian",Veg,252.0
2807,Ginger Chicken Gravy,"North Indian,Arabian",Non-Veg,300.0
2808,Gobi 65(cauliflower),"North Indian,Jain",Veg,240.0
2809,Anjeer Milkshake,"North Indian,Jain",Veg,132.0
2810,Panneer Noodles,"South Indian,North Indian",Veg,210.0
2811,Schezwan Prawns Fried Rice,"North Indian,Arabian",Non-Veg,300.0
2812,Malai Paneer,"Chinese,Indian",Veg,440.0
2813,Schezwan Mushroom Noodles,"Chinese,Indian",Veg,440.0
2814,Mixed Schezwan Fried Rice,"Biryani,North Indian",Non-Veg,319.0
2815,Blueberry Smoothie,Desserts,Veg,155.0
2816,Mushroom Pepper Salt Small,"South Indian,North Indian",Veg,252.0
2817,Veg Samosa (2 Pcs),"South Indian,North Indian",Veg,76.0
2818,Aloo Puri,"Beverages,Chinese",Veg,79.0
2819,Parotta 2 Pieces + Green Pea's Masala (250 Ml),"Biryani,North Indian",Veg,189.0
2820,Keerai Koottu,"South Indian,Biryani",Veg,40.0
2821,Chilly Baby Corn,"Chinese,Indian",Veg,420.0
2822,Corn Capsicum Masalai Large,"South Indian,North Indian",Veg,286.0
2823,Schezwan Baby Corn Fried Rice,"Chinese,Indian",Veg,460.0
2824,Singapore Chilli Fish,"Arabian,North Indian",Non-Veg,278.0
2825,Chinese Combo 3 (Schezwan Noodles + Gobi 65),"North Indian,Jain",Veg,399.0
2826,Dark White Chocolate Cheese Sandwich,Fast Food,Veg,109.0
2827,Double Omelette Vadakari Mayo Sandwich,Fast Food,Non-Veg,145.0
2828,Chicken Corn Mayo Sandwich,Fast Food,Non-Veg,129.0
2829,Barbecue Chicken Sandwich,Fast Food,Non-Veg,149.0
2830,Jhili Mili Sheek Kabab,"Biryani,North Indian",Non-Veg,299.0
2831,Kesar Badam Shake,Desserts,Veg,129.0
2832,Cashew Fudge Ice Cream,Desserts,Veg,129.0
2833,Jain Paneer Manchurian (dry),"North Indian,Jain",Veg,252.0
2834,Peri Peri Corn Shawarma Plate,"Beverages,Chinese",Veg,148.0
2835,Cream Of Mutton Soup,"Biryani,North Indian",Non-Veg,159.0
2836,Litchi Mojito (350 Ml),"Beverages,Chinese",Veg,99.0
2837,Lacha Paratha,"Chinese,Indian",Veg,80.0
2838,Prawns Noodles,"North Indian,Arabian",Non-Veg,275.0
2839,Rose Falooda Mini,"South Indian,North Indian",Veg,205.0
2840,Chicken Keema Naan,"North Indian,Arabian",Non-Veg,75.0
2841,Mushroom Sautes With Ghee Rice,"South Indian,North Indian",Veg,250.0
2842,Dark Chocolate Cheese Sandwich,Fast Food,Veg,95.0
2843,Missi Special Roti,"North Indian,Chinese",Veg,90.0
2844,Bread Butter Jam Mayo,Fast Food,Veg,80.0
2845,Thai 5 Color Rice,"Chinese,Indian",Veg,600.0
2846,Spicy Fried Paneer,"South Indian,North Indian",Veg,170.0
2847,Cheese Chicken Shawarma Roll,"Beverages,Chinese",Non-Veg,124.0
2848,Babka Bread Loaf - Chocolate,"Bakery,Desserts",Veg,100.0
2849,Crunchy Nutella Thick Shake,Desserts,Veg,229.0
2850,Milk Sarbath,Desserts,Veg,90.0
2851,Mushroom Chettinadu,Indian,Veg,180.0
2852,Fried Idli (3 Pcs),"North Indian,Jain",Veg,114.0
2853,Amritsari Naan,"North Indian,Chinese",Veg,160.0
2854,Chicken Tikka,"Biryani,North Indian",Non-Veg,289.0
2855,Basundhi ( 1 Pc),"South Indian,North Indian",Veg,80.0
2856,Royal Faluda,Indian,Veg,180.0
2857,Malaysian Parotta,"South Indian,Biryani",Veg,80.0
2858,Chenna Masala,"South Indian,North Indian",Veg,180.0
2859,Cheesy Fish Shawarma Roll,"Beverages,Chinese",Non-Veg,134.0
2860,Egg Podi Mass,"South Indian,Biryani",Non-Veg,50.0
2861,Meduvadai (1 Pc),"South Indian,Biryani",Veg,20.0
2862,Palak Mutter Small,"South Indian,North Indian",Veg,210.0
2863,Choco Truffle Cake [1 Kg],"Bakery,Desserts",Non-Veg,762.71
2864,Dragon Prawns,"Biryani,North Indian",Non-Veg,349.0
2865,Bangalore Masala Dosa,"North Indian,Jain",Veg,105.0
2866,Kali Mirch Kebab,"Biryani,North Indian",Non-Veg,309.0
2867,Crispy Fry Veg,"Chinese,Indian",Veg,480.0
2868,Fettucine Mushroom,"South Indian,North Indian",Veg,210.0
2869,Malabar Fish Curry (king ?sh),Indian,Non-Veg,320.0
2870,Kaju Tamatar Curry,"Chinese,Indian",Veg,440.0
2871,Fanta,"Chinese,Indian",Veg,100.0
2872,Aloo Masala Cheese Toast,"Chinese,Indian",Veg,160.0
2873,Mushroom Matka Biriyani,"Chinese,Indian",Veg,680.0
2874,Spicy Paneer Shawarma Plate,"Beverages,Chinese",Veg,148.0
2875,Chocolate Fried Momos (4 Pcs),"Beverages,Chinese",Veg,148.0
2876,Corn Cheese Momo's,Desserts,Veg,125.0
2877,Chikoo Mocktail,Desserts,Veg,90.0
2878,Kal Dhosai (2 Pcs),"South Indian,Biryani",Veg,80.0
2879,Gopi Kadaai,"South Indian,North Indian",Veg,235.0
2880,Dutch Truffle Cake [eggless] [half Kg],"Bakery,Desserts",Veg,508.47
2881,Veg Manchow Soup,"Arabian,North Indian",Veg,128.0
2882,Spl Tandoori Prawns,"Biryani,North Indian",Non-Veg,349.0
2883,Aloo Paratha Combo,"South Indian,North Indian",Veg,215.0
2884,Paneer Tikka Masala Small,"South Indian,North Indian",Veg,260.0
2885,Strawberry Donuts,"Bakery,Desserts",Veg,42.37
2886,Butter Chicken Masala,"Arabian,North Indian",Non-Veg,278.0
2887,Vada,"South Indian,North Indian",Veg,40.0
2888,Choco Chip Muffin,"Bakery,Desserts",Veg,42.37
2889,Veg Mixed Noodles,"Chinese,Indian",Veg,460.0
2890,Khakhra Paneer Mayo Sandwich,Fast Food,Veg,125.0
2891,Boiled Egg,"Biryani,North Indian",Non-Veg,45.0
2892,Methi Naan,"North Indian,Arabian",Veg,45.0
2893,Cream Of Chicken Soup,"Biryani,North Indian",Non-Veg,159.0
2894,Rohini Gobi Tikka - Small,"South Indian,North Indian",Veg,240.0
2895,Prawn Chettinadu,Indian,Non-Veg,260.0
2896,Chilli Chicken Lollipop,"South Indian,Biryani",Non-Veg,240.0
2897,Thousand Island Cheese Grilled Sandwich,Desserts,Veg,164.0
2898,Crispy Corn,"Chinese,Indian",Veg,300.0
2899,Raspberry With Mango,"Bakery,Desserts",Non-Veg,50.85
2900,Salt Rusk [200 Gms],"Bakery,Desserts",Veg,32.8
2901,Mayonnaise Sauce,"North Indian,Arabian",Veg,30.0
2902,Cheesy Parotta Fish Shawarma Roll,"Beverages,Chinese",Non-Veg,147.0
2903,Black Currant Cake [eggless] [half Kg],"Bakery,Desserts",Veg,444.92
2904,Paneer Masala,"South Indian,Biryani",Veg,180.0
2905,Phulka ( 1 Pc ),"Arabian,North Indian",Veg,15.0
2906,Chicken Fried Rice With Chicken Manchurian [250 Ml],"Biryani,North Indian",Non-Veg,259.0
2907,Daltadka,"Chinese,Indian",Veg,260.0
2908,Cheese Sandwich Toast,"Chinese,Indian",Veg,180.0
2909,Malai Kulfi,Desserts,Veg,90.0
2910,Panneer Manchurian Dry,"South Indian,North Indian",Veg,220.0
2911,Pasta Mushroom Tandoori Cheese Sandwich,Fast Food,Veg,125.0
2912,Corn Lays Mayo Sandwich,Fast Food,Veg,109.0
2913,Manchurian Baby Corn,"North Indian,Chinese",Veg,240.0
2914,Rumali Special Roti,"North Indian,Chinese",Veg,90.0
2915,Apple Butterscotch Pastry [eggless],"Bakery,Desserts",Veg,59.32
2916,Veg Manchurian Ball,"Biryani,North Indian",Veg,215.0
2917,Dragon Prawn,"Arabian,North Indian",Non-Veg,348.0
2918,Egg Kalakki (1 Pc),"South Indian,Biryani",Non-Veg,40.0
2919,Spicy Fish Shawarma Roll,"Beverages,Chinese",Non-Veg,134.0
2920,Veg Sandwich (Plain),Fast Food,Veg,65.0
2921,Chicken Tikka (7 Pcs),"North Indian,Arabian",Non-Veg,260.0
2922,Vanjaram Fish Fry (1 Pc),"North Indian,Arabian",Non-Veg,310.0
2923,Chicken Liver Gravy,"South Indian,Biryani",Non-Veg,95.0
2924,Cutlet Chaat,"Beverages,Chinese",Veg,89.0
2925,Schezwan Chicken Bread Omelet,"Beverages,Chinese",Non-Veg,84.0
2926,Kaalan (1 Plate),"Beverages,Chinese",Veg,89.0
2927,Ginger Mushroom,"Chinese,Indian",Veg,400.0
2928,Chicken Kati Roll,"Arabian,North Indian",Non-Veg,98.0
2929,Berry Pepper Shot Juice,Desserts,Veg,104.0
2930,Bhindi Fry,"South Indian,North Indian",Veg,155.0
2931,Continental Veg Sandwich,"South Indian,North Indian",Veg,100.0
2932,Spaghetti Brumese,"South Indian,North Indian",Veg,200.0
2933,Aloo Manchurian Gravy,"South Indian,North Indian",Veg,155.0
2934,Royal Blueberry Cake [1 Kg],"Bakery,Desserts",Non-Veg,889.83
2935,Mega Veg Subz,"North Indian,Arabian",Veg,130.0
2936,Strawberry Icecream,"South Indian,North Indian",Veg,115.0
2937,Green Coriandar Fried Rice Large,"South Indian,North Indian",Veg,305.0
2938,Special Chicken Biryani,"North Indian,Arabian",Non-Veg,275.0
2939,Peanut Butter Cheese Sandwich,Fast Food,Veg,95.0
2940,Fig And Honey Ice Cream With Topping,Desserts,Veg,155.0
2941,Pahadi Paneer Platter,"North Indian,Chinese",Veg,620.0
2942,Chicken Hyderabadi,Indian,Non-Veg,260.0
2943,Shezwan Veg Fried Rice,Indian,Veg,150.0
2944,Barbecue Paneer Shawarma Roll,"Beverages,Chinese",Veg,129.0
2945,Veg Jalfrazi,"South Indian,North Indian",Veg,139.0
2946,Chikoo ( Sapota ) (1 Litre),"Beverages,Chinese",Veg,229.0
2947,Lasooni Paneer Tikka,"Biryani,North Indian",Veg,269.0
2948,Chole Batura,"South Indian,North Indian",Veg,120.0
2949,Mushroom Kothu Parotta,Indian,Veg,140.0
2950,Boiled Egg Masala Mayo Sandwich,Fast Food,Non-Veg,125.0
2951,Panner Satay - Large,"South Indian,North Indian",Veg,350.0
2952,Golden Fried Babycorn,"North Indian,Chinese",Veg,250.0
2953,Tandoori Chicken Mayo Sandwich,Fast Food,Non-Veg,139.0
2954,Dhal Fry ( Yellow Dhal ) Small,"South Indian,North Indian",Veg,150.0
2955,Achari Prawns Tikka,"Biryani,North Indian",Non-Veg,349.0
2956,Special Kesar Faloodas,"North Indian,Jain",Veg,180.0
2957,Pepper Chicken Roll,"Arabian,North Indian",Non-Veg,128.0
2958,Double Omelette Corn Cheese,Fast Food,Non-Veg,145.0
2959,Tawa Pulao Jumbo Family Pack,"North Indian,Jain",Veg,499.0
2960,Black Currant Cake [half Kg],"Bakery,Desserts",Non-Veg,402.54
2961,Chocolate Ice Cream With Toppings,Desserts,Veg,104.0
2962,Subzi Masaledaar,"North Indian,Chinese",Veg,260.0
2963,Onion Paratha,"Chinese,Indian",Veg,120.0
2964,Steam Rice,"Chinese,Indian",Veg,200.0
2965,Double Burger,"North Indian,Arabian",Veg,120.0
2966,Peanut Butter Choco Sandwich,Fast Food,Veg,109.0
2967,Double Omelette Lays Mayo Sandwich,Fast Food,Non-Veg,145.0
2968,Very Berry Strawberry Mocktail,Desserts,Veg,104.0
2969,Crumbed Mushroom,"Chinese,Indian",Veg,440.0
2970,Taj Special Chilli Chicken Dry,"North Indian,Arabian",Non-Veg,325.0
2971,Chicken Corn Tandoori Cheese Sandwich,Fast Food,Non-Veg,149.0
2972,Black Current Icecream,"South Indian,North Indian",Veg,115.0
2973,Boiled Egg Chicken Thousand Island Mayo Sandwich,Fast Food,Non-Veg,169.0
2974,Special Grilled Mexican Wrap,"Chinese,Indian",Veg,300.0
2975,Kadhai Prawns,"Arabian,North Indian",Non-Veg,338.0
2976,Butter Roast,"South Indian,North Indian",Veg,150.0
2977,Plain Uttapam,"South Indian,North Indian",Veg,85.0
2978,Honey Chilli Potato Small,"South Indian,North Indian",Veg,250.0
2979,Blueberry White Chocolate Cake [eggless] [1 Kg],"Bakery,Desserts",Veg,1059.32
2980,Salt & Pepper Baby Corn Gravy,"North Indian,Chinese",Veg,250.0
2981,Pineapple Cake [1 Kg],"Bakery,Desserts",Non-Veg,677.97
2982,Spicy Paneer Parotta Shawarma Roll,"Beverages,Chinese",Veg,124.0
2983,Idly Fry,"South Indian,North Indian",Veg,160.0
2984,Dates Falooda,"Beverages,Chinese",Veg,139.0
2985,Mutton Kari Square Mix Parotta,"South Indian,Biryani",Non-Veg,220.0
2986,Manchurian Gobi Gravy,"North Indian,Chinese",Veg,250.0
2987,Nethili Fish Podimass (2 Eggs),"South Indian,Biryani",Non-Veg,180.0
2988,Fish Mirchi Masala,"Arabian,North Indian",Non-Veg,288.0
2989,Chocolicious French Fries,Fast Food,Veg,129.0
2990,Mutton Thoppiyacha,"South Indian,Biryani",Non-Veg,380.0
2991,Oreo And Nutella Gangster Thick Shake,Desserts,Veg,229.0
2992,Samosa Channa,"Beverages,Chinese",Veg,84.0
2993,Chilly Garlic Fried Rice Small,"South Indian,North Indian",Veg,200.0
2994,Chinese Chicken Roast,"Biryani,North Indian",Non-Veg,299.0
2995,Bbq Fish Fillet,Indian,Non-Veg,320.0
2996,Peri Peri Fish Shawarma Roll,"Beverages,Chinese",Non-Veg,134.0
2997,Roti (W) Paneer Butter Masala,"South Indian,North Indian",Veg,140.0
2998,Egg Pouch,"Arabian,North Indian",Non-Veg,60.0
2999,Ferrero Rocher Milkshake,"Chinese,Indian",Veg,340.0
3000,Kuboos,"North Indian,Arabian",Veg,30.0
3001,Stuffed Capsicum Masala Small,"South Indian,North Indian",Veg,260.0
3002,Bbq Fish Pomfret,Indian,Non-Veg,450.0
3003,Spinach Paneer Tandoori Mayo Sandwich,Fast Food,Veg,124.0
3004,Mexican Shawarma Roll,"Arabian,North Indian",Non-Veg,118.0
3005,Schezwan Noodles Large,"South Indian,North Indian",Veg,305.0
3006,Garlic Paneer,"Chinese,Indian",Veg,420.0
3007,Jain Mattar Methi,"North Indian,Jain",Veg,228.0
3008,Barbecue Fish Shawarma Plate,"Beverages,Chinese",Non-Veg,179.0
3009,Special Mix Chaat,"Beverages,Chinese",Veg,94.0
3010,Makki Special Roti,"North Indian,Chinese",Veg,90.0
3011,Lemon Grass Tea In Chai Flask (500 Ml),"Beverages,Chinese",Veg,154.0
3012,Veg Biryani Combo,"South Indian,North Indian",Veg,270.0
3013,Salted Kulukki Lemon,Desserts,Veg,77.0
3014,Chicken Jade Soup,"Biryani,North Indian",Non-Veg,179.0
3015,Barbecue Chicken Shawarma Plate,"Beverages,Chinese",Non-Veg,148.0
3016,Egg Chettinad Masala,Indian,Non-Veg,130.0
3017,Cold Coffee (1 Litre),"Beverages,Chinese",Veg,229.0
3018,Mushroom Manchurian Dry Small,"South Indian,North Indian",Veg,240.0
3019,Paratha,"South Indian,North Indian",Veg,75.0
3020,Spinach Mushroom Cheese Sandwich,Fast Food,Veg,109.0
3021,Schezwan Prawn,"Arabian,North Indian",Non-Veg,338.0
3022,Kadai Wala Paneer,"North Indian,Chinese",Veg,250.0
3023,Hot & Sour Mushroom Soup,"North Indian,Arabian",Veg,130.0
3024,Nungu With Tender Coconut (500 Ml),"Beverages,Chinese",Veg,148.0
3025,Garlic Fried Rice,"South Indian,North Indian",Veg,210.0
3026,Veg Schezwan Rice,"South Indian,Biryani",Veg,110.0
3027,Namma Chennai Pizza[8 Inch],"Chinese,Indian",Veg,420.0
3028,Onion Dosai,"South Indian,North Indian",Veg,130.0
3029,Jaljeera,Desserts,Veg,77.0
3030,Special Paneer Fried Rice,"North Indian,Chinese",Veg,250.0
3031,Hunan Paneer,"Chinese,Indian",Veg,480.0
3032,Capsicum Cheese Sandwich,Fast Food,Veg,94.0
3033,Mango Icecream,"South Indian,North Indian",Veg,115.0
3034,Bread Omelettte,"Arabian,North Indian",Non-Veg,88.0
3035,Bread Omelette Tandoori Mayo Sandwich,Fast Food,Non-Veg,129.0
3036,Kheema Hyederabadi,"Arabian,North Indian",Non-Veg,318.0
3037,Egg Kothu Parotta,"South Indian,Biryani",Non-Veg,160.0
3038,Black Forest Pastry [eggless],"Bakery,Desserts",Veg,59.32
3039,Mutter Panner Masala,"South Indian,North Indian",Veg,135.0
3040,Kaju Kofta Guest Special,"South Indian,North Indian",Veg,161.0
3041,Mexican Rice & Special Paneer Gravy,"Chinese,Indian",Veg,500.0
3042,Baby Corn Matka Biriyani,"Chinese,Indian",Veg,680.0
3043,Mushroom Manchurian Dry Large,"South Indian,North Indian",Veg,350.0
3044,Singapore Fried Rice,"South Indian,North Indian",Veg,210.0
3045,Focaccia Mushroom Mayo Sandwich,Fast Food,Veg,165.0
3046,Chapati (1 Pc),"North Indian,Arabian",Veg,20.0
3047,Chicken  Dum Biryani,"North Indian,Arabian",Non-Veg,210.0
3048,Choco Fudge Cake [eggless] [1 Kg],"Bakery,Desserts",Veg,889.83
3049,Mysore Bonda (4 Pcs),"South Indian,North Indian",Veg,85.0
3050,Paneer Briyani Small,"South Indian,North Indian",Veg,225.0
3051,Chana Mayo Tandoori Sandwich,Fast Food,Veg,100.0
3052,Peri Peri Corn Shawarma Roll,"Beverages,Chinese",Veg,124.0
3053,Prawn Maggi,"Beverages,Chinese",Non-Veg,124.0
3054,Prawn Momos (5 Pcs),"Beverages,Chinese",Non-Veg,144.0
3055,Double Omelette Chicken Tandoori Mayo Sandwich,Fast Food,Non-Veg,169.0
3056,Schezwan Noodles + Gobi Manchurian,"Chinese,Indian",Veg,460.0
3057,Paneer Stuffed Paratha,"North Indian,Chinese",Veg,140.0
3058,Dahi Pani Puri,"Beverages,Chinese",Veg,69.0
3059,Belgian Chips + Mississippi Mud,Desserts,Veg,296.0
3060,Veg Roll,Desserts,Veg,95.0
3061,Rava Kesari,"South Indian,North Indian",Veg,76.0
3062,Bread Omelette Mushroom Mayo Sandwich,Fast Food,Non-Veg,129.0
3063,Pesto Pizza[8 Inch],"Chinese,Indian",Veg,420.0
3064,Onion Pakoda,"South Indian,North Indian",Veg,45.0
3065,Mushroom Tandoori Cheese Sandwich,Fast Food,Veg,125.0
3066,Chicken Pulao,"Biryani,North Indian",Non-Veg,265.0
3067,Spinach Paneer Mayo Sandwich,Fast Food,Veg,109.0
3068,Paneer 95,"Chinese,Indian",Veg,290.0
3069,Thai Red Curry Rice,"Chinese,Indian",Veg,700.0
3070,Mysore Bonda,"South Indian,North Indian",Veg,65.0
3071,Palak Mushroom,"South Indian,North Indian",Veg,190.0
3072,Chilly Cheese Sandwich,"South Indian,North Indian",Veg,95.0
3073,Banana Walnut Muffin,"Bakery,Desserts",Veg,42.37
3074,Cap Juice Crush,Desserts,Veg,129.0
3075,Thai Wok Noodles,"Chinese,Indian",Veg,600.0
3076,Aloo Mutter,"South Indian,North Indian",Veg,180.0
3077,Prawn Fry Rice,"South Indian,Biryani",Non-Veg,260.0
3078,Murg Malai Tikka,"Arabian,North Indian",Non-Veg,288.0
3079,Navarathana Kuruma Small,"South Indian,North Indian",Veg,225.0
3080,Continental Club Sandwich,"South Indian,North Indian",Veg,120.0
3081,Pasanda Paneer,"North Indian,Chinese",Veg,206.0
3082,Mutton Kaima Parotta,"South Indian,Biryani",Non-Veg,230.0
3083,Strawberry Avocado Mocktail,Desserts,Veg,159.0
3084,Spicy Paneer Bread Omelet,"Beverages,Chinese",Veg,84.0
3085,Fish Pepper & Salt,"Biryani,North Indian",Non-Veg,345.0
3086,Mushroom Roti Chukka,"Chinese,Indian",Veg,340.0
3087,Karaikudi Nattu Kozi Kozhambu,Indian,Non-Veg,300.0
3088,Spicy Capsicum Mayo Sandwich,Fast Food,Veg,80.0
3089,Veg Makhanwala Small,"South Indian,North Indian",Veg,260.0
3090,Kashmiri Pulao Small,"South Indian,North Indian",Veg,219.0
3091,Bottle Masala Chaas,"North Indian,Chinese",Veg,240.0
3092,Thread Paneer [4pcs],"Chinese,Indian",Veg,520.0
3093,Achari Mushroom Tikka,"Chinese,Indian",Veg,400.0
3094,Mushroom Hariyali Tikka,"Biryani,North Indian",Veg,269.0
3095,Pita Vadakari Mayo Sandwich,Fast Food,Veg,135.0
3096,Brownie Chocolate Strawberry Sandwich,Fast Food,Veg,129.0
3097,Lasooni Prawns Tikka,"Biryani,North Indian",Non-Veg,349.0
3098,Lasooni Palak,"North Indian,Chinese",Veg,240.0
3099,Special Mushroom Fried Rice,"North Indian,Chinese",Veg,250.0
3100,Mushroom Masala Dosa,"North Indian,Jain",Veg,155.0
3101,Thai Chill Paneer,"Chinese,Indian",Veg,250.0
3102,Chocolate Banana Nuts Grilled Sandwich,Fast Food,Veg,129.0
3103,Mango Choco Banana Sandwich,Fast Food,Veg,109.0
3104,Thai Tomato Soup,"North Indian,Arabian",Veg,90.0
3105,Mix Matka Biryani,"Chinese,Indian",Veg,740.0
3106,Methi Paratha,"North Indian,Chinese",Veg,120.0
3107,Medu Vada (1 Pc),"North Indian,Jain",Veg,38.0
3108,Cheese Murukku Sandwich,"Chinese,Indian",Veg,140.0
3109,Butter Mutton,"South Indian,Biryani",Non-Veg,380.0
3110,Capsicum Bharwa Subzi,"North Indian,Chinese",Veg,290.0
3111,2 Parotta With Chilli Egg Semi Gravy,"Biryani,North Indian",Non-Veg,189.0
3112,Green Pista Mocktail,Desserts,Veg,104.0
3113,Dahi Poori,"South Indian,North Indian",Veg,90.0
3114,Medhu Vadai (1 Pc),"South Indian,North Indian",Veg,43.0
3115,Mango Milkshake (350 Ml),"Beverages,Chinese",Veg,89.0
3116,Singapore Fried Rice  Large,"South Indian,North Indian",Veg,295.0
3117,Ginger Garlic Fried Rice Large,"South Indian,North Indian",Veg,305.0
3118,Continental Cheese Sandwich,"South Indian,North Indian",Veg,140.0
3119,Bread Butter Jam Cheese,Fast Food,Veg,79.0
3120,Docky Docky Mocktail,Desserts,Veg,104.0
3121,The New Box Special,"Chinese,Indian",Veg,460.0
3122,Choco-strawberry Cake Pastry [eggless],"Bakery,Desserts",Veg,59.32
3123,Stuffed Paratha Aloo,"South Indian,North Indian",Veg,148.0
3124,Chicken Reshmi Kabab,Indian,Non-Veg,340.0
3125,Chicken Kothu Parotta,Indian,Non-Veg,170.0
3126,Egg Keema Masala,Indian,Non-Veg,140.0
3127,Dosa(1)+Chapathi(2),"South Indian,North Indian",Veg,150.0
3128,Thalakkari Fry,"South Indian,Biryani",Non-Veg,150.0
3129,Thousand Island Vadakari Mayo Sandwich,Fast Food,Veg,119.0
3130,Vegetable Kadaai,"South Indian,North Indian",Veg,235.0
3131,Strawberry Milkshake (350 Ml),"Beverages,Chinese",Veg,94.0
3132,Vegetable Soup,"North Indian,Jain",Veg,84.0
3133,Butter Phulka(3) With Kaju Masala,"North Indian,Jain",Veg,190.0
3134,Thai Pathai Noodles,"Chinese,Indian",Veg,600.0
3135,Cashewnut Mint Pulao,"Chinese,Indian",Veg,360.0
3136,Chilli Potato,"North Indian,Chinese",Veg,220.0
3137,Crab Chettinad Special,Indian,Non-Veg,220.0
3138,Pita Mushroom Mayo Sandwich,Fast Food,Veg,135.0
3139,Maggi Mushroom Mayo Sandwich,Fast Food,Veg,109.0
3140,Rasamalai (1 Pc),"South Indian,North Indian",Veg,76.0
3141,Broccoli Soup,"Beverages,Chinese",Veg,140.0
3142,Mushroom Briyani,"South Indian,North Indian",Veg,210.0
3143,Vegetable Manchurian(Dry),"North Indian,Jain",Veg,240.0
3144,Pudhina(mint) Cheese Dosa,"North Indian,Jain",Veg,135.0
3145,Garlic Mushroom,"Chinese,Indian",Veg,400.0
3146,Fettucine Vegetable,"South Indian,North Indian",Veg,200.0
3147,Mugalaai Chicken,"South Indian,Biryani",Non-Veg,280.0
3148,Poori Kurma,"South Indian,North Indian",Veg,65.0
3149,Aloo Capsicum,"North Indian,Arabian",Veg,170.0
3150,Choco Strawberry Cake [eggless] [half Kg],"Bakery,Desserts",Veg,508.47
3151,Continental Supreme Sandwich,"South Indian,North Indian",Veg,160.0
3152,Gobi Dosa,Indian,Veg,140.0
3153,Buhari's Special Boneless Chicken Masala,"Biryani,North Indian",Non-Veg,295.0
3154,Dates Shake (350 Ml),"Beverages,Chinese",Veg,94.0
3155,Chat Patta Panneer Tikka - Large,"South Indian,North Indian",Veg,343.0
3156,Idiyappam [5 Pieces],"Biryani,North Indian",Veg,79.0
3157,Fried Chicken Grilled Sandwich,"Beverages,Chinese",Non-Veg,118.0
3158,Blue Curacao Mojito (350 Ml),"Beverages,Chinese",Veg,94.0
3159,American Choupsuey,"Chinese,Indian",Veg,500.0
3160,Nungu And Tender Coconut With Lime (500 Ml),"Beverages,Chinese",Veg,148.0
3161,Cheese Tawa Pulao,"Chinese,Indian",Veg,380.0
3162,Special Mix Veg Curry,"South Indian,North Indian",Veg,190.0
3163,Kadai Biryani,"North Indian,Arabian",Non-Veg,290.0
3164,Spicy Corn Shawarma Roll,"Beverages,Chinese",Veg,124.0
3165,Schezwan Veg Maggi,"Beverages,Chinese",Veg,84.0
3166,Sphaghetti Aglio-e-olio,"Chinese,Indian",Veg,420.0
3167,Chilly Mushroom Small,"South Indian,North Indian",Veg,260.0
3168,Chilli Baby Corn,Indian,Veg,170.0
3169,Kadai Paneer,"Chinese,Indian",Veg,440.0
3170,Tariwala Aloo,"North Indian,Chinese",Veg,220.0
3171,Butter Kulcha,"North Indian,Arabian",Veg,45.0
3172,Rasagulla (1 Pc),"South Indian,North Indian",Veg,60.0
3173,Cheese Capsicum Uttapam,"North Indian,Jain",Veg,150.0
3174,Sappota (chikoo) Fresh Fruit Milkshake,"South Indian,North Indian",Veg,175.0
3175,Aloo Tikka Subz,"North Indian,Arabian",Veg,170.0
3176,Cinnamon & Sugar Donuts,"Bakery,Desserts",Veg,42.37
3177,Grape Lime,"North Indian,Arabian",Veg,40.0
3178,Punjabi Koftha Small,"South Indian,North Indian",Veg,233.0
3179,Butter Garlic Bread,"Chinese,Indian",Veg,300.0
3180,Corn Sandwich,Desserts,Veg,95.0
3181,Mushroom Augratin,"South Indian,North Indian",Veg,210.0
3182,Chilli Baby Corn Pizza,"Chinese,Indian",Veg,640.0
3183,Pita Paneer Cheese Sandwich,Fast Food,Veg,135.0
3184,Choco Fudge Cake [eggless] [half Kg],"Bakery,Desserts",Veg,508.47
3185,Death By Chocolate,Desserts,Veg,181.0
3186,Chicken Kothukari Dhosai,"South Indian,Biryani",Non-Veg,240.0
3187,Jain Palak Paneer,"North Indian,Jain",Veg,240.0
3188,Fish Masala,"Biryani,North Indian",Non-Veg,329.0
3189,Black Forest Cake [half Kg],"Bakery,Desserts",Non-Veg,423.73
3190,Double Omelette Corn Mayo Sandwich,Fast Food,Non-Veg,145.0
3191,Thousand Island Corn Grilled Sandwich,Desserts,Veg,164.0
3192,Paratha Shawarma Roll,"Arabian,North Indian",Non-Veg,138.0
3193,Reshmi Murg Tikka,"Arabian,North Indian",Non-Veg,278.0
3194,Veg Meals,"South Indian,Biryani",Veg,140.0
3195,Prawns Biryani,"North Indian,Arabian",Non-Veg,300.0
3196,Mushroom Delight Bread Toast,"South Indian,North Indian",Veg,110.0
3197,Pista Kulfi Almonds,"Bakery,Desserts",Veg,241.52
3198,Cheesy Paneer Shawarma Plate,"Beverages,Chinese",Veg,148.0
3199,Malai Paneer Roll,"Chinese,Indian",Veg,260.0
3200,Chinese Choupsuey,"Chinese,Indian",Veg,500.0
3201,Cannoloni,"South Indian,North Indian",Veg,210.0
3202,Egg Manchurian,Indian,Non-Veg,130.0
3203,Panneer Tikka Roll,"Arabian,North Indian",Veg,128.0
3204,Idiyappam [3 Pcs] With Veg Khurma,"Beverages,Chinese",Veg,109.0
3205,Malai Tandoori Mushroom Tikka,"Chinese,Indian",Veg,420.0
3206,Dragon Gobi,"Chinese,Indian",Veg,420.0
3207,Buhari's Ranjini Egg Parotta,"Biryani,North Indian",Non-Veg,295.0
3208,Bhujia Sandwich Cheese Sandwich,Fast Food,Veg,95.0
3209,Mix Fruit Falooda,"Beverages,Chinese",Veg,144.0
3210,Paneer Tawa Pulao,"Chinese,Indian",Veg,380.0
3211,Mutton Liver With Egg,"South Indian,Biryani",Non-Veg,270.0
3212,Shangai Fried Rice Large,"South Indian,North Indian",Veg,305.0
3213,Bread Omelette Corn Mayo Sandwich,Fast Food,Non-Veg,129.0
3214,Jain Pizza,"North Indian,Jain",Veg,168.0
3215,Bread Omelette Cheese Sandwich,Fast Food,Non-Veg,85.0
3216,Double Omelette Mushroom Mayo Sandwich,Fast Food,Non-Veg,145.0
3217,Corn Burger,Desserts,Veg,149.0
3218,Chicken Hydrabath,"South Indian,Biryani",Non-Veg,280.0
3219,Chicken Tikka Sandwich,"Beverages,Chinese",Non-Veg,118.0
3220,Cutlet Channa,"Beverages,Chinese",Veg,89.0
3221,Tomatto Rice,"South Indian,Biryani",Veg,80.0
3222,Bbq Chicken [quarter],"Biryani,North Indian",Non-Veg,159.0
3223,Manchurian Paneer Gravy,"North Indian,Chinese",Veg,270.0
3224,Spicy Parotta Fish Shawarma Roll,"Beverages,Chinese",Non-Veg,147.0
3225,Chocolate Mousse Cake,Desserts,Veg,51.0
3226,Honey Butterscotch Cake [eggless] [1 Kg],"Bakery,Desserts",Veg,889.83
3227,Schezwan Mutton Noodles,"North Indian,Arabian",Non-Veg,275.0
3228,Mutton Keema Masala,"Biryani,North Indian",Non-Veg,295.0
3229,Chicken Garlic Soup,"Biryani,North Indian",Non-Veg,179.0
3230,Chilli Paneer Gravy,"North Indian,Arabian",Veg,195.0
3231,Vegetable Korma,"Biryani,North Indian",Veg,219.0
3232,Choco Almond Cake [1 Kg],"Bakery,Desserts",Non-Veg,805.05
3233,Mushroom 70,"Chinese,Indian",Veg,275.0
3234,Bread Omelette Chicken Cheese Sandwich,Fast Food,Non-Veg,139.0
3235,Gobi Tikka Masala,"South Indian,North Indian",Veg,150.0
3236,Mini Tiffin Combo,"South Indian,North Indian",Veg,151.0
3237,Tiramisu Jar - Eggless,"North Indian,Jain",Veg,120.0
3238,Jain Chilli Paneer,"North Indian,Jain",Veg,254.0
3239,Ghee Roast,"South Indian,North Indian",Veg,150.0
3240,Red Velvet White Forest Cake [1 Kg],"Bakery,Desserts",Non-Veg,932.2
3241,Brocolli Matka Biriyani,"Chinese,Indian",Veg,680.0
3242,Boti Fry,"South Indian,Biryani",Non-Veg,130.0
3243,Double Omelette Chicken Mayo Sandwich,Fast Food,Non-Veg,149.0
3244,Fruit Sandwich,"South Indian,North Indian",Veg,76.0
3245,Mango Alphonso Mocktail,Desserts,Veg,116.0
3246,Butter Naan (W) Palak Panneer,"South Indian,North Indian",Veg,155.0
3247,Chicken Kebab Burger,"North Indian,Arabian",Non-Veg,130.0
3248,Mutton Keema Naan,"North Indian,Arabian",Non-Veg,80.0
3249,Spinach & Cheese Pasta,"Chinese,Indian",Veg,440.0
3250,Masala Omelette 2,"Arabian,North Indian",Non-Veg,68.0
3251,Special Mutton Biryani,"North Indian,Arabian",Non-Veg,340.0
3252,Spinach Paneer Cheese Sandwich,Fast Food,Veg,109.0
3253,Cheesy Paneer Parotta Shawarma Roll,"Beverages,Chinese",Veg,124.0
3254,Spicy Roti Chukka,"Chinese,Indian",Veg,310.0
3255,Paneer Koftha Curry Masala Large,"South Indian,North Indian",Veg,333.0
3256,Continental Guest Spl Cheese Toast,"South Indian,North Indian",Veg,160.0
3257,Andhra Pesarat (sat),"South Indian,North Indian",Veg,152.0
3258,Mix Veg Chettinad,"Chinese,Indian",Veg,420.0
3259,Rasa Vada (2 Pieces),"South Indian,North Indian",Veg,66.0
3260,Curd Vada (1 Pcs),"North Indian,Jain",Veg,60.0
3261,Kerala Coconut Chicken  Dry,"North Indian,Arabian",Non-Veg,300.0
3262,Kadai Mutton,Indian,Non-Veg,300.0
3263,Rotti Shattin (fish),"South Indian,Biryani",Non-Veg,160.0
3264,Prawns Fry,"North Indian,Arabian",Non-Veg,300.0
3265,Pinata Round Cake [red],"Bakery,Desserts",Veg,1016.95
3266,Idly,Indian,Veg,15.0
3267,Mint Parotta Fish Shawarma Roll,"Beverages,Chinese",Non-Veg,147.0
3268,Chicken Tikka Burger,"North Indian,Arabian",Non-Veg,130.0
3269,Garlic Onion Dosa,"North Indian,Jain",Veg,114.0
3270,Mixed Chocolate Banana Sandwich,Fast Food,Veg,109.0
3271,Afkhan Mutton,"South Indian,Biryani",Non-Veg,380.0
3272,Schezwan Veg Noodles,"North Indian,Arabian",Veg,195.0
3273,Royal Blueberry Cake [eggless] [half Kg],"Bakery,Desserts",Veg,508.47
3274,Angara Veg,"North Indian,Chinese",Veg,260.0
3275,Desi Veggie Platter,"North Indian,Chinese",Veg,520.0
3276,Paneer Matka Biriyani,"Chinese,Indian",Veg,680.0
3277,Cheesy Corn Shawarma Plate,"Beverages,Chinese",Veg,148.0
3278,Bread Omelette Noodles Mayo Sandwich,Fast Food,Non-Veg,129.0
3279,Mutton Masala,Indian,Non-Veg,260.0
3280,Masala Naan,"Chinese,Indian",Veg,100.0
3281,Banana Leaf Parota,"South Indian,Biryani",Non-Veg,150.0
3282,Tangdi Kebab Leg (2 Pcs),"North Indian,Arabian",Non-Veg,235.0
3283,Dum Aloo Punjabi  Large,"South Indian,North Indian",Veg,258.0
3284,Phulka (2 Pcs)+ Green Pea's Masala (250 Ml),"Biryani,North Indian",Veg,169.0
3285,Pan Fried Momo Schezwanstyle,"Chinese,Indian",Veg,360.0
3286,Jain Paneer Tikka Masala,"North Indian,Jain",Veg,264.0
3287,Malai Methi Mutter,"South Indian,North Indian",Veg,190.0
3288,Panneer Briyani,"South Indian,North Indian",Veg,210.0
3289,Mushroom Fried Rice  Large,"South Indian,North Indian",Veg,305.0
3290,Strawberry Cake [half Kg],"Bakery,Desserts",Non-Veg,402.54
3291,Double Cheese Murukku Sandwich,"Chinese,Indian",Veg,180.0
3292,Vanilla Cup Cake,"Bakery,Desserts",Veg,63.56
3293,Jeera Pulao,"North Indian,Arabian",Veg,185.0
3294,North Indian Thali (limited),"South Indian,North Indian",Veg,375.0
3295,Paneer Hariyali Tikka,"Biryani,North Indian",Veg,269.0
3296,Chicken Haryali Momos (5 Pcs),"Beverages,Chinese",Non-Veg,144.0
3297,2 Kulcha With Kadai Chicken [250 Ml],"Biryani,North Indian",Non-Veg,209.0
3298,Babka Bread Loaf - Strawberry,"Bakery,Desserts",Veg,100.0
3299,Shezwan Fish,Indian,Non-Veg,280.0
3300,Cassata Pastry,Desserts,Veg,70.0
3301,Nutella Butterscotch,Desserts,Veg,155.0
3302,Tandoori Roti With Egg Pepper Masala [250 Ml],"Biryani,North Indian",Non-Veg,249.0
3303,Peri Peri Chicken Shawarma Roll,"Beverages,Chinese",Non-Veg,124.0
3304,Mix Veg Momos (5 Pcs),"Beverages,Chinese",Veg,144.0
3305,Mix Paratha,"Chinese,Indian",Veg,140.0
3306,Cheesy Tandoori Handi Momo,"Chinese,Indian",Veg,600.0
3307,Tutty Fruity Icecream,"South Indian,North Indian",Veg,115.0
3308,Ghee Masala Dosai,"South Indian,North Indian",Veg,160.0
3309,Mutton Mughal Dum Biryani,"Biryani,North Indian",Non-Veg,380.0
3310,Chandni Paneer Tikka,"North Indian,Chinese",Veg,300.0
3311,Royal Falooda [400 Ml],Desserts,Veg,229.0
3312,Paneer Butter Masala Small,"South Indian,North Indian",Veg,220.0
3313,Apple Milkshake (350 Ml),"Beverages,Chinese",Veg,94.0
3314,Schezwan Fish Noodles,"North Indian,Arabian",Non-Veg,275.0
3315,Musroom Schezwan Rice,"South Indian,Biryani",Veg,180.0
3316,Panneer Pulav,"South Indian,North Indian",Veg,210.0
3317,Choco Hazelnut Cake [eggless] [half Kg],"Bakery,Desserts",Veg,550.85
3318,Cheese Dahi Puri,"Chinese,Indian",Veg,180.0
3319,Chilli Cheese Garlic Naan,"North Indian,Chinese",Veg,150.0
3320,Finger Paneer,"Chinese,Indian",Veg,520.0
3321,Mango Delight Ice Cream,Desserts,Veg,155.0
3322,Sheela Fish Podimass (2 Eggs),"South Indian,Biryani",Non-Veg,180.0
3323,Kaadai 65,"South Indian,Biryani",Non-Veg,170.0
3324,Corn Augratin,"South Indian,North Indian",Veg,210.0
3325,Lays Cheese Sandwich,Fast Food,Veg,94.0
3326,Fish Biryani ( 4pc),"North Indian,Arabian",Non-Veg,315.0
3327,Forest Raspberry With Mango Cake [1 Kg],"Bakery,Desserts",Non-Veg,889.83
3328,Double Omelette Mayo Sandwich,Fast Food,Non-Veg,95.0
3329,Paneer Fried Rice  Small,"South Indian,North Indian",Veg,210.0
3330,Mutton Kothu,"South Indian,Biryani",Non-Veg,250.0
3331,Spicy Veg Bread Toast,"South Indian,North Indian",Veg,110.0
3332,Kootu,"South Indian,Biryani",Veg,45.0
3333,Mutton Dum Biryani With Pepper Barbecue Chicken [half] Combo [serves 2],"Biryani,North Indian",Non-Veg,540.0
3334,Ginger Prawns,"Biryani,North Indian",Non-Veg,349.0
3335,Shezwan Egg Fried Rice,Indian,Non-Veg,150.0
3336,Mix Veg Masala,Indian,Veg,200.0
3337,Panner Pasanda Large,"South Indian,North Indian",Veg,286.0
3338,Prawn Bun Parotta,"South Indian,Biryani",Non-Veg,180.0
3339,Nattu Kozi Kuzahmbu Special,Indian,Non-Veg,300.0
3340,Chikoo Icecream,"South Indian,North Indian",Veg,115.0
3341,Handi Cheesy Paneer Tikka,"Chinese,Indian",Veg,680.0
3342,Jain Pudina Dosa,"North Indian,Jain",Veg,114.0
3343,Roti Ki Tokri,"North Indian,Chinese",Veg,385.0
3344,Sandwich Bread,"Bakery,Desserts",Veg,65.0
3345,Choco Almond Pastry,"Bakery,Desserts",Non-Veg,50.85
3346,Shezwan Egg Noodles,Indian,Non-Veg,150.0
3347,Belgian Chocolate Mocktail,Desserts,Veg,104.0
3348,Paneer Keema With Cheese Roll,"Chinese,Indian",Veg,300.0
3349,Chicken Peri Peri Momos (5 Pcs),"Beverages,Chinese",Non-Veg,144.0
3350,Keema Paneer,"South Indian,North Indian",Veg,135.0
3351,Butter Cheese Dosa,"North Indian,Jain",Veg,138.0
3352,Paneer Pakoda,"North Indian,Chinese",Veg,270.0
3353,Jaipuri Subzi,"North Indian,Chinese",Veg,230.0
3354,Coninental Fried Noodles,"Chinese,Indian",Veg,580.0
3355,Prawns Chettinad,"North Indian,Arabian",Non-Veg,300.0
3356,Double Omelette Noodles Cheese Sandwich,Fast Food,Non-Veg,145.0
3357,Schezwan Baby Corn Noodles,"Chinese,Indian",Veg,440.0
3358,Bread Butter Cheese,Fast Food,Veg,89.0
3359,Black Currant Pastry,"Bakery,Desserts",Non-Veg,50.85
3360,Chicken 82,"Biryani,North Indian",Non-Veg,309.0
3361,Choco Nut Sundae,Desserts,Veg,181.0
3362,Double Omelette Pasta Mayo Sandwich,Fast Food,Non-Veg,145.0
3363,Veg Fried Crispy Noodles,"South Indian,North Indian",Veg,160.0
3364,Dhal Fry ( Yellow Dhal )  Large,"South Indian,North Indian",Veg,190.0
3365,Garlic Naan (1 No) + Plain Roti (1 No) Chilli Paneer Gravy,"North Indian,Jain",Veg,299.0
3366,Aloo Masala Toast,"Chinese,Indian",Veg,120.0
3367,Cashewnut Rava Dosa,"South Indian,North Indian",Veg,145.0
3368,Veechu Parotta (2 Pcs),"South Indian,Biryani",Veg,90.0
3369,Silon Parotta(2pcs),"South Indian,Biryani",Non-Veg,70.0
3370,Corn Cheese Sandwich,Fast Food,Veg,95.0
3371,Schezwan Brocolli Fried Rice,"Chinese,Indian",Veg,460.0
3372,Double Omelette Cheese Sandwich,Fast Food,Non-Veg,95.0
3373,Hopscotch Butterscotch Mocktail,Desserts,Veg,129.0
3374,Veg Tawa Pulao,"Chinese,Indian",Veg,360.0
3375,Vanjiram 65 Biriyani,"South Indian,Biryani",Non-Veg,299.0
3376,Schezwan Fried Rice  Small,"South Indian,North Indian",Veg,200.0
3377,Khakhra Mushroom Cheese Sandwich,Fast Food,Veg,125.0
3378,Fruit Custard,"Chinese,Indian",Veg,220.0
3379,Pesto Pizza,"Chinese,Indian",Veg,660.0
3380,Gobi Pulao,"South Indian,North Indian",Veg,179.0
3381,Mango Cake [1 Kg],"Bakery,Desserts",Non-Veg,677.97
3382,Chicken Kulambu,"South Indian,Biryani",Non-Veg,200.0
3383,Veg Bread Toast,"South Indian,North Indian",Veg,90.0
3384,Roti (W) Dhall Fry,"South Indian,North Indian",Veg,140.0
3385,Boiled Egg Corn Mayo Sandwich,Fast Food,Non-Veg,125.0
3386,Shangai Fried Rice Small,"South Indian,North Indian",Veg,200.0
3387,Butter Scotch Falooda Mini,"South Indian,North Indian",Veg,205.0
3388,Cheese Parotta Chicken Shawarma Roll,"Beverages,Chinese",Non-Veg,129.0
3389,Double Omelette Vadakari Cheese Sandwich,Fast Food,Non-Veg,145.0
3390,Apple Butterscotch Cake [eggless] [1 Kg],"Bakery,Desserts",Veg,847.46
3391,Banjara Veg,"North Indian,Chinese",Veg,260.0
3392,White Forest Cake [1 Kg],"Bakery,Desserts",Non-Veg,805.08
3393,Jeera Mattar Rice + Paneer Makhani,"Chinese,Indian",Veg,420.0
3394,Blue Lime Soda,Desserts,Veg,104.0
3395,Schezwan Plain Bread Omelet,"Beverages,Chinese",Veg,79.0
3396,Bread Omelette Paneer Mayo Sandwich,Fast Food,Non-Veg,129.0
3397,Mutton Liver (8 Pcs),"South Indian,Biryani",Non-Veg,250.0
3398,Paneer Pulao Large,"South Indian,North Indian",Veg,300.0
3399,Aloo Chaat,"Beverages,Chinese",Veg,84.0
3400,Tandoori Aloo,"North Indian,Chinese",Veg,220.0
3401,Mushroom Cheese Sandwich,Fast Food,Veg,105.0
3402,Mushroom Briyani Large,"South Indian,North Indian",Veg,305.0
3403,Chana Cheese Sandwich,Fast Food,Veg,85.0
3404,Garlick Chicken,"South Indian,Biryani",Non-Veg,200.0
3405,Haryali Tandoori Chicken,"Arabian,North Indian",Non-Veg,168.0
3406,Quick Madras Meals,"South Indian,North Indian",Veg,69.0
3407,Apple Milkshake (1 Litre),"Beverages,Chinese",Veg,229.0
3408,Spinach Mushroom Mayo Sandwich,Fast Food,Veg,109.0
3409,Veg Fried Rice Jumbo Family Pack,"North Indian,Jain",Veg,449.0
3410,Mutton Boti Meals Combo,"South Indian,Biryani",Non-Veg,220.0
3411,Veg Masala,"North Indian,Arabian",Veg,170.0
3412,Paneer Fry,"South Indian,North Indian",Veg,155.0
3413,Belgian Chocolatee Jar - Eggless,"North Indian,Jain",Veg,125.0
3414,Chilly Corn Cheese Large,"South Indian,North Indian",Veg,350.0
3415,Parotta 2 Pieces + Chicken Chettinadu (250 Ml),"Biryani,North Indian",Non-Veg,215.0
3416,Mutton Brain Podimass,"South Indian,Biryani",Non-Veg,180.0
3417,Dosai,"South Indian,Biryani",Veg,80.0
3418,Egg Veechu Parotta (2 Pcs),"South Indian,Biryani",Non-Veg,110.0
3419,Mixed Veg Curry,"South Indian,North Indian",Veg,135.0
3420,Choco Irish Cake [1 Kg],"Bakery,Desserts",Non-Veg,805.08
3421,Paneer Kurkure Large,"South Indian,North Indian",Veg,260.0
3422,Spicy Corn Toast / Corn On Toast,"South Indian,North Indian",Veg,180.0
3423,Rose Milkshake (500 Ml),"Beverages,Chinese",Veg,129.0
3424,"Panneer Masala Dosai (mon, Thur)","South Indian,North Indian",Veg,152.0
3425,Bhujia Puff,"Chinese,Indian",Veg,80.0
3426,Kothu Parrota (1 Set),"South Indian,Biryani",Veg,100.0
3427,Mutton Laappa,"South Indian,Biryani",Non-Veg,220.0
3428,Veg Samosa (1 Pc),"South Indian,North Indian",Veg,38.0
3429,Cheese Nachos,"Chinese,Indian",Veg,340.0
3430,Choco Almond Pastry [eggless],"Bakery,Desserts",Veg,59.32
3431,Red Velvet Cookies [250 Gms],"Bakery,Desserts",Veg,80.51
3432,Chicken Kaima Egg Dhosai,"South Indian,Biryani",Non-Veg,190.0
3433,Veg Malai Kofta Curry Small,"South Indian,North Indian",Veg,225.0
3434,Boiled Egg Paneer Cheese Sandwich,Fast Food,Non-Veg,135.0
3435,Maggi Paneer Cheese Sandwich,Fast Food,Veg,109.0
3436,Sezwan Noodles,"South Indian,North Indian",Veg,210.0
3437,Veg Cutlet (2 Pcs),"Beverages,Chinese",Veg,54.0
3438,Mushroom & Sour Veg Soup,"South Indian,North Indian",Veg,90.0
3439,Chilly Paneer Dry Small,"South Indian,North Indian",Veg,260.0
3440,Paneer Khurchan,"North Indian,Chinese",Veg,260.0
3441,Badam Milkshake (500 Ml),"Beverages,Chinese",Veg,129.0
3442,Chilli Gobi Manchurian Gravy,"South Indian,North Indian",Veg,165.0
3443,Mutton Kothukari Podimass,"South Indian,Biryani",Non-Veg,280.0
3444,Victuals Fried Veg Lollypop-2 Pcs,"Beverages,Chinese",Veg,59.0
3445,Shezwan Mixed Non Veg Noodles,Indian,Non-Veg,250.0
3446,Cheese Toast,"South Indian,North Indian",Veg,95.0
3447,Honey Chilli Paneer,"North Indian,Chinese",Veg,250.0
3448,Achaari Paneer Tikka - Large,"South Indian,North Indian",Veg,348.0
3449,Murg Badami Kabab,"Biryani,North Indian",Non-Veg,329.0
3450,Pan Fried Noodles With Gravy,"Chinese,Indian",Veg,560.0
3451,Cream Of Pesto Pasta,"Chinese,Indian",Veg,460.0
3452,Chilli Chicken Fry,"South Indian,Biryani",Non-Veg,190.0
3453,Egg Biriyani,"South Indian,Biryani",Non-Veg,150.0
3454,Paan Gulkand Almonds,"Bakery,Desserts",Veg,241.52
3455,Ginger Chicken ( Semi Gravy ),"Arabian,North Indian",Non-Veg,268.0
3456,Mushroom Chukka Fry Large,"South Indian,North Indian",Veg,325.0
3457,Dutch Truffle Cake [half Kg],"Bakery,Desserts",Non-Veg,466.1
3458,Focaccia Mushroom Cheese Sandwich,Fast Food,Veg,165.0
3459,Gudbud + Special Dry Fruit Ice Cream Sundae,Desserts,Veg,325.0
3460,Pasta Mayo Sandwich,Fast Food,Veg,95.0
3461,Guest Special Thali,"South Indian,North Indian",Veg,211.0
3462,Chilli Crab,Indian,Non-Veg,210.0
3463,Gobi Mushroom Fry,"South Indian,North Indian",Veg,220.0
3464,Choco Hazelnut Pastry [eggless],"Bakery,Desserts",Veg,59.32
3465,Cheese Veg Sandwich,"North Indian,Jain",Veg,114.0
3466,Wheat (Godhumai) Parotta 2 pcs,"South Indian,Biryani",Veg,100.0
3467,Maggi Mayo Sandwich,Fast Food,Veg,94.0
3468,Veg Makhni Momos (5 Pcs),"Beverages,Chinese",Veg,144.0
3469,Boondhi Raitha,"South Indian,North Indian",Veg,110.0
3470,Rum-n-raisin Cake [250g],"Bakery,Desserts",Veg,250.0
3471,Chilli Prawn,Indian,Non-Veg,240.0
3472,Spicy Corn Shawarma Plate,"Beverages,Chinese",Veg,148.0
3473,Maggie Vada,"Chinese,Indian",Veg,240.0
3474,Fruit Lassi,Desserts,Veg,90.0
3475,Khakhra Chicken Cheese Sandwich,Fast Food,Non-Veg,119.0
3476,Strawberry Smoothie,Desserts,Veg,129.0
3477,Coconut Cookies [250 Gms],"Bakery,Desserts",Veg,80.51
3478,Chana Cheese Tandoori Sandwich,Fast Food,Veg,100.0
3479,Paneer Croissant,"Bakery,Desserts",Veg,38.14
3480,Boiled Egg Chicken Tandoori Cheese Sandwich,Fast Food,Non-Veg,159.0
3481,Aloo Matar,"Biryani,North Indian",Veg,245.0
3482,Chilli Paneer Sandwich,"Chinese,Indian",Veg,220.0
3483,Mushroom Chukka,"Chinese,Indian",Veg,420.0
3484,Venpongal,"South Indian,Biryani",Veg,80.0
3485,Chilly Garlic Fried Rice Large,"South Indian,North Indian",Veg,305.0
3486,Veg Lung Fung Soup,"Arabian,North Indian",Veg,128.0
3487,Bombay Sandwich,"Chinese,Indian",Veg,160.0
3488,Garlic Babycorn,"Chinese,Indian",Veg,420.0
3489,Choco Croissant,"Bakery,Desserts",Veg,50.85
3490,Chicken Corn Tandoori Mayo Sandwich,Fast Food,Non-Veg,149.0
3491,Roti (W) Palak Panneer,"South Indian,North Indian",Veg,140.0
3492,Dhall Butter Fry,"South Indian,North Indian",Veg,165.0
3493,Panner Tikka Momos (5 Pcs),"Beverages,Chinese",Veg,144.0
3494,Chicken Kothu,"South Indian,Biryani",Non-Veg,210.0
3495,Egg Biryani With Chicken 65,"Biryani,North Indian",Non-Veg,259.0
3496,Jamali Chicken,"Biryani,North Indian",Non-Veg,309.0
3497,Chicken Subz (Spicy),"North Indian,Arabian",Non-Veg,105.0
3498,Veg Medly Pizza,"Chinese,Indian",Veg,660.0
3499,Chicken Meals Combo,"South Indian,Biryani",Non-Veg,190.0
3500,Panneer Tikka,"Arabian,North Indian",Veg,248.0
3501,Bhindi Fry Large,"South Indian,North Indian",Veg,257.0
3502,Gobi 65 Small,"South Indian,North Indian",Veg,171.0
3503,Paneer Tandoori Cheese Sandwich,Fast Food,Veg,125.0
3504,Pomfret Tawa Fry,Indian,Non-Veg,420.0
3505,Toast Butter,"North Indian,Jain",Veg,66.0
3506,Garlic Kulcha,"South Indian,North Indian",Veg,75.0
3507,Kala Khatta,"North Indian,Chinese",Veg,100.0
3508,Boiled Egg Chicken Thousand Island Cheese Sandwich,Fast Food,Non-Veg,169.0
3509,4 Pastry Combo,Desserts,Veg,234.0
3510,Aloo Palak Small,"South Indian,North Indian",Veg,190.0
3511,Mexican Fish Shawarma Plate,"Beverages,Chinese",Non-Veg,179.0
3512,Paper Roast Dosa,"South Indian,North Indian",Veg,200.0
3513,Mutton Keema,"North Indian,Arabian",Non-Veg,340.0
3514,Victuals Fried Chicken-5 Pcs,"Beverages,Chinese",Non-Veg,499.0
3515,Prawn Kothukari Dhosai,"South Indian,Biryani",Non-Veg,260.0
3516,Chicken Gravy,"South Indian,Biryani",Non-Veg,200.0
3517,Red Charcoal Chicken,"Arabian,North Indian",Non-Veg,188.0
3518,Victuals Fried Chicken Wings-1 Pcs,"Beverages,Chinese",Non-Veg,84.0
3519,Corn Lays Cheese Sandwich,Fast Food,Veg,109.0
3520,Chicken Kothukari Omelette,"South Indian,Biryani",Non-Veg,170.0
3521,Musroom Munchurian,"South Indian,Biryani",Veg,180.0
3522,Paneer Burger,Desserts,Veg,149.0
3523,Aloo Samosa (2 Pcs),"Beverages,Chinese",Veg,44.0
3524,Meet Cheese Tikki (mutton),"Biryani,North Indian",Non-Veg,329.0
3525,Desi Spl Falooda (large),"South Indian,North Indian",Veg,330.0
3526,Chicken Mughlai Biryani,"North Indian,Arabian",Non-Veg,275.0
3527,Crab Lollipop,Indian,Non-Veg,230.0
3528,Cream Of Spinach Soup,"Biryani,North Indian",Veg,159.0
3529,Ragi Dosai,"South Indian,North Indian",Veg,80.0
3530,Dragon Roll Large,"South Indian,North Indian",Veg,270.0
3531,Chicken Dum Biriyani,Indian,Non-Veg,200.0
3532,Pizza Sandwich Mayo Sandwich,Fast Food,Veg,104.0
3533,Kaju Paneer Masala Large,"South Indian,North Indian",Veg,395.0
3534,Garlic Mutton,"Biryani,North Indian",Non-Veg,349.0
3535,Mutton Schezwan Noodles,"Biryani,North Indian",Non-Veg,289.0
3536,Bhindi Chenna Small,"South Indian,North Indian",Veg,190.0
3537,Barbeque Chicken Biryani Combo,"Biryani,North Indian",Non-Veg,299.0
3538,Chilli Vegetable,"South Indian,North Indian",Veg,155.0
3539,Oreo Almonds,"Bakery,Desserts",Veg,241.52
3540,Andhra Spicy Mutton,Indian,Non-Veg,300.0
3541,Plain Tandoori Roti,"Chinese,Indian",Veg,60.0
3542,Maggi Paneer Mayo Sandwich,Fast Food,Veg,109.0
3543,Hong Kong Baby Corn,"North Indian,Chinese",Veg,240.0
3544,Murg Shahi Masala,"Arabian,North Indian",Non-Veg,268.0
3545,Chettinad Chicken,"North Indian,Arabian",Non-Veg,260.0
3546,Fresh Fruits Falooda,"Biryani,North Indian",Veg,210.0
3547,Ghee Onion Dosa,"South Indian,Biryani",Veg,110.0
3548,Chapathi with Side Dish,"South Indian,North Indian",Veg,90.0
3549,Egg Podimas,Indian,Non-Veg,110.0
3550,Onion Rava Masala Dosai,"South Indian,North Indian",Veg,143.0
3551,Moroccan Mint Lime Juice,Desserts,Veg,77.0
3552,Blackcurrant Lassi,Desserts,Veg,104.0
3553,Parotta (2) Egg Kurma (250 Ml),"Biryani,North Indian",Non-Veg,189.0
3554,Thai Hong Kong Noodles,"Chinese,Indian",Veg,600.0
3555,Bread Omelette Lays Cheese Sandwich,Fast Food,Non-Veg,129.0
3556,Tandoori Chicken Half,"Biryani,North Indian",Non-Veg,269.0
3557,Jain Bhindi Fry,"North Indian,Jain",Veg,234.0
3558,Tangdi Kebab [3 Pieces],"Biryani,North Indian",Non-Veg,299.0
3559,Schezwan Paneer Fried Rice,"Chinese,Indian",Veg,480.0
3560,2 Kulcha With Aloo Gobi Masala [250 Ml],"Biryani,North Indian",Veg,169.0
3561,Chapathi Kurma,"South Indian,North Indian",Veg,65.0
3562,Parotta 2 Pieces + Chicken Masala (250 Ml),"Biryani,North Indian",Non-Veg,215.0
3563,Aloo Gobi Masala Small,"South Indian,North Indian",Veg,190.0
3564,Liver Pepper Masala,"Biryani,North Indian",Non-Veg,219.0
3565,Schezwan Chilli Pizza,"Chinese,Indian",Veg,620.0
3566,Paneer Noodles Large,"South Indian,North Indian",Veg,315.0
3567,Mash Potato With Cheese Roll,"Chinese,Indian",Veg,300.0
3568,Egg Dum Biryani,"Biryani,North Indian",Non-Veg,229.0
3569,Double Omelette Mushroom Cheese Sandwich,Fast Food,Non-Veg,145.0
3570,Veg Cheese Grilled Sandwich,Fast Food,Veg,85.0
3571,Paneer Tikka - Small,"South Indian,North Indian",Veg,240.0
3572,Paneer Dhaniya Adraki,"North Indian,Chinese",Veg,260.0
3573,Boti Fry With Egg,"South Indian,Biryani",Non-Veg,150.0
3574,Panneer Kofta,"South Indian,North Indian",Veg,190.0
3575,Cranberry Dry Fruit Shake,Desserts,Veg,142.0
3576,Peri Peri Fish Shawarma Plate,"Beverages,Chinese",Non-Veg,179.0
3577,Blueberry White Chocolate Cake [half Kg],"Bakery,Desserts",Non-Veg,550.85
3578,Achari Brocolli Tikka,"Chinese,Indian",Veg,420.0
3579,3 Cheese Pasta,"Chinese,Indian",Veg,480.0
3580,White Chocolate Banana Sandwich,Fast Food,Veg,109.0
3581,Butter Phulka(3) With Mix Veg Curry Combo,"North Indian,Jain",Veg,165.0
3582,Cheese Chicken Shawarma Plate,"Beverages,Chinese",Non-Veg,148.0
3583,Mutton Soup,"North Indian,Arabian",Non-Veg,130.0
3584,2 Phulka,"Biryani,North Indian",Veg,43.0
3585,Egg Rice,"South Indian,Biryani",Non-Veg,120.0
3586,Chinese Combo 2 (Schezwan Fried Rice + Paneer Manchurian),"North Indian,Jain",Veg,399.0
3587,Chilli Prawns,"Biryani,North Indian",Non-Veg,349.0
3588,Campbell Mutton,"Biryani,North Indian",Non-Veg,315.0
3589,Gobi Matka Biriyani,"Chinese,Indian",Veg,680.0
3590,Chesse Kukkure,"South Indian,North Indian",Veg,325.0
3591,Club Sandwich Mayo Sandwich,Fast Food,Veg,109.0
3592,Schezwan Garlic Bread,"Chinese,Indian",Veg,340.0
3593,Green Pista Shake,Desserts,Veg,116.0
3594,Veg Schezwan Fried Rice,"Biryani,North Indian",Veg,225.0
3595,Bubblegum Mojito (350 Ml),"Beverages,Chinese",Veg,98.0
3596,Indo-german Forest Pastry,"Bakery,Desserts",Non-Veg,50.85
3597,Pasta Mushroom Cheese Sandwich,Fast Food,Veg,115.0
3598,Mutton Dum Biriyani,Indian,Non-Veg,280.0
3599,Chicken Roast,"South Indian,Biryani",Non-Veg,280.0
3600,Masala Maggi,"North Indian,Arabian",Veg,80.0
3601,Dhall Palak,"South Indian,North Indian",Veg,165.0
3602,Chicken Club Sandwich,Indian,Non-Veg,210.0
3603,Choco Strawberry Cake [1 Kg],"Bakery,Desserts",Non-Veg,805.08
3604,Fish Chettinad,"North Indian,Arabian",Non-Veg,300.0
3605,Spl Dry Fruit Mastani Falooda Regular,"South Indian,North Indian",Veg,320.0
3606,Jain Gobi (cauliflower) Masala,"North Indian,Jain",Veg,234.0
3607,Special Masala Dosa,"South Indian,North Indian",Veg,79.0
3608,Mushroom Bell - Pepper,"Chinese,Indian",Veg,460.0
3609,Mushroom Kaju Curry,"Chinese,Indian",Veg,440.0
3610,Paneer Roll ( 6 Nos ),"South Indian,North Indian",Veg,180.0
3611,Bbq Pepper Chicken,"Arabian,North Indian",Non-Veg,188.0
3612,Mint Mojito (350 Ml),"Beverages,Chinese",Veg,94.0
3613,Mix Veg Curry Large,"South Indian,North Indian",Veg,343.0
3614,Rotti Prawn,"South Indian,Biryani",Non-Veg,180.0
3615,Pallipalaiyam Chicken,"South Indian,Biryani",Non-Veg,200.0
3616,Black Currant Falooda,"Beverages,Chinese",Veg,139.0
3617,Quick Lunch Combo,"North Indian,Jain",Veg,132.0
3618,ALOO BHARWAN,"North Indian,Chinese",Veg,240.0
3619,Chicken Liver Fry With Egg,"South Indian,Biryani",Non-Veg,100.0
3620,Pizza Sandwich Cheese Sandwich,Fast Food,Veg,104.0
3621,Schezwan Veg Mixed Noodles,"North Indian,Arabian",Veg,250.0
3622,Lakshmi Special Chicken Dry,Indian,Non-Veg,280.0
3623,Idiyappam [3 Pieces] With Chicken Curry,"Beverages,Chinese",Non-Veg,139.0
3624,Barbeque Paneer Pizza[8 Inch],"Chinese,Indian",Veg,420.0
3625,Veg Spicy Noodles Soup,"Biryani,North Indian",Veg,159.0
3626,Spl Mix Veg Curry Masala Small,"South Indian,North Indian",Veg,233.0
3627,Idiyappam With Egg Masala,"Biryani,North Indian",Non-Veg,110.0
3628,Jumbo Arabian Falooda [750 Ml],Desserts,Veg,325.0
3629,Arabian Falooda [400 Ml],Desserts,Veg,229.0
3630,Palak Paneer Small,"South Indian,North Indian",Veg,220.0
3631,Rose Tres Leches Jar - Eggless,"North Indian,Jain",Veg,115.0
3632,Jeera Rice Small,"South Indian,North Indian",Veg,205.0
3633,Grape Fresh Fruit Milkshake,"South Indian,North Indian",Veg,175.0
3634,Mix Veg Soup,"Biryani,North Indian",Veg,159.0
3635,Panneer Manchurian Gravy,"South Indian,North Indian",Veg,220.0
3636,Red Velvet Cheese Cream Cake [1 Kg],"Bakery,Desserts",Non-Veg,932.2
3637,Chocolate Icecream,"South Indian,North Indian",Veg,115.0
3638,Choco Hazelnut Thick Shake,Desserts,Veg,229.0
3639,Vegetable Curry Dosa,"North Indian,Jain",Veg,135.0
3640,Pineapple Cake [eggless] [1 Kg],"Bakery,Desserts",Veg,762.71
3641,Avocado Shake,Desserts,Veg,145.0
3642,Choco Almond Cake [eggless] [1 Kg],"Bakery,Desserts",Veg,889.83
3643,Gobi Paratha,"Chinese,Indian",Veg,120.0
3644,Fish Fry Rice,"South Indian,Biryani",Non-Veg,260.0
3645,Green Peas Pulao,"Biryani,North Indian",Veg,225.0
3646,Bread Omelette Boiled Egg Mayo Sandwich,Fast Food,Non-Veg,129.0
3647,Mini Idli (12 Pcs),"North Indian,Jain",Veg,114.0
3648,Drumstick Chicken,"South Indian,Biryani",Non-Veg,280.0
3649,Schezwan Hakka Noodles,"North Indian,Chinese",Veg,240.0
3650,Chicken Cheese Sandwich,Fast Food,Non-Veg,119.0
3651,Mini Tiffins Parcel,"North Indian,Jain",Veg,140.0
3652,Kaju Corn Pulao,"Chinese,Indian",Veg,360.0
3653,Idly (2 Pcs),"South Indian,Biryani",Veg,50.0
3654,Chapati Shawarma Roll,"Arabian,North Indian",Non-Veg,128.0
3655,Veg Gobi Noodles,"Chinese,Indian",Veg,420.0
3656,Lehsuni Kebab,"Biryani,North Indian",Non-Veg,305.0
3657,Jain Pav Bhaji,"North Indian,Jain",Veg,144.0
3658,Blueberry Litchi Thick Shake,Desserts,Veg,169.0
3659,Chilli Garlic Potato Poppers (8 Pcs),"Beverages,Chinese",Veg,69.0
3660,Peri Peri Veg Maggi,"Beverages,Chinese",Veg,74.0
3661,Kaadai Kothukari Dhosai,"South Indian,Biryani",Non-Veg,240.0
3662,Chilly Gobi Dry Large,"South Indian,North Indian",Veg,333.0
3663,Tomato Egg Traps,Indian,Non-Veg,110.0
3664,Mango Mojito (350 Ml),"Beverages,Chinese",Veg,94.0
3665,Podi Onion Utthappam,"South Indian,North Indian",Veg,111.0
3666,Paneer 65 Small,"South Indian,North Indian",Veg,250.0
3667,Veg Biriyani,Indian,Veg,140.0
3668,Pesto Sandwich,"Chinese,Indian",Veg,200.0
3669,Thai Red Curry Noodles,"Chinese,Indian",Veg,700.0
3670,Kadai Baby Corn,"Chinese,Indian",Veg,420.0
3671,Panneer Tikka Masala,"South Indian,North Indian",Veg,190.0
3672,Chicken Glazed,"Biryani,North Indian",Non-Veg,329.0
3673,Chapati,"Biryani,North Indian",Veg,48.0
3674,Pita Corn Mayo Sandwich,Fast Food,Veg,135.0
3675,Chicken Schezwan Rice,"South Indian,Biryani",Non-Veg,190.0
3676,Veg Club Grilled Sandwich,"Chinese,Indian",Veg,240.0
3677,Mushroom Chettinadu Gravy,"South Indian,Biryani",Veg,180.0
3678,Amritsari Paneer,"North Indian,Chinese",Veg,270.0
3679,Pasta Paneer Tandoori Cheese Sandwich,Fast Food,Veg,125.0
3680,Cheese Murgh,"Biryani,North Indian",Non-Veg,319.0
3681,Mushroom Masala Small,"South Indian,North Indian",Veg,220.0
3682,Lakshmi Special Nandu Kuzhambu,Indian,Non-Veg,220.0
3683,Prawns Hariyali,"Biryani,North Indian",Non-Veg,369.0
3684,Chicken Club Cheese Sandwich,Fast Food,Non-Veg,159.0
3685,Mutton Mugalaai,"South Indian,Biryani",Non-Veg,380.0
3686,Achari Fish Tikka,"Biryani,North Indian",Non-Veg,349.0
3687,Jackfruit Milkshake (350 Ml),"Beverages,Chinese",Veg,89.0
3688,Prawn Thokku,"South Indian,Biryani",Non-Veg,160.0
3689,Nawabi Chicken Gravy,"Arabian,North Indian",Non-Veg,268.0
3690,Thalakkari Gravy,"South Indian,Biryani",Non-Veg,160.0
3691,Victuals Fried Chicken-1 Pcs,"Beverages,Chinese",Non-Veg,104.0
3692,Schezwan Maggie,"Chinese,Indian",Veg,220.0
3693,Gobi Mattar,"Chinese,Indian",Veg,340.0
3694,Spinach Mushroom Tandoori Mayo Sandwich,Fast Food,Veg,119.0
3695,Oreo Cookie Milkshake,"Chinese,Indian",Veg,340.0
3696,Fried Egg [2 Eggs],"Biryani,North Indian",Non-Veg,59.0
3697,Chicken Reshmi Masala,Indian,Non-Veg,340.0
3698,Pita Mushroom Cheese Sandwich,Fast Food,Veg,135.0
3699,Butter Parotta,"Biryani,North Indian",Veg,45.0
3700,Spl Mix Veg Curry Masala Large,"South Indian,North Indian",Veg,333.0
3701,Mushroom Roll,"Chinese,Indian",Veg,260.0
3702,Fish Momos (5 Pcs),"Beverages,Chinese",Non-Veg,144.0
3703,Royal Blueberry Pastry Tubs,"Bakery,Desserts",Veg,99.0
3704,Boiled Egg Mushroom Mayo Sandwich,Fast Food,Non-Veg,135.0
3705,Koren Rice,"Chinese,Indian",Veg,600.0
3706,Vanilla Icecream,"South Indian,North Indian",Veg,105.0
3707,Dum Aloo Punjabi  Small,"South Indian,North Indian",Veg,195.0
3708,Rohini Gobi Tikka - Large,"South Indian,North Indian",Veg,324.0
3709,Pizza Base [4 Pcs],"Bakery,Desserts",Veg,60.0
3710,Virgin Mojito (350 Ml),"Beverages,Chinese",Veg,94.0
3711,Egg Podimass,"South Indian,Biryani",Non-Veg,60.0
3712,Mutter Masala Large,"South Indian,North Indian",Veg,229.0
3713,Paneer Maggie,"Chinese,Indian",Veg,240.0
3714,Butter Scotch Falooda Regular,"South Indian,North Indian",Veg,320.0
3715,Apple Fresh Fruit Milk Shake,"South Indian,North Indian",Veg,175.0
3716,Kesar Kulfi & Dry Fruits Falooda Regular,"South Indian,North Indian",Veg,320.0
3717,Bun Ghee Parotta,"South Indian,Biryani",Veg,100.0
3718,Kaju Capsicum Curry,"Chinese,Indian",Veg,440.0
3719,Tandoori Chicken Cheese Sandwich,Fast Food,Non-Veg,139.0
3720,Tandoori Pineapple Chat,"Biryani,North Indian",Veg,229.0
3721,Bbq Chicken,Indian,Non-Veg,190.0
3722,Veg Makhanwala Large,"South Indian,North Indian",Veg,360.0
3723,Chilli Manchurian Dry,"South Indian,North Indian",Veg,135.0
3724,Jain Paneer Tikka (dry),"North Indian,Jain",Veg,252.0
3725,Lemon Mint Mojito (350 Ml),"Beverages,Chinese",Veg,94.0
3726,Chicken Fry (1 Plate),"South Indian,Biryani",Non-Veg,180.0
3727,Crispy Honey Chilli Potato ( Dry ),"Arabian,North Indian",Veg,228.0
3728,Plain Paratha,"North Indian,Jain",Veg,54.0
3729,Bread Omelette Chicken Mayo Sandwich,Fast Food,Non-Veg,139.0
3730,Chicken Biriyani 1kg,"South Indian,Biryani",Non-Veg,270.0
3731,Ceylon Egg Chicken Parotta,"Biryani,North Indian",Non-Veg,269.0
3732,Mutter Aloo,"North Indian,Chinese",Veg,220.0
3733,Black Currant Pastry [eggless],"Bakery,Desserts",Veg,59.32
3734,Schezwan Veg Grilled Sandwich,"Beverages,Chinese",Veg,84.0
3735,Sesame Gobi,"Chinese,Indian",Veg,460.0
3736,Veg Jaipuri,"South Indian,North Indian",Veg,139.0
3737,Fish Pakkoda (6 Pcs),"South Indian,Biryani",Non-Veg,140.0
3738,Idiyappam With Chicken Curry,"Biryani,North Indian",Non-Veg,169.0
