customer_id,customer_name,city,diet_profile,signup_date
1,Aravind Kumar 101,Chennai,Flexitarian,2024-04-12
2,Priya Swaminathan 102,Chennai,Flexitarian,2024-12-14
3,Karthik Babu 103,Chennai,Flexitarian,2024-09-27
4,Deepa Natarajan 104,Chennai,Flexitarian,2024-04-16
5,Siddharth Mudaliar 105,Chennai,Pure Veg,2024-03-12
6,Bhavana Kumar 106,Chennai,Flexitarian,2024-07-07
7,Ramesh Swaminathan 107,Chennai,Flexitarian,2024-01-21
8,Lakshmi Babu 108,Chennai,Flexitarian,2024-04-12
9,Vijay Natarajan 109,Chennai,Pure Veg,2024-05-01
10,Ananya Mudaliar 110,Chennai,Flexitarian,2024-08-02
11,Suresh Kumar 111,Chennai,Flexitarian,2024-11-26
12,Divya Swaminathan 112,Chennai,Flexitarian,2024-03-28
13,Ganesh Babu 113,Chennai,Pure Veg,2024-04-09
14,Meena Natarajan 114,Chennai,Pure Veg,2024-12-25
15,Rajesh Mudaliar 115,Chennai,Flexitarian,2024-05-31
16,Kavitha Kumar 116,Chennai,Flexitarian,2024-05-10
17,Venkatesh Swaminathan 117,Chennai,Pure Veg,2024-05-29
18,Nandhini Babu 118,Chennai,Flexitarian,2024-11-04
19,Santhosh Natarajan 119,Chennai,Pure Veg,2024-09-14
20,Swetha Mudaliar 120,Chennai,Flexitarian,2024-12-09
21,Aravind Kumar 121,Chennai,Pure Veg,2024-10-20
22,Priya Swaminathan 122,Chennai,Pure Veg,2024-07-10
23,Karthik Babu 123,Chennai,Pure Veg,2024-10-03
24,Deepa Natarajan 124,Chennai,Flexitarian,2024-06-09
25,Siddharth Mudaliar 125,Chennai,Flexitarian,2024-11-09
26,Bhavana Kumar 126,Chennai,Flexitarian,2024-01-22
27,Ramesh Swaminathan 127,Chennai,Flexitarian,2024-09-09
28,Lakshmi Babu 128,Chennai,Flexitarian,2024-08-23
29,Vijay Natarajan 129,Chennai,Flexitarian,2024-12-10
30,Ananya Mudaliar 130,Chennai,Flexitarian,2024-02-18
31,Suresh Kumar 131,Chennai,Flexitarian,2024-02-28
32,Divya Swaminathan 132,Chennai,Pure Veg,2024-06-18
33,Ganesh Babu 133,Chennai,Flexitarian,2024-07-06
34,Meena Natarajan 134,Chennai,Pure Veg,2024-09-27
35,Rajesh Mudaliar 135,Chennai,Flexitarian,2024-07-08
36,Kavitha Kumar 136,Chennai,Pure Veg,2024-06-23
37,Venkatesh Swaminathan 137,Chennai,Flexitarian,2024-02-20
38,Nandhini Babu 138,Chennai,Pure Veg,2024-12-29
39,Santhosh Natarajan 139,Chennai,Flexitarian,2024-02-24
40,Swetha Mudaliar 140,Chennai,Flexitarian,2024-08-31
41,Aravind Kumar 141,Chennai,Flexitarian,2024-11-15
42,Priya Swaminathan 142,Chennai,Flexitarian,2024-05-10
43,Karthik Babu 143,Chennai,Flexitarian,2024-11-02
44,Deepa Natarajan 144,Chennai,Flexitarian,2024-05-14
45,Siddharth Mudaliar 145,Chennai,Flexitarian,2024-01-21
46,Bhavana Kumar 146,Chennai,Pure Veg,2024-11-24
47,Ramesh Swaminathan 147,Chennai,Flexitarian,2024-06-15
48,Lakshmi Babu 148,Chennai,Flexitarian,2024-09-30
49,Vijay Natarajan 149,Chennai,Pure Veg,2024-03-29
50,Ananya Mudaliar 150,Chennai,Flexitarian,2024-11-11
51,Suresh Kumar 151,Chennai,Flexitarian,2024-01-14
52,Divya Swaminathan 152,Chennai,Flexitarian,2024-08-29
53,Ganesh Babu 153,Chennai,Flexitarian,2024-09-21
54,Meena Natarajan 154,Chennai,Flexitarian,2024-12-11
55,Rajesh Mudaliar 155,Chennai,Pure Veg,2024-02-22
56,Kavitha Kumar 156,Chennai,Flexitarian,2024-12-05
57,Venkatesh Swaminathan 157,Chennai,Flexitarian,2024-04-01
58,Nandhini Babu 158,Chennai,Flexitarian,2024-09-20
59,Santhosh Natarajan 159,Chennai,Flexitarian,2024-02-04
60,Swetha Mudaliar 160,Chennai,Flexitarian,2024-07-24
61,Aravind Kumar 161,Chennai,Flexitarian,2024-03-21
62,Priya Swaminathan 162,Chennai,Flexitarian,2024-02-19
63,Karthik Babu 163,Chennai,Flexitarian,2024-12-25
64,Deepa Natarajan 164,Chennai,Pure Veg,2024-01-02
65,Siddharth Mudaliar 165,Chennai,Flexitarian,2024-02-23
66,Bhavana Kumar 166,Chennai,Flexitarian,2024-04-15
67,Ramesh Swaminathan 167,Chennai,Flexitarian,2024-09-16
68,Lakshmi Babu 168,Chennai,Pure Veg,2024-11-05
69,Vijay Natarajan 169,Chennai,Pure Veg,2024-07-09
70,Ananya Mudaliar 170,Chennai,Flexitarian,2024-08-05
71,Suresh Kumar 171,Chennai,Flexitarian,2024-02-13
72,Divya Swaminathan 172,Chennai,Pure Veg,2024-06-10
73,Ganesh Babu 173,Chennai,Flexitarian,2024-07-20
74,Meena Natarajan 174,Chennai,Pure Veg,2024-09-26
75,Rajesh Mudaliar 175,Chennai,Pure Veg,2024-12-16
76,Kavitha Kumar 176,Chennai,Pure Veg,2024-10-30
77,Venkatesh Swaminathan 177,Chennai,Non-Veg Enthusiast,2024-09-27
78,Nandhini Babu 178,Chennai,Flexitarian,2024-08-02
79,Santhosh Natarajan 179,Chennai,Pure Veg,2024-09-08
80,Swetha Mudaliar 180,Chennai,Flexitarian,2024-07-08
81,Aravind Kumar 181,Chennai,Flexitarian,2024-10-22
82,Priya Swaminathan 182,Chennai,Flexitarian,2024-07-31
83,Karthik Babu 183,Chennai,Flexitarian,2024-07-26
84,Deepa Natarajan 184,Chennai,Flexitarian,2024-08-24
85,Siddharth Mudaliar 185,Chennai,Pure Veg,2024-12-03
86,Bhavana Kumar 186,Chennai,Flexitarian,2024-02-22
87,Ramesh Swaminathan 187,Chennai,Pure Veg,2024-10-06
88,Lakshmi Babu 188,Chennai,Flexitarian,2024-08-04
89,Vijay Natarajan 189,Chennai,Flexitarian,2024-09-08
90,Ananya Mudaliar 190,Chennai,Flexitarian,2024-07-06
91,Suresh Kumar 191,Chennai,Flexitarian,2024-02-10
92,Divya Swaminathan 192,Chennai,Pure Veg,2024-06-05
93,Ganesh Babu 193,Chennai,Flexitarian,2024-01-15
94,Meena Natarajan 194,Chennai,Flexitarian,2024-10-27
95,Rajesh Mudaliar 195,Chennai,Flexitarian,2024-03-05
96,Kavitha Kumar 196,Chennai,Flexitarian,2024-12-10
97,Venkatesh Swaminathan 197,Chennai,Flexitarian,2024-11-22
98,Nandhini Babu 198,Chennai,Flexitarian,2024-01-09
99,Santhosh Natarajan 199,Chennai,Flexitarian,2024-12-09
100,Swetha Mudaliar 200,Chennai,Pure Veg,2024-05-08
101,Aravind Kumar 201,Chennai,Flexitarian,2024-05-15
102,Priya Swaminathan 202,Chennai,Flexitarian,2024-03-03
103,Karthik Babu 203,Chennai,Pure Veg,2024-05-18
104,Deepa Natarajan 204,Chennai,Flexitarian,2024-03-21
105,Siddharth Mudaliar 205,Chennai,Flexitarian,2024-06-11
106,Bhavana Kumar 206,Chennai,Flexitarian,2024-10-15
107,Ramesh Swaminathan 207,Chennai,Flexitarian,2024-09-17
108,Lakshmi Babu 208,Chennai,Flexitarian,2024-08-18
109,Vijay Natarajan 209,Chennai,Pure Veg,2024-02-10
110,Ananya Mudaliar 210,Chennai,Pure Veg,2024-01-28
111,Suresh Kumar 211,Chennai,Non-Veg Enthusiast,2024-05-14
112,Divya Swaminathan 212,Chennai,Flexitarian,2024-07-19
113,Ganesh Babu 213,Chennai,Pure Veg,2024-11-23
114,Meena Natarajan 214,Chennai,Flexitarian,2024-09-24
115,Rajesh Mudaliar 215,Chennai,Flexitarian,2024-02-02
116,Kavitha Kumar 216,Chennai,Pure Veg,2024-02-17
117,Venkatesh Swaminathan 217,Chennai,Flexitarian,2024-03-02
118,Nandhini Babu 218,Chennai,Flexitarian,2024-08-03
119,Santhosh Natarajan 219,Chennai,Flexitarian,2024-10-19
120,Swetha Mudaliar 220,Chennai,Flexitarian,2024-04-08
121,Aravind Kumar 221,Chennai,Pure Veg,2024-06-20
122,Priya Swaminathan 222,Chennai,Flexitarian,2024-12-25
123,Karthik Babu 223,Chennai,Flexitarian,2024-08-01
124,Deepa Natarajan 224,Chennai,Pure Veg,2024-02-04
125,Siddharth Mudaliar 225,Chennai,Pure Veg,2024-08-14
126,Bhavana Kumar 226,Chennai,Flexitarian,2024-04-10
127,Ramesh Swaminathan 227,Chennai,Flexitarian,2024-05-10
128,Lakshmi Babu 228,Chennai,Flexitarian,2024-09-13
129,Vijay Natarajan 229,Chennai,Flexitarian,2024-01-05
130,Ananya Mudaliar 230,Chennai,Flexitarian,2024-08-05
131,Suresh Kumar 231,Chennai,Flexitarian,2024-09-11
132,Divya Swaminathan 232,Chennai,Flexitarian,2024-12-24
133,Ganesh Babu 233,Chennai,Pure Veg,2024-10-09
134,Meena Natarajan 234,Chennai,Flexitarian,2024-07-25
135,Rajesh Mudaliar 235,Chennai,Pure Veg,2024-01-15
136,Kavitha Kumar 236,Chennai,Flexitarian,2024-12-11
137,Venkatesh Swaminathan 237,Chennai,Flexitarian,2024-02-11
138,Nandhini Babu 238,Chennai,Pure Veg,2024-06-27
139,Santhosh Natarajan 239,Chennai,Flexitarian,2024-03-03
140,Swetha Mudaliar 240,Chennai,Pure Veg,2024-12-17
141,Aravind Kumar 241,Chennai,Pure Veg,2024-08-18
142,Priya Swaminathan 242,Chennai,Flexitarian,2024-08-28
143,Karthik Babu 243,Chennai,Flexitarian,2024-02-21
144,Deepa Natarajan 244,Chennai,Flexitarian,2024-04-05
145,Siddharth Mudaliar 245,Chennai,Flexitarian,2024-08-09
146,Bhavana Kumar 246,Chennai,Flexitarian,2024-08-18
147,Ramesh Swaminathan 247,Chennai,Pure Veg,2024-08-24
148,Lakshmi Babu 248,Chennai,Flexitarian,2024-05-22
149,Vijay Natarajan 249,Chennai,Flexitarian,2024-06-19
150,Ananya Mudaliar 250,Chennai,Flexitarian,2024-01-29
151,Suresh Kumar 251,Chennai,Flexitarian,2024-02-05
152,Divya Swaminathan 252,Chennai,Flexitarian,2024-01-13
153,Ganesh Babu 253,Chennai,Pure Veg,2024-06-08
154,Meena Natarajan 254,Chennai,Pure Veg,2024-11-22
155,Rajesh Mudaliar 255,Chennai,Flexitarian,2024-07-05
156,Kavitha Kumar 256,Chennai,Flexitarian,2024-08-30
157,Venkatesh Swaminathan 257,Chennai,Non-Veg Enthusiast,2024-03-26
158,Nandhini Babu 258,Chennai,Flexitarian,2024-10-10
159,Santhosh Natarajan 259,Chennai,Flexitarian,2024-03-06
160,Swetha Mudaliar 260,Chennai,Flexitarian,2024-06-18
161,Aravind Kumar 261,Chennai,Pure Veg,2024-02-14
162,Priya Swaminathan 262,Chennai,Flexitarian,2024-03-02
163,Karthik Babu 263,Chennai,Flexitarian,2024-05-13
164,Deepa Natarajan 264,Chennai,Flexitarian,2024-10-10
165,Siddharth Mudaliar 265,Chennai,Flexitarian,2024-01-28
166,Bhavana Kumar 266,Chennai,Flexitarian,2024-04-17
167,Ramesh Swaminathan 267,Chennai,Flexitarian,2024-02-13
168,Lakshmi Babu 268,Chennai,Flexitarian,2024-12-05
169,Vijay Natarajan 269,Chennai,Flexitarian,2024-10-12
170,Ananya Mudaliar 270,Chennai,Flexitarian,2024-11-26
171,Suresh Kumar 271,Chennai,Flexitarian,2024-05-07
172,Divya Swaminathan 272,Chennai,Flexitarian,2024-12-13
173,Ganesh Babu 273,Chennai,Pure Veg,2024-08-18
174,Meena Natarajan 274,Chennai,Flexitarian,2024-07-08
175,Rajesh Mudaliar 275,Chennai,Pure Veg,2024-08-12
176,Kavitha Kumar 276,Chennai,Flexitarian,2024-10-09
177,Venkatesh Swaminathan 277,Chennai,Flexitarian,2024-04-30
178,Nandhini Babu 278,Chennai,Flexitarian,2024-04-25
179,Santhosh Natarajan 279,Chennai,Flexitarian,2024-08-20
180,Swetha Mudaliar 280,Chennai,Flexitarian,2024-09-15
181,Aravind Kumar 281,Chennai,Flexitarian,2024-12-24
182,Priya Swaminathan 282,Chennai,Flexitarian,2024-07-16
183,Karthik Babu 283,Chennai,Flexitarian,2024-05-16
184,Deepa Natarajan 284,Chennai,Flexitarian,2024-11-13
185,Siddharth Mudaliar 285,Chennai,Flexitarian,2024-06-13
186,Bhavana Kumar 286,Chennai,Flexitarian,2024-08-12
187,Ramesh Swaminathan 287,Chennai,Flexitarian,2024-11-02
188,Lakshmi Babu 288,Chennai,Flexitarian,2024-08-21
189,Vijay Natarajan 289,Chennai,Pure Veg,2024-06-20
190,Ananya Mudaliar 290,Chennai,Flexitarian,2024-05-31
191,Suresh Kumar 291,Chennai,Flexitarian,2024-11-10
192,Divya Swaminathan 292,Chennai,Flexitarian,2024-06-08
193,Ganesh Babu 293,Chennai,Pure Veg,2024-04-05
194,Meena Natarajan 294,Chennai,Flexitarian,2024-08-20
195,Rajesh Mudaliar 295,Chennai,Pure Veg,2024-06-28
196,Kavitha Kumar 296,Chennai,Flexitarian,2024-04-22
197,Venkatesh Swaminathan 297,Chennai,Flexitarian,2024-11-13
198,Nandhini Babu 298,Chennai,Flexitarian,2024-02-21
199,Santhosh Natarajan 299,Chennai,Flexitarian,2024-09-24
200,Swetha Mudaliar 300,Chennai,Flexitarian,2024-10-21
201,Aravind Kumar 301,Chennai,Pure Veg,2024-04-22
202,Priya Swaminathan 302,Chennai,Flexitarian,2024-04-10
203,Karthik Babu 303,Chennai,Flexitarian,2024-04-22
204,Deepa Natarajan 304,Chennai,Flexitarian,2024-03-21
205,Siddharth Mudaliar 305,Chennai,Flexitarian,2024-07-05
206,Bhavana Kumar 306,Chennai,Flexitarian,2024-04-22
207,Ramesh Swaminathan 307,Chennai,Pure Veg,2024-01-02
208,Lakshmi Babu 308,Chennai,Flexitarian,2024-05-09
209,Vijay Natarajan 309,Chennai,Flexitarian,2024-08-07
210,Ananya Mudaliar 310,Chennai,Flexitarian,2024-02-23
211,Suresh Kumar 311,Chennai,Flexitarian,2024-12-08
212,Divya Swaminathan 312,Chennai,Flexitarian,2024-08-11
213,Ganesh Babu 313,Chennai,Pure Veg,2024-08-12
214,Meena Natarajan 314,Chennai,Pure Veg,2024-05-05
215,Rajesh Mudaliar 315,Chennai,Flexitarian,2024-05-09
216,Kavitha Kumar 316,Chennai,Pure Veg,2024-02-22
217,Venkatesh Swaminathan 317,Chennai,Flexitarian,2024-06-20
218,Nandhini Babu 318,Chennai,Pure Veg,2024-08-05
219,Santhosh Natarajan 319,Chennai,Flexitarian,2024-06-08
220,Swetha Mudaliar 320,Chennai,Flexitarian,2024-07-16
221,Aravind Kumar 321,Chennai,Flexitarian,2024-09-03
222,Priya Swaminathan 322,Chennai,Flexitarian,2024-11-19
223,Karthik Babu 323,Chennai,Flexitarian,2024-07-21
224,Deepa Natarajan 324,Chennai,Flexitarian,2024-07-02
225,Siddharth Mudaliar 325,Chennai,Flexitarian,2024-05-02
226,Bhavana Kumar 326,Chennai,Flexitarian,2024-09-11
227,Ramesh Swaminathan 327,Chennai,Flexitarian,2024-10-20
228,Lakshmi Babu 328,Chennai,Flexitarian,2024-10-06
229,Vijay Natarajan 329,Chennai,Flexitarian,2024-11-20
230,Ananya Mudaliar 330,Chennai,Flexitarian,2024-04-07
231,Suresh Kumar 331,Chennai,Flexitarian,2024-07-16
232,Divya Swaminathan 332,Chennai,Flexitarian,2024-08-27
233,Ganesh Babu 333,Chennai,Flexitarian,2024-05-23
234,Meena Natarajan 334,Chennai,Flexitarian,2024-04-06
235,Rajesh Mudaliar 335,Chennai,Flexitarian,2024-07-19
236,Kavitha Kumar 336,Chennai,Pure Veg,2024-05-03
237,Venkatesh Swaminathan 337,Chennai,Flexitarian,2024-07-05
238,Nandhini Babu 338,Chennai,Pure Veg,2024-11-21
239,Santhosh Natarajan 339,Chennai,Flexitarian,2024-12-14
240,Swetha Mudaliar 340,Chennai,Flexitarian,2024-09-15
241,Aravind Kumar 341,Chennai,Flexitarian,2024-05-27
242,Priya Swaminathan 342,Chennai,Flexitarian,2024-09-08
243,Karthik Babu 343,Chennai,Pure Veg,2024-12-11
244,Deepa Natarajan 344,Chennai,Non-Veg Enthusiast,2024-05-26
245,Siddharth Mudaliar 345,Chennai,Pure Veg,2024-05-27
246,Bhavana Kumar 346,Chennai,Flexitarian,2024-12-17
247,Ramesh Swaminathan 347,Chennai,Flexitarian,2024-07-17
248,Lakshmi Babu 348,Chennai,Flexitarian,2024-11-03
249,Vijay Natarajan 349,Chennai,Flexitarian,2024-05-07
250,Ananya Mudaliar 350,Chennai,Flexitarian,2024-02-08
251,Suresh Kumar 351,Chennai,Flexitarian,2024-12-03
252,Divya Swaminathan 352,Chennai,Pure Veg,2024-12-25
253,Ganesh Babu 353,Chennai,Pure Veg,2024-05-08
254,Meena Natarajan 354,Chennai,Pure Veg,2024-09-23
255,Rajesh Mudaliar 355,Chennai,Flexitarian,2024-05-30
256,Kavitha Kumar 356,Chennai,Pure Veg,2024-10-24
257,Venkatesh Swaminathan 357,Chennai,Flexitarian,2024-04-08
258,Nandhini Babu 358,Chennai,Flexitarian,2024-09-19
259,Santhosh Natarajan 359,Chennai,Flexitarian,2024-09-08
260,Swetha Mudaliar 360,Chennai,Flexitarian,2024-05-23
261,Aravind Kumar 361,Chennai,Flexitarian,2024-12-11
262,Priya Swaminathan 362,Chennai,Flexitarian,2024-04-21
263,Karthik Babu 363,Chennai,Pure Veg,2024-02-29
264,Deepa Natarajan 364,Chennai,Pure Veg,2024-01-02
265,Siddharth Mudaliar 365,Chennai,Flexitarian,2024-10-30
266,Bhavana Kumar 366,Chennai,Flexitarian,2024-09-10
267,Ramesh Swaminathan 367,Chennai,Flexitarian,2024-05-19
268,Lakshmi Babu 368,Chennai,Flexitarian,2024-02-06
269,Vijay Natarajan 369,Chennai,Flexitarian,2024-06-08
270,Ananya Mudaliar 370,Chennai,Pure Veg,2024-01-09
271,Suresh Kumar 371,Chennai,Flexitarian,2024-08-20
272,Divya Swaminathan 372,Chennai,Flexitarian,2024-04-08
273,Ganesh Babu 373,Chennai,Pure Veg,2024-05-26
274,Meena Natarajan 374,Chennai,Flexitarian,2024-10-30
275,Rajesh Mudaliar 375,Chennai,Pure Veg,2024-07-26
276,Kavitha Kumar 376,Chennai,Flexitarian,2024-05-10
277,Venkatesh Swaminathan 377,Chennai,Pure Veg,2024-05-31
278,Nandhini Babu 378,Chennai,Flexitarian,2024-02-23
279,Santhosh Natarajan 379,Chennai,Flexitarian,2024-04-29
280,Swetha Mudaliar 380,Chennai,Pure Veg,2024-06-09
281,Aravind Kumar 381,Chennai,Flexitarian,2024-04-25
282,Priya Swaminathan 382,Chennai,Flexitarian,2024-03-15
283,Karthik Babu 383,Chennai,Flexitarian,2024-04-22
284,Deepa Natarajan 384,Chennai,Flexitarian,2024-04-13
285,Siddharth Mudaliar 385,Chennai,Flexitarian,2024-12-05
286,Bhavana Kumar 386,Chennai,Flexitarian,2024-09-10
287,Ramesh Swaminathan 387,Chennai,Pure Veg,2024-08-14
288,Lakshmi Babu 388,Chennai,Flexitarian,2024-04-21
289,Vijay Natarajan 389,Chennai,Flexitarian,2024-04-08
290,Ananya Mudaliar 390,Chennai,Flexitarian,2024-06-01
291,Suresh Kumar 391,Chennai,Flexitarian,2024-12-14
292,Divya Swaminathan 392,Chennai,Flexitarian,2024-12-03
293,Ganesh Babu 393,Chennai,Flexitarian,2024-07-12
294,Meena Natarajan 394,Chennai,Flexitarian,2024-11-05
295,Rajesh Mudaliar 395,Chennai,Flexitarian,2024-06-11
296,Kavitha Kumar 396,Chennai,Pure Veg,2024-07-26
297,Venkatesh Swaminathan 397,Chennai,Flexitarian,2024-06-17
298,Nandhini Babu 398,Chennai,Pure Veg,2024-06-09
299,Santhosh Natarajan 399,Chennai,Pure Veg,2024-03-08
300,Swetha Mudaliar 400,Chennai,Pure Veg,2024-10-15
301,Aravind Kumar 401,Chennai,Pure Veg,2024-10-03
302,Priya Swaminathan 402,Chennai,Flexitarian,2024-10-30
303,Karthik Babu 403,Chennai,Flexitarian,2024-05-14
304,Deepa Natarajan 404,Chennai,Pure Veg,2024-07-13
305,Siddharth Mudaliar 405,Chennai,Flexitarian,2024-05-07
306,Bhavana Kumar 406,Chennai,Flexitarian,2024-02-02
307,Ramesh Swaminathan 407,Chennai,Flexitarian,2024-06-24
308,Lakshmi Babu 408,Chennai,Flexitarian,2024-01-22
309,Vijay Natarajan 409,Chennai,Pure Veg,2024-08-25
310,Ananya Mudaliar 410,Chennai,Non-Veg Enthusiast,2024-06-06
311,Suresh Kumar 411,Chennai,Flexitarian,2024-02-07
312,Divya Swaminathan 412,Chennai,Pure Veg,2024-08-17
313,Ganesh Babu 413,Chennai,Flexitarian,2024-12-30
314,Meena Natarajan 414,Chennai,Flexitarian,2024-02-20
315,Rajesh Mudaliar 415,Chennai,Flexitarian,2024-09-20
316,Kavitha Kumar 416,Chennai,Flexitarian,2024-10-09
317,Venkatesh Swaminathan 417,Chennai,Flexitarian,2024-01-27
318,Nandhini Babu 418,Chennai,Pure Veg,2024-08-13
319,Santhosh Natarajan 419,Chennai,Flexitarian,2024-10-03
320,Swetha Mudaliar 420,Chennai,Flexitarian,2024-10-12
321,Aravind Kumar 421,Chennai,Pure Veg,2024-04-06
322,Priya Swaminathan 422,Chennai,Flexitarian,2024-10-10
323,Karthik Babu 423,Chennai,Flexitarian,2024-11-12
324,Deepa Natarajan 424,Chennai,Flexitarian,2024-10-30
325,Siddharth Mudaliar 425,Chennai,Pure Veg,2024-05-26
326,Bhavana Kumar 426,Chennai,Flexitarian,2024-01-04
327,Ramesh Swaminathan 427,Chennai,Flexitarian,2024-02-04
328,Lakshmi Babu 428,Chennai,Flexitarian,2024-07-10
329,Vijay Natarajan 429,Chennai,Flexitarian,2024-02-18
330,Ananya Mudaliar 430,Chennai,Flexitarian,2024-01-17
331,Suresh Kumar 431,Chennai,Pure Veg,2024-06-20
332,Divya Swaminathan 432,Chennai,Flexitarian,2024-08-07
333,Ganesh Babu 433,Chennai,Flexitarian,2024-06-06
334,Meena Natarajan 434,Chennai,Flexitarian,2024-02-15
335,Rajesh Mudaliar 435,Chennai,Pure Veg,2024-01-06
336,Kavitha Kumar 436,Chennai,Flexitarian,2024-04-08
337,Venkatesh Swaminathan 437,Chennai,Flexitarian,2024-08-20
338,Nandhini Babu 438,Chennai,Flexitarian,2024-02-06
339,Santhosh Natarajan 439,Chennai,Flexitarian,2024-10-06
340,Swetha Mudaliar 440,Chennai,Flexitarian,2024-12-14
341,Aravind Kumar 441,Chennai,Flexitarian,2024-10-28
342,Priya Swaminathan 442,Chennai,Flexitarian,2024-06-29
343,Karthik Babu 443,Chennai,Pure Veg,2024-04-04
344,Deepa Natarajan 444,Chennai,Flexitarian,2024-04-08
345,Siddharth Mudaliar 445,Chennai,Flexitarian,2024-07-06
346,Bhavana Kumar 446,Chennai,Flexitarian,2024-04-25
347,Ramesh Swaminathan 447,Chennai,Pure Veg,2024-07-09
348,Lakshmi Babu 448,Chennai,Flexitarian,2024-09-09
349,Vijay Natarajan 449,Chennai,Flexitarian,2024-06-09
350,Ananya Mudaliar 450,Chennai,Flexitarian,2024-09-12
351,Suresh Kumar 451,Chennai,Flexitarian,2024-11-18
352,Divya Swaminathan 452,Chennai,Flexitarian,2024-05-07
353,Ganesh Babu 453,Chennai,Flexitarian,2024-01-18
354,Meena Natarajan 454,Chennai,Non-Veg Enthusiast,2024-10-07
355,Rajesh Mudaliar 455,Chennai,Pure Veg,2024-08-10
356,Kavitha Kumar 456,Chennai,Flexitarian,2024-02-23
357,Venkatesh Swaminathan 457,Chennai,Flexitarian,2024-02-27
358,Nandhini Babu 458,Chennai,Flexitarian,2024-11-18
359,Santhosh Natarajan 459,Chennai,Flexitarian,2024-12-25
360,Swetha Mudaliar 460,Chennai,Flexitarian,2024-06-22
361,Aravind Kumar 461,Chennai,Flexitarian,2024-10-06
362,Priya Swaminathan 462,Chennai,Non-Veg Enthusiast,2024-04-23
363,Karthik Babu 463,Chennai,Pure Veg,2024-10-14
364,Deepa Natarajan 464,Chennai,Pure Veg,2024-12-07
365,Siddharth Mudaliar 465,Chennai,Flexitarian,2024-05-30
366,Bhavana Kumar 466,Chennai,Pure Veg,2024-05-06
367,Ramesh Swaminathan 467,Chennai,Flexitarian,2024-06-03
368,Lakshmi Babu 468,Chennai,Flexitarian,2024-09-29
369,Vijay Natarajan 469,Chennai,Flexitarian,2024-04-13
370,Ananya Mudaliar 470,Chennai,Flexitarian,2024-10-25
371,Suresh Kumar 471,Chennai,Flexitarian,2024-09-02
372,Divya Swaminathan 472,Chennai,Flexitarian,2024-06-24
373,Ganesh Babu 473,Chennai,Flexitarian,2024-02-08
374,Meena Natarajan 474,Chennai,Pure Veg,2024-06-18
375,Rajesh Mudaliar 475,Chennai,Flexitarian,2024-09-03
376,Kavitha Kumar 476,Chennai,Flexitarian,2024-01-26
377,Venkatesh Swaminathan 477,Chennai,Flexitarian,2024-12-20
378,Nandhini Babu 478,Chennai,Flexitarian,2024-11-01
379,Santhosh Natarajan 479,Chennai,Flexitarian,2024-01-13
380,Swetha Mudaliar 480,Chennai,Flexitarian,2024-11-11
381,Aravind Kumar 481,Chennai,Flexitarian,2024-11-08
382,Priya Swaminathan 482,Chennai,Flexitarian,2024-02-05
383,Karthik Babu 483,Chennai,Flexitarian,2024-06-21
384,Deepa Natarajan 484,Chennai,Flexitarian,2024-01-20
385,Siddharth Mudaliar 485,Chennai,Flexitarian,2024-11-16
386,Bhavana Kumar 486,Chennai,Pure Veg,2024-09-20
387,Ramesh Swaminathan 487,Chennai,Flexitarian,2024-05-21
388,Lakshmi Babu 488,Chennai,Flexitarian,2024-05-22
389,Vijay Natarajan 489,Chennai,Pure Veg,2024-04-01
390,Ananya Mudaliar 490,Chennai,Flexitarian,2024-12-19
391,Suresh Kumar 491,Chennai,Pure Veg,2024-11-17
392,Divya Swaminathan 492,Chennai,Flexitarian,2024-10-14
393,Ganesh Babu 493,Chennai,Flexitarian,2024-08-02
394,Meena Natarajan 494,Chennai,Pure Veg,2024-12-07
395,Rajesh Mudaliar 495,Chennai,Flexitarian,2024-02-20
396,Kavitha Kumar 496,Chennai,Flexitarian,2024-06-01
397,Venkatesh Swaminathan 497,Chennai,Flexitarian,2024-07-04
398,Nandhini Babu 498,Chennai,Pure Veg,2024-03-03
399,Santhosh Natarajan 499,Chennai,Flexitarian,2024-07-08
400,Swetha Mudaliar 500,Chennai,Flexitarian,2024-05-04
401,Aravind Kumar 501,Chennai,Flexitarian,2024-05-29
402,Priya Swaminathan 502,Chennai,Flexitarian,2024-11-09
403,Karthik Babu 503,Chennai,Flexitarian,2024-02-27
404,Deepa Natarajan 504,Chennai,Flexitarian,2024-12-07
405,Siddharth Mudaliar 505,Chennai,Pure Veg,2024-10-31
406,Bhavana Kumar 506,Chennai,Flexitarian,2024-06-28
407,Ramesh Swaminathan 507,Chennai,Pure Veg,2024-06-18
408,Lakshmi Babu 508,Chennai,Flexitarian,2024-11-21
409,Vijay Natarajan 509,Chennai,Flexitarian,2024-09-27
410,Ananya Mudaliar 510,Chennai,Flexitarian,2024-02-23
411,Suresh Kumar 511,Chennai,Flexitarian,2024-04-10
412,Divya Swaminathan 512,Chennai,Flexitarian,2024-09-20
413,Ganesh Babu 513,Chennai,Flexitarian,2024-02-22
414,Meena Natarajan 514,Chennai,Pure Veg,2024-02-29
415,Rajesh Mudaliar 515,Chennai,Flexitarian,2024-04-17
416,Kavitha Kumar 516,Chennai,Flexitarian,2024-01-05
417,Venkatesh Swaminathan 517,Chennai,Flexitarian,2024-04-12
418,Nandhini Babu 518,Chennai,Flexitarian,2024-07-14
419,Santhosh Natarajan 519,Chennai,Flexitarian,2024-09-18
420,Swetha Mudaliar 520,Chennai,Flexitarian,2024-12-30
421,Aravind Kumar 521,Chennai,Non-Veg Enthusiast,2024-12-15
422,Priya Swaminathan 522,Chennai,Pure Veg,2024-02-16
423,Karthik Babu 523,Chennai,Flexitarian,2024-12-20
424,Deepa Natarajan 524,Chennai,Flexitarian,2024-11-06
425,Siddharth Mudaliar 525,Chennai,Flexitarian,2024-11-03
426,Bhavana Kumar 526,Chennai,Flexitarian,2024-05-23
427,Ramesh Swaminathan 527,Chennai,Flexitarian,2024-09-25
428,Lakshmi Babu 528,Chennai,Pure Veg,2024-05-03
429,Vijay Natarajan 529,Chennai,Flexitarian,2024-04-15
430,Ananya Mudaliar 530,Chennai,Flexitarian,2024-06-06
431,Suresh Kumar 531,Chennai,Flexitarian,2024-05-26
432,Divya Swaminathan 532,Chennai,Flexitarian,2024-05-24
433,Ganesh Babu 533,Chennai,Flexitarian,2024-04-29
434,Meena Natarajan 534,Chennai,Flexitarian,2024-11-14
435,Rajesh Mudaliar 535,Chennai,Flexitarian,2024-10-01
436,Kavitha Kumar 536,Chennai,Flexitarian,2024-04-01
437,Venkatesh Swaminathan 537,Chennai,Pure Veg,2024-02-27
438,Nandhini Babu 538,Chennai,Pure Veg,2024-12-11
439,Santhosh Natarajan 539,Chennai,Flexitarian,2024-08-16
440,Swetha Mudaliar 540,Chennai,Flexitarian,2024-04-26
441,Aravind Kumar 541,Chennai,Pure Veg,2024-11-13
442,Priya Swaminathan 542,Chennai,Flexitarian,2024-10-05
443,Karthik Babu 543,Chennai,Flexitarian,2024-05-06
444,Deepa Natarajan 544,Chennai,Pure Veg,2024-05-08
445,Siddharth Mudaliar 545,Chennai,Pure Veg,2024-02-27
446,Bhavana Kumar 546,Chennai,Pure Veg,2024-05-01
447,Ramesh Swaminathan 547,Chennai,Flexitarian,2024-01-01
448,Lakshmi Babu 548,Chennai,Flexitarian,2024-08-26
449,Vijay Natarajan 549,Chennai,Flexitarian,2024-10-16
450,Ananya Mudaliar 550,Chennai,Flexitarian,2024-04-05
451,Suresh Kumar 551,Chennai,Flexitarian,2024-05-05
452,Divya Swaminathan 552,Chennai,Flexitarian,2024-04-27
453,Ganesh Babu 553,Chennai,Flexitarian,2024-02-17
454,Meena Natarajan 554,Chennai,Flexitarian,2024-03-29
455,Rajesh Mudaliar 555,Chennai,Flexitarian,2024-08-24
456,Kavitha Kumar 556,Chennai,Flexitarian,2024-09-28
457,Venkatesh Swaminathan 557,Chennai,Flexitarian,2024-07-07
458,Nandhini Babu 558,Chennai,Flexitarian,2024-07-10
459,Santhosh Natarajan 559,Chennai,Flexitarian,2024-03-09
460,Swetha Mudaliar 560,Chennai,Flexitarian,2024-10-04
461,Aravind Kumar 561,Chennai,Flexitarian,2024-12-14
462,Priya Swaminathan 562,Chennai,Flexitarian,2024-09-03
463,Karthik Babu 563,Chennai,Pure Veg,2024-03-16
464,Deepa Natarajan 564,Chennai,Flexitarian,2024-06-02
465,Siddharth Mudaliar 565,Chennai,Flexitarian,2024-05-23
466,Bhavana Kumar 566,Chennai,Flexitarian,2024-03-26
467,Ramesh Swaminathan 567,Chennai,Pure Veg,2024-07-03
468,Lakshmi Babu 568,Chennai,Flexitarian,2024-10-11
469,Vijay Natarajan 569,Chennai,Flexitarian,2024-08-07
470,Ananya Mudaliar 570,Chennai,Flexitarian,2024-03-09
471,Suresh Kumar 571,Chennai,Flexitarian,2024-02-16
472,Divya Swaminathan 572,Chennai,Flexitarian,2024-04-03
473,Ganesh Babu 573,Chennai,Pure Veg,2024-08-25
474,Meena Natarajan 574,Chennai,Flexitarian,2024-07-22
475,Rajesh Mudaliar 575,Chennai,Flexitarian,2024-08-05
476,Kavitha Kumar 576,Chennai,Flexitarian,2024-12-06
477,Venkatesh Swaminathan 577,Chennai,Pure Veg,2024-02-08
478,Nandhini Babu 578,Chennai,Flexitarian,2024-04-09
479,Santhosh Natarajan 579,Chennai,Flexitarian,2024-10-15
480,Swetha Mudaliar 580,Chennai,Pure Veg,2024-09-10
481,Aravind Kumar 581,Chennai,Pure Veg,2024-08-09
482,Priya Swaminathan 582,Chennai,Pure Veg,2024-12-22
483,Karthik Babu 583,Chennai,Flexitarian,2024-01-23
484,Deepa Natarajan 584,Chennai,Pure Veg,2024-09-06
485,Siddharth Mudaliar 585,Chennai,Flexitarian,2024-01-10
486,Bhavana Kumar 586,Chennai,Flexitarian,2024-09-02
487,Ramesh Swaminathan 587,Chennai,Flexitarian,2024-11-20
488,Lakshmi Babu 588,Chennai,Pure Veg,2024-04-09
489,Vijay Natarajan 589,Chennai,Flexitarian,2024-10-16
490,Ananya Mudaliar 590,Chennai,Flexitarian,2024-06-28
491,Suresh Kumar 591,Chennai,Flexitarian,2024-08-10
492,Divya Swaminathan 592,Chennai,Pure Veg,2024-09-06
493,Ganesh Babu 593,Chennai,Flexitarian,2024-05-26
494,Meena Natarajan 594,Chennai,Pure Veg,2024-04-05
495,Rajesh Mudaliar 595,Chennai,Pure Veg,2024-09-13
496,Kavitha Kumar 596,Chennai,Flexitarian,2024-11-20
497,Venkatesh Swaminathan 597,Chennai,Flexitarian,2024-01-04
498,Nandhini Babu 598,Chennai,Flexitarian,2024-01-16
499,Santhosh Natarajan 599,Chennai,Flexitarian,2024-10-06
500,Swetha Mudaliar 600,Chennai,Flexitarian,2024-12-01
501,Aravind Kumar 601,Chennai,Pure Veg,2024-09-03
502,Priya Swaminathan 602,Chennai,Pure Veg,2024-09-14
503,Karthik Babu 603,Chennai,Flexitarian,2024-06-08
504,Deepa Natarajan 604,Chennai,Pure Veg,2024-12-05
505,Siddharth Mudaliar 605,Chennai,Flexitarian,2024-05-31
506,Bhavana Kumar 606,Chennai,Flexitarian,2024-06-26
507,Ramesh Swaminathan 607,Chennai,Flexitarian,2024-06-11
508,Lakshmi Babu 608,Chennai,Flexitarian,2024-02-02
509,Vijay Natarajan 609,Chennai,Flexitarian,2024-06-27
510,Ananya Mudaliar 610,Chennai,Flexitarian,2024-04-10
511,Suresh Kumar 611,Chennai,Flexitarian,2024-09-24
512,Divya Swaminathan 612,Chennai,Flexitarian,2024-11-18
513,Ganesh Babu 613,Chennai,Flexitarian,2024-03-05
514,Meena Natarajan 614,Chennai,Flexitarian,2024-06-16
515,Rajesh Mudaliar 615,Chennai,Pure Veg,2024-11-25
516,Kavitha Kumar 616,Chennai,Flexitarian,2024-02-12
517,Venkatesh Swaminathan 617,Chennai,Flexitarian,2024-02-13
518,Nandhini Babu 618,Chennai,Flexitarian,2024-10-11
519,Santhosh Natarajan 619,Chennai,Flexitarian,2024-01-12
520,Swetha Mudaliar 620,Chennai,Flexitarian,2024-04-04
521,Aravind Kumar 621,Chennai,Flexitarian,2024-10-28
522,Priya Swaminathan 622,Chennai,Flexitarian,2024-09-09
523,Karthik Babu 623,Chennai,Flexitarian,2024-08-29
524,Deepa Natarajan 624,Chennai,Pure Veg,2024-02-04
525,Siddharth Mudaliar 625,Chennai,Flexitarian,2024-08-02
526,Bhavana Kumar 626,Chennai,Flexitarian,2024-12-02
527,Ramesh Swaminathan 627,Chennai,Flexitarian,2024-03-30
528,Lakshmi Babu 628,Chennai,Flexitarian,2024-09-20
529,Vijay Natarajan 629,Chennai,Non-Veg Enthusiast,2024-04-02
530,Ananya Mudaliar 630,Chennai,Flexitarian,2024-03-30
531,Suresh Kumar 631,Chennai,Flexitarian,2024-04-24
532,Divya Swaminathan 632,Chennai,Flexitarian,2024-04-14
533,Ganesh Babu 633,Chennai,Flexitarian,2024-07-14
534,Meena Natarajan 634,Chennai,Pure Veg,2024-11-09
535,Rajesh Mudaliar 635,Chennai,Flexitarian,2024-04-23
536,Kavitha Kumar 636,Chennai,Flexitarian,2024-03-15
537,Venkatesh Swaminathan 637,Chennai,Flexitarian,2024-08-04
538,Nandhini Babu 638,Chennai,Flexitarian,2024-10-03
539,Santhosh Natarajan 639,Chennai,Flexitarian,2024-09-05
540,Swetha Mudaliar 640,Chennai,Flexitarian,2024-06-12
541,Aravind Kumar 641,Chennai,Flexitarian,2024-12-22
542,Priya Swaminathan 642,Chennai,Pure Veg,2024-07-10
543,Karthik Babu 643,Chennai,Flexitarian,2024-08-14
544,Deepa Natarajan 644,Chennai,Pure Veg,2024-06-25
545,Siddharth Mudaliar 645,Chennai,Flexitarian,2024-04-08
546,Bhavana Kumar 646,Chennai,Pure Veg,2024-02-05
547,Ramesh Swaminathan 647,Chennai,Pure Veg,2024-04-05
548,Lakshmi Babu 648,Chennai,Non-Veg Enthusiast,2024-05-31
549,Vijay Natarajan 649,Chennai,Pure Veg,2024-05-30
550,Ananya Mudaliar 650,Chennai,Flexitarian,2024-07-08
551,Suresh Kumar 651,Chennai,Flexitarian,2024-08-11
552,Divya Swaminathan 652,Chennai,Flexitarian,2024-02-06
553,Ganesh Babu 653,Chennai,Flexitarian,2024-09-24
554,Meena Natarajan 654,Chennai,Flexitarian,2024-07-01
555,Rajesh Mudaliar 655,Chennai,Flexitarian,2024-01-13
556,Kavitha Kumar 656,Chennai,Pure Veg,2024-10-05
557,Venkatesh Swaminathan 657,Chennai,Flexitarian,2024-08-04
558,Nandhini Babu 658,Chennai,Flexitarian,2024-12-20
559,Santhosh Natarajan 659,Chennai,Pure Veg,2024-12-26
560,Swetha Mudaliar 660,Chennai,Pure Veg,2024-10-12
561,Aravind Kumar 661,Chennai,Pure Veg,2024-09-29
562,Priya Swaminathan 662,Chennai,Pure Veg,2024-03-02
563,Karthik Babu 663,Chennai,Pure Veg,2024-03-24
564,Deepa Natarajan 664,Chennai,Flexitarian,2024-08-04
565,Siddharth Mudaliar 665,Chennai,Flexitarian,2024-12-07
566,Bhavana Kumar 666,Chennai,Flexitarian,2024-07-05
567,Ramesh Swaminathan 667,Chennai,Flexitarian,2024-01-19
568,Lakshmi Babu 668,Chennai,Pure Veg,2024-06-25
569,Vijay Natarajan 669,Chennai,Pure Veg,2024-04-09
570,Ananya Mudaliar 670,Chennai,Pure Veg,2024-08-20
571,Suresh Kumar 671,Chennai,Pure Veg,2024-03-16
572,Divya Swaminathan 672,Chennai,Pure Veg,2024-09-21
573,Ganesh Babu 673,Chennai,Flexitarian,2024-10-10
574,Meena Natarajan 674,Chennai,Flexitarian,2024-07-24
575,Rajesh Mudaliar 675,Chennai,Flexitarian,2024-08-10
576,Kavitha Kumar 676,Chennai,Flexitarian,2024-02-21
577,Venkatesh Swaminathan 677,Chennai,Flexitarian,2024-12-04
578,Nandhini Babu 678,Chennai,Pure Veg,2024-05-23
579,Santhosh Natarajan 679,Chennai,Pure Veg,2024-03-09
580,Swetha Mudaliar 680,Chennai,Flexitarian,2024-04-08
581,Aravind Kumar 681,Chennai,Flexitarian,2024-01-25
582,Priya Swaminathan 682,Chennai,Flexitarian,2024-02-22
583,Karthik Babu 683,Chennai,Flexitarian,2024-05-30
584,Deepa Natarajan 684,Chennai,Flexitarian,2024-05-23
585,Siddharth Mudaliar 685,Chennai,Flexitarian,2024-02-26
586,Bhavana Kumar 686,Chennai,Flexitarian,2024-02-08
587,Ramesh Swaminathan 687,Chennai,Flexitarian,2024-04-18
588,Lakshmi Babu 688,Chennai,Flexitarian,2024-06-29
589,Vijay Natarajan 689,Chennai,Pure Veg,2024-02-11
590,Ananya Mudaliar 690,Chennai,Flexitarian,2024-07-04
591,Suresh Kumar 691,Chennai,Flexitarian,2024-08-10
592,Divya Swaminathan 692,Chennai,Flexitarian,2024-05-01
593,Ganesh Babu 693,Chennai,Flexitarian,2024-05-12
594,Meena Natarajan 694,Chennai,Flexitarian,2024-06-11
595,Rajesh Mudaliar 695,Chennai,Pure Veg,2024-08-02
596,Kavitha Kumar 696,Chennai,Flexitarian,2024-08-08
597,Venkatesh Swaminathan 697,Chennai,Pure Veg,2024-08-22
598,Nandhini Babu 698,Chennai,Flexitarian,2024-11-26
599,Santhosh Natarajan 699,Chennai,Flexitarian,2024-05-25
600,Swetha Mudaliar 700,Chennai,Pure Veg,2024-08-26
601,Aravind Kumar 701,Chennai,Pure Veg,2024-03-16
602,Priya Swaminathan 702,Chennai,Flexitarian,2024-01-09
603,Karthik Babu 703,Chennai,Flexitarian,2024-03-14
604,Deepa Natarajan 704,Chennai,Flexitarian,2024-09-09
605,Siddharth Mudaliar 705,Chennai,Flexitarian,2024-08-17
606,Bhavana Kumar 706,Chennai,Flexitarian,2024-01-07
607,Ramesh Swaminathan 707,Chennai,Flexitarian,2024-06-22
608,Lakshmi Babu 708,Chennai,Flexitarian,2024-05-20
609,Vijay Natarajan 709,Chennai,Flexitarian,2024-06-16
610,Ananya Mudaliar 710,Chennai,Flexitarian,2024-06-18
611,Suresh Kumar 711,Chennai,Flexitarian,2024-10-09
612,Divya Swaminathan 712,Chennai,Flexitarian,2024-05-01
613,Ganesh Babu 713,Chennai,Flexitarian,2024-07-12
614,Meena Natarajan 714,Chennai,Flexitarian,2024-01-05
615,Rajesh Mudaliar 715,Chennai,Flexitarian,2024-01-29
616,Kavitha Kumar 716,Chennai,Flexitarian,2024-06-13
617,Venkatesh Swaminathan 717,Chennai,Flexitarian,2024-12-04
618,Nandhini Babu 718,Chennai,Flexitarian,2024-05-15
619,Santhosh Natarajan 719,Chennai,Pure Veg,2024-12-30
620,Swetha Mudaliar 720,Chennai,Flexitarian,2024-11-16
621,Aravind Kumar 721,Chennai,Flexitarian,2024-12-07
622,Priya Swaminathan 722,Chennai,Flexitarian,2024-05-24
623,Karthik Babu 723,Chennai,Flexitarian,2024-11-22
624,Deepa Natarajan 724,Chennai,Pure Veg,2024-08-04
625,Siddharth Mudaliar 725,Chennai,Non-Veg Enthusiast,2024-10-27
626,Bhavana Kumar 726,Chennai,Pure Veg,2024-05-11
627,Ramesh Swaminathan 727,Chennai,Pure Veg,2024-10-18
628,Lakshmi Babu 728,Chennai,Flexitarian,2024-03-10
629,Vijay Natarajan 729,Chennai,Flexitarian,2024-09-08
630,Ananya Mudaliar 730,Chennai,Flexitarian,2024-10-01
631,Suresh Kumar 731,Chennai,Flexitarian,2024-12-29
632,Divya Swaminathan 732,Chennai,Flexitarian,2024-06-30
633,Ganesh Babu 733,Chennai,Flexitarian,2024-06-15
634,Meena Natarajan 734,Chennai,Flexitarian,2024-03-31
635,Rajesh Mudaliar 735,Chennai,Pure Veg,2024-07-20
636,Kavitha Kumar 736,Chennai,Pure Veg,2024-12-11
637,Venkatesh Swaminathan 737,Chennai,Flexitarian,2024-01-19
638,Nandhini Babu 738,Chennai,Flexitarian,2024-02-08
639,Santhosh Natarajan 739,Chennai,Flexitarian,2024-05-05
640,Swetha Mudaliar 740,Chennai,Flexitarian,2024-06-21
641,Aravind Kumar 741,Chennai,Flexitarian,2024-05-20
642,Priya Swaminathan 742,Chennai,Flexitarian,2024-08-29
643,Karthik Babu 743,Chennai,Flexitarian,2024-08-07
644,Deepa Natarajan 744,Chennai,Flexitarian,2024-05-05
645,Siddharth Mudaliar 745,Chennai,Pure Veg,2024-02-27
646,Bhavana Kumar 746,Chennai,Flexitarian,2024-05-27
647,Ramesh Swaminathan 747,Chennai,Flexitarian,2024-11-12
648,Lakshmi Babu 748,Chennai,Flexitarian,2024-12-26
649,Vijay Natarajan 749,Chennai,Flexitarian,2024-01-01
650,Ananya Mudaliar 750,Chennai,Flexitarian,2024-12-13
651,Suresh Kumar 751,Chennai,Flexitarian,2024-07-08
652,Divya Swaminathan 752,Chennai,Flexitarian,2024-07-09
653,Ganesh Babu 753,Chennai,Flexitarian,2024-11-07
654,Meena Natarajan 754,Chennai,Flexitarian,2024-04-26
655,Rajesh Mudaliar 755,Chennai,Flexitarian,2024-05-13
656,Kavitha Kumar 756,Chennai,Flexitarian,2024-02-27
657,Venkatesh Swaminathan 757,Chennai,Pure Veg,2024-02-13
658,Nandhini Babu 758,Chennai,Pure Veg,2024-06-21
659,Santhosh Natarajan 759,Chennai,Flexitarian,2024-06-08
660,Swetha Mudaliar 760,Chennai,Flexitarian,2024-06-21
661,Aravind Kumar 761,Chennai,Pure Veg,2024-11-12
662,Priya Swaminathan 762,Chennai,Flexitarian,2024-10-29
663,Karthik Babu 763,Chennai,Pure Veg,2024-05-28
664,Deepa Natarajan 764,Chennai,Flexitarian,2024-03-20
665,Siddharth Mudaliar 765,Chennai,Pure Veg,2024-07-31
666,Bhavana Kumar 766,Chennai,Pure Veg,2024-07-21
667,Ramesh Swaminathan 767,Chennai,Flexitarian,2024-09-08
668,Lakshmi Babu 768,Chennai,Pure Veg,2024-08-16
669,Vijay Natarajan 769,Chennai,Flexitarian,2024-06-12
670,Ananya Mudaliar 770,Chennai,Flexitarian,2024-08-14
671,Suresh Kumar 771,Chennai,Flexitarian,2024-05-26
672,Divya Swaminathan 772,Chennai,Non-Veg Enthusiast,2024-01-20
673,Ganesh Babu 773,Chennai,Flexitarian,2024-02-16
674,Meena Natarajan 774,Chennai,Flexitarian,2024-08-20
675,Rajesh Mudaliar 775,Chennai,Pure Veg,2024-10-31
676,Kavitha Kumar 776,Chennai,Flexitarian,2024-01-14
677,Venkatesh Swaminathan 777,Chennai,Flexitarian,2024-05-22
678,Nandhini Babu 778,Chennai,Flexitarian,2024-01-01
679,Santhosh Natarajan 779,Chennai,Flexitarian,2024-02-23
680,Swetha Mudaliar 780,Chennai,Flexitarian,2024-09-15
681,Aravind Kumar 781,Chennai,Pure Veg,2024-05-23
682,Priya Swaminathan 782,Chennai,Pure Veg,2024-01-12
683,Karthik Babu 783,Chennai,Flexitarian,2024-11-25
684,Deepa Natarajan 784,Chennai,Flexitarian,2024-08-11
685,Siddharth Mudaliar 785,Chennai,Flexitarian,2024-09-28
686,Bhavana Kumar 786,Chennai,Flexitarian,2024-12-23
687,Ramesh Swaminathan 787,Chennai,Flexitarian,2024-06-04
688,Lakshmi Babu 788,Chennai,Flexitarian,2024-01-08
689,Vijay Natarajan 789,Chennai,Flexitarian,2024-05-01
690,Ananya Mudaliar 790,Chennai,Flexitarian,2024-12-13
691,Suresh Kumar 791,Chennai,Flexitarian,2024-06-12
692,Divya Swaminathan 792,Chennai,Flexitarian,2024-03-30
693,Ganesh Babu 793,Chennai,Flexitarian,2024-05-15
694,Meena Natarajan 794,Chennai,Flexitarian,2024-07-04
695,Rajesh Mudaliar 795,Chennai,Flexitarian,2024-11-11
696,Kavitha Kumar 796,Chennai,Flexitarian,2024-06-26
697,Venkatesh Swaminathan 797,Chennai,Pure Veg,2024-01-28
698,Nandhini Babu 798,Chennai,Pure Veg,2024-08-07
699,Santhosh Natarajan 799,Chennai,Flexitarian,2024-12-22
700,Swetha Mudaliar 800,Chennai,Flexitarian,2024-02-10
701,Aravind Kumar 801,Chennai,Flexitarian,2024-08-15
702,Priya Swaminathan 802,Chennai,Flexitarian,2024-07-10
703,Karthik Babu 803,Chennai,Flexitarian,2024-05-24
704,Deepa Natarajan 804,Chennai,Pure Veg,2024-07-19
705,Siddharth Mudaliar 805,Chennai,Flexitarian,2024-07-30
706,Bhavana Kumar 806,Chennai,Pure Veg,2024-08-07
707,Ramesh Swaminathan 807,Chennai,Pure Veg,2024-08-27
708,Lakshmi Babu 808,Chennai,Flexitarian,2024-02-15
709,Vijay Natarajan 809,Chennai,Pure Veg,2024-02-04
710,Ananya Mudaliar 810,Chennai,Flexitarian,2024-09-09
711,Suresh Kumar 811,Chennai,Flexitarian,2024-03-22
712,Divya Swaminathan 812,Chennai,Flexitarian,2024-09-12
713,Ganesh Babu 813,Chennai,Flexitarian,2024-07-15
714,Meena Natarajan 814,Chennai,Pure Veg,2024-10-29
715,Rajesh Mudaliar 815,Chennai,Flexitarian,2024-01-10
716,Kavitha Kumar 816,Chennai,Pure Veg,2024-11-07
717,Venkatesh Swaminathan 817,Chennai,Pure Veg,2024-10-12
718,Nandhini Babu 818,Chennai,Pure Veg,2024-08-29
719,Santhosh Natarajan 819,Chennai,Pure Veg,2024-09-07
720,Swetha Mudaliar 820,Chennai,Flexitarian,2024-12-30
721,Aravind Kumar 821,Chennai,Flexitarian,2024-01-05
722,Priya Swaminathan 822,Chennai,Flexitarian,2024-04-28
723,Karthik Babu 823,Chennai,Flexitarian,2024-10-15
724,Deepa Natarajan 824,Chennai,Flexitarian,2024-03-05
725,Siddharth Mudaliar 825,Chennai,Pure Veg,2024-05-25
726,Bhavana Kumar 826,Chennai,Flexitarian,2024-08-11
727,Ramesh Swaminathan 827,Chennai,Pure Veg,2024-08-26
728,Lakshmi Babu 828,Chennai,Flexitarian,2024-06-25
729,Vijay Natarajan 829,Chennai,Flexitarian,2024-09-23
730,Ananya Mudaliar 830,Chennai,Flexitarian,2024-12-06
731,Suresh Kumar 831,Chennai,Flexitarian,2024-10-08
732,Divya Swaminathan 832,Chennai,Flexitarian,2024-03-03
733,Ganesh Babu 833,Chennai,Flexitarian,2024-08-04
734,Meena Natarajan 834,Chennai,Flexitarian,2024-12-07
735,Rajesh Mudaliar 835,Chennai,Pure Veg,2024-11-10
736,Kavitha Kumar 836,Chennai,Flexitarian,2024-10-09
737,Venkatesh Swaminathan 837,Chennai,Pure Veg,2024-06-25
738,Nandhini Babu 838,Chennai,Pure Veg,2024-04-07
739,Santhosh Natarajan 839,Chennai,Flexitarian,2024-04-14
740,Swetha Mudaliar 840,Chennai,Flexitarian,2024-04-08
741,Aravind Kumar 841,Chennai,Flexitarian,2024-11-06
742,Priya Swaminathan 842,Chennai,Pure Veg,2024-01-06
743,Karthik Babu 843,Chennai,Flexitarian,2024-07-15
744,Deepa Natarajan 844,Chennai,Flexitarian,2024-12-16
745,Siddharth Mudaliar 845,Chennai,Flexitarian,2024-05-12
746,Bhavana Kumar 846,Chennai,Flexitarian,2024-12-23
747,Ramesh Swaminathan 847,Chennai,Pure Veg,2024-09-15
748,Lakshmi Babu 848,Chennai,Flexitarian,2024-01-23
749,Vijay Natarajan 849,Chennai,Flexitarian,2024-02-22
750,Ananya Mudaliar 850,Chennai,Pure Veg,2024-06-13
751,Suresh Kumar 851,Chennai,Flexitarian,2024-07-20
752,Divya Swaminathan 852,Chennai,Flexitarian,2024-03-23
753,Ganesh Babu 853,Chennai,Flexitarian,2024-05-24
754,Meena Natarajan 854,Chennai,Pure Veg,2024-03-25
755,Rajesh Mudaliar 855,Chennai,Flexitarian,2024-03-18
756,Kavitha Kumar 856,Chennai,Pure Veg,2024-01-01
757,Venkatesh Swaminathan 857,Chennai,Flexitarian,2024-02-20
758,Nandhini Babu 858,Chennai,Flexitarian,2024-06-21
759,Santhosh Natarajan 859,Chennai,Pure Veg,2024-07-23
760,Swetha Mudaliar 860,Chennai,Flexitarian,2024-09-16
761,Aravind Kumar 861,Chennai,Pure Veg,2024-10-14
762,Priya Swaminathan 862,Chennai,Flexitarian,2024-02-03
763,Karthik Babu 863,Chennai,Flexitarian,2024-12-13
764,Deepa Natarajan 864,Chennai,Flexitarian,2024-04-04
765,Siddharth Mudaliar 865,Chennai,Flexitarian,2024-03-12
766,Bhavana Kumar 866,Chennai,Pure Veg,2024-02-08
767,Ramesh Swaminathan 867,Chennai,Flexitarian,2024-06-02
768,Lakshmi Babu 868,Chennai,Flexitarian,2024-09-06
769,Vijay Natarajan 869,Chennai,Flexitarian,2024-06-10
770,Ananya Mudaliar 870,Chennai,Flexitarian,2024-04-27
771,Suresh Kumar 871,Chennai,Flexitarian,2024-09-15
772,Divya Swaminathan 872,Chennai,Flexitarian,2024-11-01
773,Ganesh Babu 873,Chennai,Flexitarian,2024-09-24
774,Meena Natarajan 874,Chennai,Flexitarian,2024-02-23
775,Rajesh Mudaliar 875,Chennai,Flexitarian,2024-08-23
776,Kavitha Kumar 876,Chennai,Pure Veg,2024-08-09
777,Venkatesh Swaminathan 877,Chennai,Flexitarian,2024-09-07
778,Nandhini Babu 878,Chennai,Pure Veg,2024-11-08
779,Santhosh Natarajan 879,Chennai,Flexitarian,2024-04-21
780,Swetha Mudaliar 880,Chennai,Flexitarian,2024-09-11
781,Aravind Kumar 881,Chennai,Flexitarian,2024-10-29
782,Priya Swaminathan 882,Chennai,Flexitarian,2024-07-25
783,Karthik Babu 883,Chennai,Pure Veg,2024-08-16
784,Deepa Natarajan 884,Chennai,Flexitarian,2024-12-06
785,Siddharth Mudaliar 885,Chennai,Flexitarian,2024-03-06
786,Bhavana Kumar 886,Chennai,Flexitarian,2024-03-15
787,Ramesh Swaminathan 887,Chennai,Flexitarian,2024-04-12
788,Lakshmi Babu 888,Chennai,Pure Veg,2024-07-10
789,Vijay Natarajan 889,Chennai,Flexitarian,2024-09-08
790,Ananya Mudaliar 890,Chennai,Pure Veg,2024-08-13
791,Suresh Kumar 891,Chennai,Flexitarian,2024-10-20
792,Divya Swaminathan 892,Chennai,Flexitarian,2024-11-01
793,Ganesh Babu 893,Chennai,Flexitarian,2024-04-07
794,Meena Natarajan 894,Chennai,Flexitarian,2024-12-03
795,Rajesh Mudaliar 895,Chennai,Flexitarian,2024-10-12
796,Kavitha Kumar 896,Chennai,Flexitarian,2024-11-30
797,Venkatesh Swaminathan 897,Chennai,Pure Veg,2024-12-12
798,Nandhini Babu 898,Chennai,Flexitarian,2024-11-03
799,Santhosh Natarajan 899,Chennai,Pure Veg,2024-09-05
800,Swetha Mudaliar 900,Chennai,Pure Veg,2024-06-14
801,Aravind Kumar 901,Chennai,Flexitarian,2024-11-30
802,Priya Swaminathan 902,Chennai,Flexitarian,2024-01-30
803,Karthik Babu 903,Chennai,Pure Veg,2024-09-03
804,Deepa Natarajan 904,Chennai,Pure Veg,2024-04-15
805,Siddharth Mudaliar 905,Chennai,Flexitarian,2024-02-20
806,Bhavana Kumar 906,Chennai,Flexitarian,2024-03-21
807,Ramesh Swaminathan 907,Chennai,Flexitarian,2024-05-12
808,Lakshmi Babu 908,Chennai,Pure Veg,2024-10-11
809,Vijay Natarajan 909,Chennai,Flexitarian,2024-05-17
810,Ananya Mudaliar 910,Chennai,Flexitarian,2024-07-02
811,Suresh Kumar 911,Chennai,Flexitarian,2024-11-25
812,Divya Swaminathan 912,Chennai,Pure Veg,2024-09-29
813,Ganesh Babu 913,Chennai,Flexitarian,2024-12-05
814,Meena Natarajan 914,Chennai,Flexitarian,2024-03-09
815,Rajesh Mudaliar 915,Chennai,Flexitarian,2024-02-03
816,Kavitha Kumar 916,Chennai,Flexitarian,2024-09-18
817,Venkatesh Swaminathan 917,Chennai,Flexitarian,2024-02-22
818,Nandhini Babu 918,Chennai,Flexitarian,2024-07-23
819,Santhosh Natarajan 919,Chennai,Pure Veg,2024-05-05
820,Swetha Mudaliar 920,Chennai,Non-Veg Enthusiast,2024-08-22
821,Aravind Kumar 921,Chennai,Flexitarian,2024-02-12
822,Priya Swaminathan 922,Chennai,Pure Veg,2024-08-27
823,Karthik Babu 923,Chennai,Pure Veg,2024-04-20
824,Deepa Natarajan 924,Chennai,Pure Veg,2024-09-05
825,Siddharth Mudaliar 925,Chennai,Flexitarian,2024-05-30
826,Bhavana Kumar 926,Chennai,Flexitarian,2024-07-01
827,Ramesh Swaminathan 927,Chennai,Flexitarian,2024-12-01
828,Lakshmi Babu 928,Chennai,Flexitarian,2024-04-04
829,Vijay Natarajan 929,Chennai,Pure Veg,2024-01-08
830,Ananya Mudaliar 930,Chennai,Pure Veg,2024-12-25
831,Suresh Kumar 931,Chennai,Flexitarian,2024-07-02
832,Divya Swaminathan 932,Chennai,Flexitarian,2024-10-07
833,Ganesh Babu 933,Chennai,Flexitarian,2024-07-13
834,Meena Natarajan 934,Chennai,Flexitarian,2024-12-17
835,Rajesh Mudaliar 935,Chennai,Flexitarian,2024-07-13
836,Kavitha Kumar 936,Chennai,Flexitarian,2024-06-03
837,Venkatesh Swaminathan 937,Chennai,Flexitarian,2024-04-02
838,Nandhini Babu 938,Chennai,Flexitarian,2024-06-08
839,Santhosh Natarajan 939,Chennai,Pure Veg,2024-03-01
840,Swetha Mudaliar 940,Chennai,Flexitarian,2024-05-01
841,Aravind Kumar 941,Chennai,Pure Veg,2024-02-20
842,Priya Swaminathan 942,Chennai,Flexitarian,2024-10-03
843,Karthik Babu 943,Chennai,Pure Veg,2024-01-05
844,Deepa Natarajan 944,Chennai,Pure Veg,2024-04-01
845,Siddharth Mudaliar 945,Chennai,Flexitarian,2024-06-18
846,Bhavana Kumar 946,Chennai,Pure Veg,2024-11-12
847,Ramesh Swaminathan 947,Chennai,Flexitarian,2024-01-22
848,Lakshmi Babu 948,Chennai,Flexitarian,2024-11-21
849,Vijay Natarajan 949,Chennai,Flexitarian,2024-01-01
850,Ananya Mudaliar 950,Chennai,Pure Veg,2024-05-12
851,Suresh Kumar 951,Chennai,Pure Veg,2024-08-20
852,Divya Swaminathan 952,Chennai,Flexitarian,2024-01-12
853,Ganesh Babu 953,Chennai,Pure Veg,2024-12-11
854,Meena Natarajan 954,Chennai,Flexitarian,2024-02-15
855,Rajesh Mudaliar 955,Chennai,Flexitarian,2024-02-03
856,Kavitha Kumar 956,Chennai,Flexitarian,2024-03-18
857,Venkatesh Swaminathan 957,Chennai,Flexitarian,2024-08-05
858,Nandhini Babu 958,Chennai,Pure Veg,2024-10-27
859,Santhosh Natarajan 959,Chennai,Flexitarian,2024-03-13
860,Swetha Mudaliar 960,Chennai,Flexitarian,2024-10-08
861,Aravind Kumar 961,Chennai,Flexitarian,2024-09-05
862,Priya Swaminathan 962,Chennai,Flexitarian,2024-02-16
863,Karthik Babu 963,Chennai,Flexitarian,2024-04-30
864,Deepa Natarajan 964,Chennai,Flexitarian,2024-08-01
865,Siddharth Mudaliar 965,Chennai,Flexitarian,2024-08-26
866,Bhavana Kumar 966,Chennai,Flexitarian,2024-02-25
867,Ramesh Swaminathan 967,Chennai,Flexitarian,2024-12-15
868,Lakshmi Babu 968,Chennai,Pure Veg,2024-04-16
869,Vijay Natarajan 969,Chennai,Flexitarian,2024-11-14
870,Ananya Mudaliar 970,Chennai,Flexitarian,2024-02-17
871,Suresh Kumar 971,Chennai,Pure Veg,2024-03-01
872,Divya Swaminathan 972,Chennai,Flexitarian,2024-12-02
873,Ganesh Babu 973,Chennai,Non-Veg Enthusiast,2024-01-26
874,Meena Natarajan 974,Chennai,Flexitarian,2024-10-18
875,Rajesh Mudaliar 975,Chennai,Flexitarian,2024-09-13
876,Kavitha Kumar 976,Chennai,Flexitarian,2024-01-08
877,Venkatesh Swaminathan 977,Chennai,Flexitarian,2024-04-22
878,Nandhini Babu 978,Chennai,Flexitarian,2024-12-20
879,Santhosh Natarajan 979,Chennai,Flexitarian,2024-09-09
880,Swetha Mudaliar 980,Chennai,Flexitarian,2024-06-28
881,Aravind Kumar 981,Chennai,Flexitarian,2024-07-25
882,Priya Swaminathan 982,Chennai,Flexitarian,2024-10-29
883,Karthik Babu 983,Chennai,Flexitarian,2024-05-06
884,Deepa Natarajan 984,Chennai,Flexitarian,2024-02-25
885,Siddharth Mudaliar 985,Chennai,Pure Veg,2024-08-01
886,Bhavana Kumar 986,Chennai,Flexitarian,2024-01-14
887,Ramesh Swaminathan 987,Chennai,Flexitarian,2024-01-28
888,Lakshmi Babu 988,Chennai,Flexitarian,2024-03-18
889,Vijay Natarajan 989,Chennai,Flexitarian,2024-08-03
890,Ananya Mudaliar 990,Chennai,Flexitarian,2024-12-30
891,Suresh Kumar 991,Chennai,Flexitarian,2024-06-02
892,Divya Swaminathan 992,Chennai,Pure Veg,2024-01-14
893,Ganesh Babu 993,Chennai,Flexitarian,2024-07-05
894,Meena Natarajan 994,Chennai,Flexitarian,2024-11-07
895,Rajesh Mudaliar 995,Chennai,Pure Veg,2024-01-07
896,Kavitha Kumar 996,Chennai,Flexitarian,2024-01-03
897,Venkatesh Swaminathan 997,Chennai,Pure Veg,2024-04-20
898,Nandhini Babu 998,Chennai,Flexitarian,2024-08-25
899,Santhosh Natarajan 999,Chennai,Flexitarian,2024-12-28
900,Swetha Mudaliar 1000,Chennai,Flexitarian,2024-08-26
901,Aravind Kumar 1001,Chennai,Flexitarian,2024-09-30
902,Priya Swaminathan 1002,Chennai,Flexitarian,2024-10-20
903,Karthik Babu 1003,Chennai,Flexitarian,2024-08-14
904,Deepa Natarajan 1004,Chennai,Flexitarian,2024-01-15
905,Siddharth Mudaliar 1005,Chennai,Flexitarian,2024-07-10
906,Bhavana Kumar 1006,Chennai,Flexitarian,2024-04-28
907,Ramesh Swaminathan 1007,Chennai,Flexitarian,2024-01-28
908,Lakshmi Babu 1008,Chennai,Flexitarian,2024-07-20
909,Vijay Natarajan 1009,Chennai,Flexitarian,2024-02-08
910,Ananya Mudaliar 1010,Chennai,Pure Veg,2024-09-29
911,Suresh Kumar 1011,Chennai,Flexitarian,2024-08-18
912,Divya Swaminathan 1012,Chennai,Flexitarian,2024-03-26
913,Ganesh Babu 1013,Chennai,Flexitarian,2024-05-05
914,Meena Natarajan 1014,Chennai,Pure Veg,2024-10-26
915,Rajesh Mudaliar 1015,Chennai,Flexitarian,2024-01-25
916,Kavitha Kumar 1016,Chennai,Flexitarian,2024-05-24
917,Venkatesh Swaminathan 1017,Chennai,Flexitarian,2024-01-13
918,Nandhini Babu 1018,Chennai,Flexitarian,2024-07-30
919,Santhosh Natarajan 1019,Chennai,Flexitarian,2024-01-25
920,Swetha Mudaliar 1020,Chennai,Flexitarian,2024-03-08
921,Aravind Kumar 1021,Chennai,Flexitarian,2024-03-07
922,Priya Swaminathan 1022,Chennai,Flexitarian,2024-08-20
923,Karthik Babu 1023,Chennai,Pure Veg,2024-04-18
924,Deepa Natarajan 1024,Chennai,Pure Veg,2024-05-25
925,Siddharth Mudaliar 1025,Chennai,Flexitarian,2024-04-20
926,Bhavana Kumar 1026,Chennai,Flexitarian,2024-08-15
927,Ramesh Swaminathan 1027,Chennai,Flexitarian,2024-04-20
928,Lakshmi Babu 1028,Chennai,Flexitarian,2024-02-03
929,Vijay Natarajan 1029,Chennai,Pure Veg,2024-04-20
930,Ananya Mudaliar 1030,Chennai,Flexitarian,2024-09-20
931,Suresh Kumar 1031,Chennai,Flexitarian,2024-08-23
932,Divya Swaminathan 1032,Chennai,Flexitarian,2024-03-23
933,Ganesh Babu 1033,Chennai,Flexitarian,2024-02-11
934,Meena Natarajan 1034,Chennai,Flexitarian,2024-04-10
935,Rajesh Mudaliar 1035,Chennai,Flexitarian,2024-01-06
936,Kavitha Kumar 1036,Chennai,Flexitarian,2024-06-28
937,Venkatesh Swaminathan 1037,Chennai,Non-Veg Enthusiast,2024-10-08
938,Nandhini Babu 1038,Chennai,Flexitarian,2024-11-15
939,Santhosh Natarajan 1039,Chennai,Pure Veg,2024-08-13
940,Swetha Mudaliar 1040,Chennai,Flexitarian,2024-11-10
941,Aravind Kumar 1041,Chennai,Flexitarian,2024-12-30
942,Priya Swaminathan 1042,Chennai,Flexitarian,2024-08-16
943,Karthik Babu 1043,Chennai,Flexitarian,2024-10-15
944,Deepa Natarajan 1044,Chennai,Non-Veg Enthusiast,2024-05-29
945,Siddharth Mudaliar 1045,Chennai,Flexitarian,2024-10-03
946,Bhavana Kumar 1046,Chennai,Flexitarian,2024-07-16
947,Ramesh Swaminathan 1047,Chennai,Flexitarian,2024-03-10
948,Lakshmi Babu 1048,Chennai,Pure Veg,2024-04-21
949,Vijay Natarajan 1049,Chennai,Flexitarian,2024-01-04
950,Ananya Mudaliar 1050,Chennai,Pure Veg,2024-12-15
951,Suresh Kumar 1051,Chennai,Pure Veg,2024-11-26
952,Divya Swaminathan 1052,Chennai,Pure Veg,2024-11-13
953,Ganesh Babu 1053,Chennai,Flexitarian,2024-12-15
954,Meena Natarajan 1054,Chennai,Flexitarian,2024-04-04
955,Rajesh Mudaliar 1055,Chennai,Flexitarian,2024-05-31
956,Kavitha Kumar 1056,Chennai,Pure Veg,2024-11-06
957,Venkatesh Swaminathan 1057,Chennai,Flexitarian,2024-05-16
958,Nandhini Babu 1058,Chennai,Flexitarian,2024-09-03
959,Santhosh Natarajan 1059,Chennai,Flexitarian,2024-08-30
960,Swetha Mudaliar 1060,Chennai,Flexitarian,2024-01-31
961,Aravind Kumar 1061,Chennai,Flexitarian,2024-02-09
962,Priya Swaminathan 1062,Chennai,Flexitarian,2024-08-16
963,Karthik Babu 1063,Chennai,Pure Veg,2024-02-05
964,Deepa Natarajan 1064,Chennai,Pure Veg,2024-08-10
965,Siddharth Mudaliar 1065,Chennai,Flexitarian,2024-01-06
966,Bhavana Kumar 1066,Chennai,Flexitarian,2024-11-17
967,Ramesh Swaminathan 1067,Chennai,Flexitarian,2024-08-07
968,Lakshmi Babu 1068,Chennai,Flexitarian,2024-03-15
969,Vijay Natarajan 1069,Chennai,Pure Veg,2024-01-04
970,Ananya Mudaliar 1070,Chennai,Flexitarian,2024-11-30
971,Suresh Kumar 1071,Chennai,Flexitarian,2024-05-13
972,Divya Swaminathan 1072,Chennai,Flexitarian,2024-04-27
973,Ganesh Babu 1073,Chennai,Pure Veg,2024-04-03
974,Meena Natarajan 1074,Chennai,Pure Veg,2024-03-02
975,Rajesh Mudaliar 1075,Chennai,Flexitarian,2024-07-12
976,Kavitha Kumar 1076,Chennai,Flexitarian,2024-11-30
977,Venkatesh Swaminathan 1077,Chennai,Non-Veg Enthusiast,2024-07-21
978,Nandhini Babu 1078,Chennai,Pure Veg,2024-01-26
979,Santhosh Natarajan 1079,Chennai,Flexitarian,2024-06-21
980,Swetha Mudaliar 1080,Chennai,Flexitarian,2024-10-26
981,Aravind Kumar 1081,Chennai,Flexitarian,2024-05-12
982,Priya Swaminathan 1082,Chennai,Flexitarian,2024-11-21
983,Karthik Babu 1083,Chennai,Flexitarian,2024-04-27
984,Deepa Natarajan 1084,Chennai,Flexitarian,2024-11-19
985,Siddharth Mudaliar 1085,Chennai,Flexitarian,2024-10-01
986,Bhavana Kumar 1086,Chennai,Flexitarian,2024-07-30
987,Ramesh Swaminathan 1087,Chennai,Flexitarian,2024-08-12
988,Lakshmi Babu 1088,Chennai,Flexitarian,2024-01-20
989,Vijay Natarajan 1089,Chennai,Flexitarian,2024-04-22
990,Ananya Mudaliar 1090,Chennai,Flexitarian,2024-05-19
991,Suresh Kumar 1091,Chennai,Flexitarian,2024-02-16
992,Divya Swaminathan 1092,Chennai,Non-Veg Enthusiast,2024-01-01
993,Ganesh Babu 1093,Chennai,Flexitarian,2024-03-30
994,Meena Natarajan 1094,Chennai,Flexitarian,2024-05-21
995,Rajesh Mudaliar 1095,Chennai,Flexitarian,2024-11-15
996,Kavitha Kumar 1096,Chennai,Pure Veg,2024-02-07
997,Venkatesh Swaminathan 1097,Chennai,Flexitarian,2024-10-19
998,Nandhini Babu 1098,Chennai,Flexitarian,2024-05-18
999,Santhosh Natarajan 1099,Chennai,Flexitarian,2024-12-21
1000,Swetha Mudaliar 1100,Chennai,Flexitarian,2024-11-28
1001,Aravind Kumar 1101,Chennai,Flexitarian,2024-09-15
1002,Priya Swaminathan 1102,Chennai,Flexitarian,2024-06-09
1003,Karthik Babu 1103,Chennai,Flexitarian,2024-06-26
1004,Deepa Natarajan 1104,Chennai,Flexitarian,2024-01-10
1005,Siddharth Mudaliar 1105,Chennai,Pure Veg,2024-09-17
1006,Bhavana Kumar 1106,Chennai,Flexitarian,2024-05-17
1007,Ramesh Swaminathan 1107,Chennai,Pure Veg,2024-06-20
1008,Lakshmi Babu 1108,Chennai,Flexitarian,2024-01-13
1009,Vijay Natarajan 1109,Chennai,Flexitarian,2024-06-16
1010,Ananya Mudaliar 1110,Chennai,Flexitarian,2024-05-09
1011,Suresh Kumar 1111,Chennai,Flexitarian,2024-03-24
1012,Divya Swaminathan 1112,Chennai,Flexitarian,2024-11-16
1013,Ganesh Babu 1113,Chennai,Pure Veg,2024-11-14
1014,Meena Natarajan 1114,Chennai,Pure Veg,2024-04-10
1015,Rajesh Mudaliar 1115,Chennai,Flexitarian,2024-11-24
1016,Kavitha Kumar 1116,Chennai,Flexitarian,2024-09-29
1017,Venkatesh Swaminathan 1117,Chennai,Flexitarian,2024-09-21
1018,Nandhini Babu 1118,Chennai,Flexitarian,2024-02-07
1019,Santhosh Natarajan 1119,Chennai,Pure Veg,2024-04-03
1020,Swetha Mudaliar 1120,Chennai,Pure Veg,2024-04-04
1021,Aravind Kumar 1121,Chennai,Flexitarian,2024-10-31
1022,Priya Swaminathan 1122,Chennai,Flexitarian,2024-03-09
1023,Karthik Babu 1123,Chennai,Flexitarian,2024-11-13
1024,Deepa Natarajan 1124,Chennai,Pure Veg,2024-08-23
1025,Siddharth Mudaliar 1125,Chennai,Flexitarian,2024-11-29
1026,Bhavana Kumar 1126,Chennai,Flexitarian,2024-05-16
1027,Ramesh Swaminathan 1127,Chennai,Flexitarian,2024-03-16
1028,Lakshmi Babu 1128,Chennai,Flexitarian,2024-02-04
1029,Vijay Natarajan 1129,Chennai,Non-Veg Enthusiast,2024-01-01
1030,Ananya Mudaliar 1130,Chennai,Flexitarian,2024-10-22
1031,Suresh Kumar 1131,Chennai,Flexitarian,2024-11-15
1032,Divya Swaminathan 1132,Chennai,Flexitarian,2024-02-29
1033,Ganesh Babu 1133,Chennai,Flexitarian,2024-11-15
1034,Meena Natarajan 1134,Chennai,Pure Veg,2024-12-14
1035,Rajesh Mudaliar 1135,Chennai,Flexitarian,2024-11-23
1036,Kavitha Kumar 1136,Chennai,Flexitarian,2024-09-23
1037,Venkatesh Swaminathan 1137,Chennai,Flexitarian,2024-12-26
1038,Nandhini Babu 1138,Chennai,Pure Veg,2024-08-16
1039,Santhosh Natarajan 1139,Chennai,Flexitarian,2024-09-26
1040,Swetha Mudaliar 1140,Chennai,Flexitarian,2024-11-11
1041,Aravind Kumar 1141,Chennai,Flexitarian,2024-10-12
1042,Priya Swaminathan 1142,Chennai,Pure Veg,2024-10-17
1043,Karthik Babu 1143,Chennai,Flexitarian,2024-07-31
1044,Deepa Natarajan 1144,Chennai,Flexitarian,2024-06-13
1045,Siddharth Mudaliar 1145,Chennai,Flexitarian,2024-01-05
1046,Bhavana Kumar 1146,Chennai,Flexitarian,2024-12-04
1047,Ramesh Swaminathan 1147,Chennai,Flexitarian,2024-03-18
1048,Lakshmi Babu 1148,Chennai,Flexitarian,2024-03-02
1049,Vijay Natarajan 1149,Chennai,Pure Veg,2024-05-11
1050,Ananya Mudaliar 1150,Chennai,Flexitarian,2024-03-29
1051,Suresh Kumar 1151,Chennai,Non-Veg Enthusiast,2024-08-24
1052,Divya Swaminathan 1152,Chennai,Flexitarian,2024-02-11
1053,Ganesh Babu 1153,Chennai,Flexitarian,2024-03-29
1054,Meena Natarajan 1154,Chennai,Flexitarian,2024-10-22
1055,Rajesh Mudaliar 1155,Chennai,Flexitarian,2024-11-23
1056,Kavitha Kumar 1156,Chennai,Flexitarian,2024-10-21
1057,Venkatesh Swaminathan 1157,Chennai,Flexitarian,2024-04-13
1058,Nandhini Babu 1158,Chennai,Pure Veg,2024-01-14
1059,Santhosh Natarajan 1159,Chennai,Pure Veg,2024-10-14
1060,Swetha Mudaliar 1160,Chennai,Pure Veg,2024-06-27
1061,Aravind Kumar 1161,Chennai,Flexitarian,2024-05-04
1062,Priya Swaminathan 1162,Chennai,Pure Veg,2024-12-18
1063,Karthik Babu 1163,Chennai,Flexitarian,2024-01-23
1064,Deepa Natarajan 1164,Chennai,Pure Veg,2024-03-03
1065,Siddharth Mudaliar 1165,Chennai,Flexitarian,2024-05-22
1066,Bhavana Kumar 1166,Chennai,Pure Veg,2024-06-01
1067,Ramesh Swaminathan 1167,Chennai,Flexitarian,2024-05-24
1068,Lakshmi Babu 1168,Chennai,Flexitarian,2024-08-12
1069,Vijay Natarajan 1169,Chennai,Flexitarian,2024-11-04
1070,Ananya Mudaliar 1170,Chennai,Flexitarian,2024-04-13
1071,Suresh Kumar 1171,Chennai,Pure Veg,2024-04-13
1072,Divya Swaminathan 1172,Chennai,Flexitarian,2024-02-08
1073,Ganesh Babu 1173,Chennai,Flexitarian,2024-07-16
1074,Meena Natarajan 1174,Chennai,Pure Veg,2024-05-13
1075,Rajesh Mudaliar 1175,Chennai,Flexitarian,2024-03-07
1076,Kavitha Kumar 1176,Chennai,Flexitarian,2024-06-27
1077,Venkatesh Swaminathan 1177,Chennai,Flexitarian,2024-02-11
1078,Nandhini Babu 1178,Chennai,Pure Veg,2024-01-15
1079,Santhosh Natarajan 1179,Chennai,Flexitarian,2024-04-20
1080,Swetha Mudaliar 1180,Chennai,Flexitarian,2024-06-05
1081,Aravind Kumar 1181,Chennai,Flexitarian,2024-10-15
1082,Priya Swaminathan 1182,Chennai,Flexitarian,2024-08-18
1083,Karthik Babu 1183,Chennai,Flexitarian,2024-06-05
1084,Deepa Natarajan 1184,Chennai,Pure Veg,2024-02-07
1085,Siddharth Mudaliar 1185,Chennai,Flexitarian,2024-04-06
1086,Bhavana Kumar 1186,Chennai,Flexitarian,2024-10-15
1087,Ramesh Swaminathan 1187,Chennai,Flexitarian,2024-09-10
1088,Lakshmi Babu 1188,Chennai,Flexitarian,2024-07-14
1089,Vijay Natarajan 1189,Chennai,Flexitarian,2024-03-26
1090,Ananya Mudaliar 1190,Chennai,Flexitarian,2024-11-17
1091,Suresh Kumar 1191,Chennai,Pure Veg,2024-01-10
1092,Divya Swaminathan 1192,Chennai,Flexitarian,2024-01-05
1093,Ganesh Babu 1193,Chennai,Flexitarian,2024-05-02
1094,Meena Natarajan 1194,Chennai,Flexitarian,2024-11-25
1095,Rajesh Mudaliar 1195,Chennai,Flexitarian,2024-12-18
1096,Kavitha Kumar 1196,Chennai,Flexitarian,2024-04-27
1097,Venkatesh Swaminathan 1197,Chennai,Flexitarian,2024-10-20
1098,Nandhini Babu 1198,Chennai,Flexitarian,2024-06-07
1099,Santhosh Natarajan 1199,Chennai,Flexitarian,2024-10-29
1100,Swetha Mudaliar 1200,Chennai,Flexitarian,2024-08-15
1101,Aravind Kumar 1201,Chennai,Pure Veg,2024-12-30
1102,Priya Swaminathan 1202,Chennai,Flexitarian,2024-08-03
1103,Karthik Babu 1203,Chennai,Flexitarian,2024-07-02
1104,Deepa Natarajan 1204,Chennai,Flexitarian,2024-01-15
1105,Siddharth Mudaliar 1205,Chennai,Flexitarian,2024-06-05
1106,Bhavana Kumar 1206,Chennai,Flexitarian,2024-05-15
1107,Ramesh Swaminathan 1207,Chennai,Flexitarian,2024-09-17
1108,Lakshmi Babu 1208,Chennai,Pure Veg,2024-06-05
1109,Vijay Natarajan 1209,Chennai,Flexitarian,2024-02-16
1110,Ananya Mudaliar 1210,Chennai,Flexitarian,2024-11-19
1111,Suresh Kumar 1211,Chennai,Flexitarian,2024-11-27
1112,Divya Swaminathan 1212,Chennai,Pure Veg,2024-06-21
1113,Ganesh Babu 1213,Chennai,Pure Veg,2024-05-09
1114,Meena Natarajan 1214,Chennai,Flexitarian,2024-04-04
1115,Rajesh Mudaliar 1215,Chennai,Flexitarian,2024-04-24
1116,Kavitha Kumar 1216,Chennai,Flexitarian,2024-08-30
1117,Venkatesh Swaminathan 1217,Chennai,Non-Veg Enthusiast,2024-10-18
1118,Nandhini Babu 1218,Chennai,Pure Veg,2024-10-08
1119,Santhosh Natarajan 1219,Chennai,Flexitarian,2024-10-25
1120,Swetha Mudaliar 1220,Chennai,Flexitarian,2024-10-09
1121,Aravind Kumar 1221,Chennai,Flexitarian,2024-03-09
1122,Priya Swaminathan 1222,Chennai,Flexitarian,2024-05-27
1123,Karthik Babu 1223,Chennai,Flexitarian,2024-01-11
1124,Deepa Natarajan 1224,Chennai,Flexitarian,2024-09-10
1125,Siddharth Mudaliar 1225,Chennai,Flexitarian,2024-11-25
1126,Bhavana Kumar 1226,Chennai,Flexitarian,2024-12-25
1127,Ramesh Swaminathan 1227,Chennai,Flexitarian,2024-02-07
1128,Lakshmi Babu 1228,Chennai,Flexitarian,2024-05-13
1129,Vijay Natarajan 1229,Chennai,Flexitarian,2024-07-18
1130,Ananya Mudaliar 1230,Chennai,Pure Veg,2024-01-23
1131,Suresh Kumar 1231,Chennai,Flexitarian,2024-10-29
1132,Divya Swaminathan 1232,Chennai,Flexitarian,2024-12-11
1133,Ganesh Babu 1233,Chennai,Flexitarian,2024-10-28
1134,Meena Natarajan 1234,Chennai,Pure Veg,2024-12-28
1135,Rajesh Mudaliar 1235,Chennai,Flexitarian,2024-08-05
1136,Kavitha Kumar 1236,Chennai,Flexitarian,2024-05-20
1137,Venkatesh Swaminathan 1237,Chennai,Flexitarian,2024-04-13
1138,Nandhini Babu 1238,Chennai,Pure Veg,2024-07-28
1139,Santhosh Natarajan 1239,Chennai,Pure Veg,2024-04-20
1140,Swetha Mudaliar 1240,Chennai,Flexitarian,2024-04-13
1141,Aravind Kumar 1241,Chennai,Pure Veg,2024-11-11
1142,Priya Swaminathan 1242,Chennai,Flexitarian,2024-06-19
1143,Karthik Babu 1243,Chennai,Pure Veg,2024-12-21
1144,Deepa Natarajan 1244,Chennai,Flexitarian,2024-11-19
1145,Siddharth Mudaliar 1245,Chennai,Flexitarian,2024-05-12
1146,Bhavana Kumar 1246,Chennai,Flexitarian,2024-10-19
1147,Ramesh Swaminathan 1247,Chennai,Flexitarian,2024-11-23
1148,Lakshmi Babu 1248,Chennai,Flexitarian,2024-05-06
1149,Vijay Natarajan 1249,Chennai,Flexitarian,2024-04-15
1150,Ananya Mudaliar 1250,Chennai,Flexitarian,2024-04-01
1151,Suresh Kumar 1251,Chennai,Flexitarian,2024-10-13
1152,Divya Swaminathan 1252,Chennai,Pure Veg,2024-02-20
1153,Ganesh Babu 1253,Chennai,Flexitarian,2024-01-29
1154,Meena Natarajan 1254,Chennai,Non-Veg Enthusiast,2024-10-22
1155,Rajesh Mudaliar 1255,Chennai,Flexitarian,2024-10-23
1156,Kavitha Kumar 1256,Chennai,Flexitarian,2024-08-01
1157,Venkatesh Swaminathan 1257,Chennai,Flexitarian,2024-09-23
1158,Nandhini Babu 1258,Chennai,Flexitarian,2024-09-13
1159,Santhosh Natarajan 1259,Chennai,Flexitarian,2024-10-28
1160,Swetha Mudaliar 1260,Chennai,Flexitarian,2024-04-10
1161,Aravind Kumar 1261,Chennai,Flexitarian,2024-12-11
1162,Priya Swaminathan 1262,Chennai,Flexitarian,2024-04-19
1163,Karthik Babu 1263,Chennai,Flexitarian,2024-06-30
1164,Deepa Natarajan 1264,Chennai,Flexitarian,2024-11-08
1165,Siddharth Mudaliar 1265,Chennai,Flexitarian,2024-01-01
1166,Bhavana Kumar 1266,Chennai,Flexitarian,2024-11-14
1167,Ramesh Swaminathan 1267,Chennai,Flexitarian,2024-02-24
1168,Lakshmi Babu 1268,Chennai,Flexitarian,2024-05-28
1169,Vijay Natarajan 1269,Chennai,Flexitarian,2024-11-04
1170,Ananya Mudaliar 1270,Chennai,Flexitarian,2024-05-16
1171,Suresh Kumar 1271,Chennai,Flexitarian,2024-07-20
1172,Divya Swaminathan 1272,Chennai,Pure Veg,2024-11-08
1173,Ganesh Babu 1273,Chennai,Flexitarian,2024-04-26
1174,Meena Natarajan 1274,Chennai,Flexitarian,2024-06-02
1175,Rajesh Mudaliar 1275,Chennai,Pure Veg,2024-10-17
1176,Kavitha Kumar 1276,Chennai,Pure Veg,2024-03-03
1177,Venkatesh Swaminathan 1277,Chennai,Flexitarian,2024-08-31
1178,Nandhini Babu 1278,Chennai,Flexitarian,2024-01-25
1179,Santhosh Natarajan 1279,Chennai,Flexitarian,2024-03-30
1180,Swetha Mudaliar 1280,Chennai,Flexitarian,2024-03-15
1181,Aravind Kumar 1281,Chennai,Flexitarian,2024-10-20
1182,Priya Swaminathan 1282,Chennai,Pure Veg,2024-07-28
1183,Karthik Babu 1283,Chennai,Pure Veg,2024-12-12
1184,Deepa Natarajan 1284,Chennai,Flexitarian,2024-01-17
1185,Siddharth Mudaliar 1285,Chennai,Pure Veg,2024-05-07
1186,Bhavana Kumar 1286,Chennai,Flexitarian,2024-12-29
1187,Ramesh Swaminathan 1287,Chennai,Pure Veg,2024-09-07
1188,Lakshmi Babu 1288,Chennai,Flexitarian,2024-06-27
1189,Vijay Natarajan 1289,Chennai,Flexitarian,2024-06-30
1190,Ananya Mudaliar 1290,Chennai,Non-Veg Enthusiast,2024-05-31
1191,Suresh Kumar 1291,Chennai,Flexitarian,2024-01-25
1192,Divya Swaminathan 1292,Chennai,Flexitarian,2024-06-28
1193,Ganesh Babu 1293,Chennai,Pure Veg,2024-07-16
1194,Meena Natarajan 1294,Chennai,Pure Veg,2024-12-09
1195,Rajesh Mudaliar 1295,Chennai,Pure Veg,2024-06-09
1196,Kavitha Kumar 1296,Chennai,Flexitarian,2024-06-25
1197,Venkatesh Swaminathan 1297,Chennai,Pure Veg,2024-10-11
1198,Nandhini Babu 1298,Chennai,Pure Veg,2024-03-03
1199,Santhosh Natarajan 1299,Chennai,Pure Veg,2024-05-29
1200,Swetha Mudaliar 1300,Chennai,Flexitarian,2024-06-02
1201,Aravind Kumar 1301,Chennai,Flexitarian,2024-06-04
1202,Priya Swaminathan 1302,Chennai,Flexitarian,2024-02-18
1203,Karthik Babu 1303,Chennai,Flexitarian,2024-12-02
1204,Deepa Natarajan 1304,Chennai,Pure Veg,2024-03-24
1205,Siddharth Mudaliar 1305,Chennai,Flexitarian,2024-12-26
1206,Bhavana Kumar 1306,Chennai,Flexitarian,2024-06-25
1207,Ramesh Swaminathan 1307,Chennai,Flexitarian,2024-05-27
1208,Lakshmi Babu 1308,Chennai,Pure Veg,2024-04-27
1209,Vijay Natarajan 1309,Chennai,Pure Veg,2024-12-07
1210,Ananya Mudaliar 1310,Chennai,Flexitarian,2024-03-03
1211,Suresh Kumar 1311,Chennai,Flexitarian,2024-07-07
1212,Divya Swaminathan 1312,Chennai,Flexitarian,2024-12-25
1213,Ganesh Babu 1313,Chennai,Pure Veg,2024-02-18
1214,Meena Natarajan 1314,Chennai,Flexitarian,2024-11-22
1215,Rajesh Mudaliar 1315,Chennai,Flexitarian,2024-09-13
1216,Kavitha Kumar 1316,Chennai,Flexitarian,2024-08-11
1217,Venkatesh Swaminathan 1317,Chennai,Flexitarian,2024-05-20
1218,Nandhini Babu 1318,Chennai,Flexitarian,2024-08-02
1219,Santhosh Natarajan 1319,Chennai,Flexitarian,2024-07-29
1220,Swetha Mudaliar 1320,Chennai,Flexitarian,2024-11-13
1221,Aravind Kumar 1321,Chennai,Flexitarian,2024-02-01
1222,Priya Swaminathan 1322,Chennai,Pure Veg,2024-06-06
1223,Karthik Babu 1323,Chennai,Flexitarian,2024-10-11
1224,Deepa Natarajan 1324,Chennai,Flexitarian,2024-10-31
1225,Siddharth Mudaliar 1325,Chennai,Flexitarian,2024-10-12
1226,Bhavana Kumar 1326,Chennai,Pure Veg,2024-05-23
1227,Ramesh Swaminathan 1327,Chennai,Flexitarian,2024-01-19
1228,Lakshmi Babu 1328,Chennai,Flexitarian,2024-01-18
1229,Vijay Natarajan 1329,Chennai,Flexitarian,2024-09-13
1230,Ananya Mudaliar 1330,Chennai,Pure Veg,2024-03-18
1231,Suresh Kumar 1331,Chennai,Pure Veg,2024-06-23
1232,Divya Swaminathan 1332,Chennai,Flexitarian,2024-07-12
1233,Ganesh Babu 1333,Chennai,Flexitarian,2024-04-22
1234,Meena Natarajan 1334,Chennai,Flexitarian,2024-04-23
1235,Rajesh Mudaliar 1335,Chennai,Flexitarian,2024-08-09
1236,Kavitha Kumar 1336,Chennai,Flexitarian,2024-06-14
1237,Venkatesh Swaminathan 1337,Chennai,Flexitarian,2024-11-14
1238,Nandhini Babu 1338,Chennai,Pure Veg,2024-05-11
1239,Santhosh Natarajan 1339,Chennai,Pure Veg,2024-09-20
1240,Swetha Mudaliar 1340,Chennai,Pure Veg,2024-02-24
1241,Aravind Kumar 1341,Chennai,Flexitarian,2024-12-24
1242,Priya Swaminathan 1342,Chennai,Flexitarian,2024-05-10
1243,Karthik Babu 1343,Chennai,Pure Veg,2024-10-14
1244,Deepa Natarajan 1344,Chennai,Flexitarian,2024-09-22
1245,Siddharth Mudaliar 1345,Chennai,Flexitarian,2024-06-10
1246,Bhavana Kumar 1346,Chennai,Flexitarian,2024-03-27
1247,Ramesh Swaminathan 1347,Chennai,Flexitarian,2024-02-24
1248,Lakshmi Babu 1348,Chennai,Flexitarian,2024-10-14
1249,Vijay Natarajan 1349,Chennai,Flexitarian,2024-06-26
1250,Ananya Mudaliar 1350,Chennai,Flexitarian,2024-12-14
1251,Suresh Kumar 1351,Chennai,Flexitarian,2024-01-08
1252,Divya Swaminathan 1352,Chennai,Flexitarian,2024-11-16
1253,Ganesh Babu 1353,Chennai,Flexitarian,2024-11-08
1254,Meena Natarajan 1354,Chennai,Flexitarian,2024-09-03
1255,Rajesh Mudaliar 1355,Chennai,Flexitarian,2024-11-18
1256,Kavitha Kumar 1356,Chennai,Pure Veg,2024-09-11
1257,Venkatesh Swaminathan 1357,Chennai,Pure Veg,2024-11-23
1258,Nandhini Babu 1358,Chennai,Flexitarian,2024-02-23
1259,Santhosh Natarajan 1359,Chennai,Flexitarian,2024-09-05
1260,Swetha Mudaliar 1360,Chennai,Flexitarian,2024-08-26
1261,Aravind Kumar 1361,Chennai,Pure Veg,2024-08-16
1262,Priya Swaminathan 1362,Chennai,Flexitarian,2024-03-07
1263,Karthik Babu 1363,Chennai,Non-Veg Enthusiast,2024-02-20
1264,Deepa Natarajan 1364,Chennai,Flexitarian,2024-04-06
1265,Siddharth Mudaliar 1365,Chennai,Flexitarian,2024-04-01
1266,Bhavana Kumar 1366,Chennai,Flexitarian,2024-09-20
1267,Ramesh Swaminathan 1367,Chennai,Flexitarian,2024-10-17
1268,Lakshmi Babu 1368,Chennai,Flexitarian,2024-04-05
1269,Vijay Natarajan 1369,Chennai,Flexitarian,2024-03-28
1270,Ananya Mudaliar 1370,Chennai,Flexitarian,2024-03-18
1271,Suresh Kumar 1371,Chennai,Flexitarian,2024-10-14
1272,Divya Swaminathan 1372,Chennai,Flexitarian,2024-04-29
1273,Ganesh Babu 1373,Chennai,Flexitarian,2024-10-28
1274,Meena Natarajan 1374,Chennai,Flexitarian,2024-06-13
1275,Rajesh Mudaliar 1375,Chennai,Flexitarian,2024-06-30
1276,Kavitha Kumar 1376,Chennai,Flexitarian,2024-08-10
1277,Venkatesh Swaminathan 1377,Chennai,Non-Veg Enthusiast,2024-11-06
1278,Nandhini Babu 1378,Chennai,Flexitarian,2024-01-07
1279,Santhosh Natarajan 1379,Chennai,Flexitarian,2024-11-25
1280,Swetha Mudaliar 1380,Chennai,Flexitarian,2024-09-19
1281,Aravind Kumar 1381,Chennai,Pure Veg,2024-06-09
1282,Priya Swaminathan 1382,Chennai,Flexitarian,2024-05-30
1283,Karthik Babu 1383,Chennai,Non-Veg Enthusiast,2024-03-25
1284,Deepa Natarajan 1384,Chennai,Flexitarian,2024-05-26
1285,Siddharth Mudaliar 1385,Chennai,Pure Veg,2024-04-21
1286,Bhavana Kumar 1386,Chennai,Flexitarian,2024-02-05
1287,Ramesh Swaminathan 1387,Chennai,Flexitarian,2024-10-11
1288,Lakshmi Babu 1388,Chennai,Flexitarian,2024-07-06
1289,Vijay Natarajan 1389,Chennai,Flexitarian,2024-03-22
1290,Ananya Mudaliar 1390,Chennai,Non-Veg Enthusiast,2024-01-02
1291,Suresh Kumar 1391,Chennai,Flexitarian,2024-10-29
1292,Divya Swaminathan 1392,Chennai,Flexitarian,2024-07-15
1293,Ganesh Babu 1393,Chennai,Pure Veg,2024-01-11
1294,Meena Natarajan 1394,Chennai,Pure Veg,2024-08-21
1295,Rajesh Mudaliar 1395,Chennai,Flexitarian,2024-07-13
1296,Kavitha Kumar 1396,Chennai,Flexitarian,2024-04-28
1297,Venkatesh Swaminathan 1397,Chennai,Flexitarian,2024-01-20
1298,Nandhini Babu 1398,Chennai,Flexitarian,2024-09-17
1299,Santhosh Natarajan 1399,Chennai,Flexitarian,2024-10-19
1300,Swetha Mudaliar 1400,Chennai,Flexitarian,2024-09-12
1301,Aravind Kumar 1401,Chennai,Flexitarian,2024-08-09
1302,Priya Swaminathan 1402,Chennai,Flexitarian,2024-08-13
1303,Karthik Babu 1403,Chennai,Flexitarian,2024-02-22
1304,Deepa Natarajan 1404,Chennai,Flexitarian,2024-12-20
1305,Siddharth Mudaliar 1405,Chennai,Pure Veg,2024-12-07
1306,Bhavana Kumar 1406,Chennai,Pure Veg,2024-12-29
1307,Ramesh Swaminathan 1407,Chennai,Flexitarian,2024-10-06
1308,Lakshmi Babu 1408,Chennai,Flexitarian,2024-03-21
1309,Vijay Natarajan 1409,Chennai,Flexitarian,2024-07-20
1310,Ananya Mudaliar 1410,Chennai,Flexitarian,2024-06-06
1311,Suresh Kumar 1411,Chennai,Non-Veg Enthusiast,2024-04-29
1312,Divya Swaminathan 1412,Chennai,Pure Veg,2024-02-28
1313,Ganesh Babu 1413,Chennai,Flexitarian,2024-08-02
1314,Meena Natarajan 1414,Chennai,Flexitarian,2024-05-07
1315,Rajesh Mudaliar 1415,Chennai,Pure Veg,2024-08-11
1316,Kavitha Kumar 1416,Chennai,Flexitarian,2024-07-27
1317,Venkatesh Swaminathan 1417,Chennai,Flexitarian,2024-04-24
1318,Nandhini Babu 1418,Chennai,Pure Veg,2024-07-27
1319,Santhosh Natarajan 1419,Chennai,Non-Veg Enthusiast,2024-01-14
1320,Swetha Mudaliar 1420,Chennai,Pure Veg,2024-01-09
1321,Aravind Kumar 1421,Chennai,Flexitarian,2024-02-09
1322,Priya Swaminathan 1422,Chennai,Pure Veg,2024-08-24
1323,Karthik Babu 1423,Chennai,Flexitarian,2024-10-07
1324,Deepa Natarajan 1424,Chennai,Flexitarian,2024-12-24
1325,Siddharth Mudaliar 1425,Chennai,Flexitarian,2024-07-19
1326,Bhavana Kumar 1426,Chennai,Flexitarian,2024-09-02
1327,Ramesh Swaminathan 1427,Chennai,Pure Veg,2024-10-04
1328,Lakshmi Babu 1428,Chennai,Flexitarian,2024-08-22
1329,Vijay Natarajan 1429,Chennai,Flexitarian,2024-01-04
1330,Ananya Mudaliar 1430,Chennai,Flexitarian,2024-06-02
1331,Suresh Kumar 1431,Chennai,Flexitarian,2024-01-29
1332,Divya Swaminathan 1432,Chennai,Flexitarian,2024-04-18
1333,Ganesh Babu 1433,Chennai,Flexitarian,2024-04-07
1334,Meena Natarajan 1434,Chennai,Non-Veg Enthusiast,2024-08-02
1335,Rajesh Mudaliar 1435,Chennai,Flexitarian,2024-10-19
1336,Kavitha Kumar 1436,Chennai,Flexitarian,2024-03-15
1337,Venkatesh Swaminathan 1437,Chennai,Flexitarian,2024-11-21
1338,Nandhini Babu 1438,Chennai,Pure Veg,2024-05-25
1339,Santhosh Natarajan 1439,Chennai,Pure Veg,2024-05-07
1340,Swetha Mudaliar 1440,Chennai,Flexitarian,2024-12-06
1341,Aravind Kumar 1441,Chennai,Flexitarian,2024-02-11
1342,Priya Swaminathan 1442,Chennai,Flexitarian,2024-12-21
1343,Karthik Babu 1443,Chennai,Flexitarian,2024-02-10
1344,Deepa Natarajan 1444,Chennai,Pure Veg,2024-02-03
1345,Siddharth Mudaliar 1445,Chennai,Flexitarian,2024-01-17
1346,Bhavana Kumar 1446,Chennai,Flexitarian,2024-06-13
1347,Ramesh Swaminathan 1447,Chennai,Flexitarian,2024-06-01
1348,Lakshmi Babu 1448,Chennai,Flexitarian,2024-03-16
1349,Vijay Natarajan 1449,Chennai,Pure Veg,2024-03-27
1350,Ananya Mudaliar 1450,Chennai,Flexitarian,2024-04-26
1351,Suresh Kumar 1451,Chennai,Flexitarian,2024-12-27
1352,Divya Swaminathan 1452,Chennai,Flexitarian,2024-12-07
1353,Ganesh Babu 1453,Chennai,Pure Veg,2024-01-27
1354,Meena Natarajan 1454,Chennai,Flexitarian,2024-11-08
1355,Rajesh Mudaliar 1455,Chennai,Pure Veg,2024-10-13
1356,Kavitha Kumar 1456,Chennai,Flexitarian,2024-05-13
1357,Venkatesh Swaminathan 1457,Chennai,Pure Veg,2024-08-06
1358,Nandhini Babu 1458,Chennai,Flexitarian,2024-06-16
1359,Santhosh Natarajan 1459,Chennai,Pure Veg,2024-04-07
1360,Swetha Mudaliar 1460,Chennai,Flexitarian,2024-09-24
1361,Aravind Kumar 1461,Chennai,Flexitarian,2024-08-24
1362,Priya Swaminathan 1462,Chennai,Flexitarian,2024-11-04
1363,Karthik Babu 1463,Chennai,Flexitarian,2024-06-21
1364,Deepa Natarajan 1464,Chennai,Pure Veg,2024-07-08
1365,Siddharth Mudaliar 1465,Chennai,Flexitarian,2024-05-01
1366,Bhavana Kumar 1466,Chennai,Flexitarian,2024-02-15
1367,Ramesh Swaminathan 1467,Chennai,Pure Veg,2024-03-04
1368,Lakshmi Babu 1468,Chennai,Pure Veg,2024-05-09
1369,Vijay Natarajan 1469,Chennai,Pure Veg,2024-11-05
1370,Ananya Mudaliar 1470,Chennai,Flexitarian,2024-12-28
1371,Suresh Kumar 1471,Chennai,Flexitarian,2024-07-11
1372,Divya Swaminathan 1472,Chennai,Flexitarian,2024-11-02
1373,Ganesh Babu 1473,Chennai,Pure Veg,2024-06-29
1374,Meena Natarajan 1474,Chennai,Flexitarian,2024-10-18
1375,Rajesh Mudaliar 1475,Chennai,Flexitarian,2024-10-08
1376,Kavitha Kumar 1476,Chennai,Flexitarian,2024-01-29
1377,Venkatesh Swaminathan 1477,Chennai,Flexitarian,2024-05-28
1378,Nandhini Babu 1478,Chennai,Flexitarian,2024-09-23
1379,Santhosh Natarajan 1479,Chennai,Flexitarian,2024-10-22
1380,Swetha Mudaliar 1480,Chennai,Flexitarian,2024-01-11
1381,Aravind Kumar 1481,Chennai,Non-Veg Enthusiast,2024-06-12
1382,Priya Swaminathan 1482,Chennai,Flexitarian,2024-04-22
1383,Karthik Babu 1483,Chennai,Flexitarian,2024-07-05
1384,Deepa Natarajan 1484,Chennai,Pure Veg,2024-10-21
1385,Siddharth Mudaliar 1485,Chennai,Pure Veg,2024-08-19
1386,Bhavana Kumar 1486,Chennai,Flexitarian,2024-08-14
1387,Ramesh Swaminathan 1487,Chennai,Flexitarian,2024-11-05
1388,Lakshmi Babu 1488,Chennai,Flexitarian,2024-04-07
1389,Vijay Natarajan 1489,Chennai,Flexitarian,2024-02-24
1390,Ananya Mudaliar 1490,Chennai,Flexitarian,2024-04-20
1391,Suresh Kumar 1491,Chennai,Flexitarian,2024-05-31
1392,Divya Swaminathan 1492,Chennai,Pure Veg,2024-09-02
1393,Ganesh Babu 1493,Chennai,Flexitarian,2024-03-09
1394,Meena Natarajan 1494,Chennai,Flexitarian,2024-11-07
1395,Rajesh Mudaliar 1495,Chennai,Flexitarian,2024-10-15
1396,Kavitha Kumar 1496,Chennai,Flexitarian,2024-09-06
1397,Venkatesh Swaminathan 1497,Chennai,Pure Veg,2024-02-05
1398,Nandhini Babu 1498,Chennai,Flexitarian,2024-08-26
1399,Santhosh Natarajan 1499,Chennai,Pure Veg,2024-05-27
1400,Swetha Mudaliar 1500,Chennai,Pure Veg,2024-08-14
1401,Aravind Kumar 1501,Chennai,Flexitarian,2024-08-31
1402,Priya Swaminathan 1502,Chennai,Flexitarian,2024-12-02
1403,Karthik Babu 1503,Chennai,Flexitarian,2024-12-30
1404,Deepa Natarajan 1504,Chennai,Pure Veg,2024-07-19
1405,Siddharth Mudaliar 1505,Chennai,Flexitarian,2024-06-02
1406,Bhavana Kumar 1506,Chennai,Pure Veg,2024-03-13
1407,Ramesh Swaminathan 1507,Chennai,Flexitarian,2024-07-19
1408,Lakshmi Babu 1508,Chennai,Flexitarian,2024-10-22
1409,Vijay Natarajan 1509,Chennai,Flexitarian,2024-01-17
1410,Ananya Mudaliar 1510,Chennai,Flexitarian,2024-05-08
1411,Suresh Kumar 1511,Chennai,Flexitarian,2024-08-04
1412,Divya Swaminathan 1512,Chennai,Flexitarian,2024-03-01
1413,Ganesh Babu 1513,Chennai,Flexitarian,2024-04-13
1414,Meena Natarajan 1514,Chennai,Flexitarian,2024-02-11
1415,Rajesh Mudaliar 1515,Chennai,Pure Veg,2024-01-25
1416,Kavitha Kumar 1516,Chennai,Flexitarian,2024-02-08
1417,Venkatesh Swaminathan 1517,Chennai,Flexitarian,2024-10-17
1418,Nandhini Babu 1518,Chennai,Flexitarian,2024-05-10
1419,Santhosh Natarajan 1519,Chennai,Flexitarian,2024-08-16
1420,Swetha Mudaliar 1520,Chennai,Flexitarian,2024-04-17
1421,Aravind Kumar 1521,Chennai,Flexitarian,2024-06-20
1422,Priya Swaminathan 1522,Chennai,Non-Veg Enthusiast,2024-04-11
1423,Karthik Babu 1523,Chennai,Flexitarian,2024-12-19
1424,Deepa Natarajan 1524,Chennai,Flexitarian,2024-01-12
1425,Siddharth Mudaliar 1525,Chennai,Flexitarian,2024-10-01
1426,Bhavana Kumar 1526,Chennai,Flexitarian,2024-04-10
1427,Ramesh Swaminathan 1527,Chennai,Flexitarian,2024-02-13
1428,Lakshmi Babu 1528,Chennai,Flexitarian,2024-10-31
1429,Vijay Natarajan 1529,Chennai,Flexitarian,2024-01-17
1430,Ananya Mudaliar 1530,Chennai,Flexitarian,2024-11-25
1431,Suresh Kumar 1531,Chennai,Pure Veg,2024-02-26
1432,Divya Swaminathan 1532,Chennai,Pure Veg,2024-11-06
1433,Ganesh Babu 1533,Chennai,Pure Veg,2024-10-29
1434,Meena Natarajan 1534,Chennai,Flexitarian,2024-01-12
1435,Rajesh Mudaliar 1535,Chennai,Flexitarian,2024-11-13
1436,Kavitha Kumar 1536,Chennai,Pure Veg,2024-03-20
1437,Venkatesh Swaminathan 1537,Chennai,Flexitarian,2024-08-03
1438,Nandhini Babu 1538,Chennai,Pure Veg,2024-12-04
1439,Santhosh Natarajan 1539,Chennai,Flexitarian,2024-09-20
1440,Swetha Mudaliar 1540,Chennai,Flexitarian,2024-05-28
1441,Aravind Kumar 1541,Chennai,Flexitarian,2024-03-21
1442,Priya Swaminathan 1542,Chennai,Flexitarian,2024-08-02
1443,Karthik Babu 1543,Chennai,Pure Veg,2024-07-16
1444,Deepa Natarajan 1544,Chennai,Flexitarian,2024-07-18
1445,Siddharth Mudaliar 1545,Chennai,Flexitarian,2024-01-25
1446,Bhavana Kumar 1546,Chennai,Flexitarian,2024-03-29
1447,Ramesh Swaminathan 1547,Chennai,Flexitarian,2024-09-24
1448,Lakshmi Babu 1548,Chennai,Flexitarian,2024-05-22
1449,Vijay Natarajan 1549,Chennai,Flexitarian,2024-02-28
1450,Ananya Mudaliar 1550,Chennai,Non-Veg Enthusiast,2024-12-30
1451,Suresh Kumar 1551,Chennai,Flexitarian,2024-01-26
1452,Divya Swaminathan 1552,Chennai,Pure Veg,2024-02-16
1453,Ganesh Babu 1553,Chennai,Flexitarian,2024-10-14
1454,Meena Natarajan 1554,Chennai,Flexitarian,2024-09-22
1455,Rajesh Mudaliar 1555,Chennai,Flexitarian,2024-01-16
1456,Kavitha Kumar 1556,Chennai,Flexitarian,2024-07-17
1457,Venkatesh Swaminathan 1557,Chennai,Flexitarian,2024-10-08
1458,Nandhini Babu 1558,Chennai,Flexitarian,2024-03-26
1459,Santhosh Natarajan 1559,Chennai,Flexitarian,2024-09-06
1460,Swetha Mudaliar 1560,Chennai,Pure Veg,2024-09-26
1461,Aravind Kumar 1561,Chennai,Flexitarian,2024-11-30
1462,Priya Swaminathan 1562,Chennai,Flexitarian,2024-04-26
1463,Karthik Babu 1563,Chennai,Pure Veg,2024-01-07
1464,Deepa Natarajan 1564,Chennai,Non-Veg Enthusiast,2024-05-16
1465,Siddharth Mudaliar 1565,Chennai,Flexitarian,2024-06-24
1466,Bhavana Kumar 1566,Chennai,Pure Veg,2024-11-23
1467,Ramesh Swaminathan 1567,Chennai,Non-Veg Enthusiast,2024-11-10
1468,Lakshmi Babu 1568,Chennai,Flexitarian,2024-08-02
1469,Vijay Natarajan 1569,Chennai,Flexitarian,2024-03-22
1470,Ananya Mudaliar 1570,Chennai,Flexitarian,2024-08-10
1471,Suresh Kumar 1571,Chennai,Flexitarian,2024-04-12
1472,Divya Swaminathan 1572,Chennai,Pure Veg,2024-09-29
1473,Ganesh Babu 1573,Chennai,Pure Veg,2024-01-14
1474,Meena Natarajan 1574,Chennai,Flexitarian,2024-06-07
1475,Rajesh Mudaliar 1575,Chennai,Flexitarian,2024-05-31
1476,Kavitha Kumar 1576,Chennai,Pure Veg,2024-04-17
1477,Venkatesh Swaminathan 1577,Chennai,Flexitarian,2024-07-06
1478,Nandhini Babu 1578,Chennai,Flexitarian,2024-10-27
1479,Santhosh Natarajan 1579,Chennai,Flexitarian,2024-04-07
1480,Swetha Mudaliar 1580,Chennai,Flexitarian,2024-05-10
1481,Aravind Kumar 1581,Chennai,Flexitarian,2024-10-19
1482,Priya Swaminathan 1582,Chennai,Flexitarian,2024-06-19
1483,Karthik Babu 1583,Chennai,Flexitarian,2024-07-01
1484,Deepa Natarajan 1584,Chennai,Flexitarian,2024-12-29
1485,Siddharth Mudaliar 1585,Chennai,Flexitarian,2024-02-08
1486,Bhavana Kumar 1586,Chennai,Flexitarian,2024-01-15
1487,Ramesh Swaminathan 1587,Chennai,Flexitarian,2024-01-04
1488,Lakshmi Babu 1588,Chennai,Flexitarian,2024-12-14
1489,Vijay Natarajan 1589,Chennai,Pure Veg,2024-07-28
1490,Ananya Mudaliar 1590,Chennai,Flexitarian,2024-06-09
1491,Suresh Kumar 1591,Chennai,Flexitarian,2024-01-16
1492,Divya Swaminathan 1592,Chennai,Flexitarian,2024-04-17
1493,Ganesh Babu 1593,Chennai,Pure Veg,2024-11-06
1494,Meena Natarajan 1594,Chennai,Pure Veg,2024-08-14
1495,Rajesh Mudaliar 1595,Chennai,Flexitarian,2024-06-18
1496,Kavitha Kumar 1596,Chennai,Flexitarian,2024-02-03
1497,Venkatesh Swaminathan 1597,Chennai,Flexitarian,2024-09-07
1498,Nandhini Babu 1598,Chennai,Pure Veg,2024-09-03
1499,Santhosh Natarajan 1599,Chennai,Flexitarian,2024-09-25
1500,Swetha Mudaliar 1600,Chennai,Pure Veg,2024-05-20
1501,Aravind Kumar 1601,Chennai,Flexitarian,2024-09-30
1502,Priya Swaminathan 1602,Chennai,Pure Veg,2024-04-05
1503,Karthik Babu 1603,Chennai,Pure Veg,2024-08-14
1504,Deepa Natarajan 1604,Chennai,Flexitarian,2024-02-08
1505,Siddharth Mudaliar 1605,Chennai,Flexitarian,2024-10-28
1506,Bhavana Kumar 1606,Chennai,Pure Veg,2024-01-29
1507,Ramesh Swaminathan 1607,Chennai,Flexitarian,2024-11-13
1508,Lakshmi Babu 1608,Chennai,Flexitarian,2024-09-01
1509,Vijay Natarajan 1609,Chennai,Pure Veg,2024-08-23
1510,Ananya Mudaliar 1610,Chennai,Pure Veg,2024-07-03
1511,Suresh Kumar 1611,Chennai,Flexitarian,2024-09-28
1512,Divya Swaminathan 1612,Chennai,Flexitarian,2024-08-23
1513,Ganesh Babu 1613,Chennai,Flexitarian,2024-08-26
1514,Meena Natarajan 1614,Chennai,Non-Veg Enthusiast,2024-09-22
1515,Rajesh Mudaliar 1615,Chennai,Flexitarian,2024-12-24
1516,Kavitha Kumar 1616,Chennai,Flexitarian,2024-12-05
1517,Venkatesh Swaminathan 1617,Chennai,Flexitarian,2024-03-05
1518,Nandhini Babu 1618,Chennai,Flexitarian,2024-06-25
1519,Santhosh Natarajan 1619,Chennai,Pure Veg,2024-01-03
1520,Swetha Mudaliar 1620,Chennai,Flexitarian,2024-05-21
1521,Aravind Kumar 1621,Chennai,Flexitarian,2024-06-06
1522,Priya Swaminathan 1622,Chennai,Flexitarian,2024-11-19
1523,Karthik Babu 1623,Chennai,Flexitarian,2024-05-25
1524,Deepa Natarajan 1624,Chennai,Pure Veg,2024-10-19
1525,Siddharth Mudaliar 1625,Chennai,Flexitarian,2024-06-01
1526,Bhavana Kumar 1626,Chennai,Flexitarian,2024-07-11
1527,Ramesh Swaminathan 1627,Chennai,Pure Veg,2024-03-13
1528,Lakshmi Babu 1628,Chennai,Pure Veg,2024-10-31
1529,Vijay Natarajan 1629,Chennai,Flexitarian,2024-12-09
1530,Ananya Mudaliar 1630,Chennai,Flexitarian,2024-05-19
1531,Suresh Kumar 1631,Chennai,Flexitarian,2024-07-05
1532,Divya Swaminathan 1632,Chennai,Flexitarian,2024-10-19
1533,Ganesh Babu 1633,Chennai,Flexitarian,2024-03-01
1534,Meena Natarajan 1634,Chennai,Flexitarian,2024-07-16
1535,Rajesh Mudaliar 1635,Chennai,Pure Veg,2024-10-21
1536,Kavitha Kumar 1636,Chennai,Flexitarian,2024-11-14
1537,Venkatesh Swaminathan 1637,Chennai,Flexitarian,2024-10-28
1538,Nandhini Babu 1638,Chennai,Flexitarian,2024-12-09
1539,Santhosh Natarajan 1639,Chennai,Flexitarian,2024-01-11
1540,Swetha Mudaliar 1640,Chennai,Pure Veg,2024-03-02
1541,Aravind Kumar 1641,Chennai,Flexitarian,2024-11-28
1542,Priya Swaminathan 1642,Chennai,Pure Veg,2024-08-13
1543,Karthik Babu 1643,Chennai,Flexitarian,2024-06-01
1544,Deepa Natarajan 1644,Chennai,Flexitarian,2024-07-17
1545,Siddharth Mudaliar 1645,Chennai,Flexitarian,2024-02-21
1546,Bhavana Kumar 1646,Chennai,Pure Veg,2024-09-16
1547,Ramesh Swaminathan 1647,Chennai,Flexitarian,2024-02-28
1548,Lakshmi Babu 1648,Chennai,Flexitarian,2024-03-12
1549,Vijay Natarajan 1649,Chennai,Flexitarian,2024-05-27
1550,Ananya Mudaliar 1650,Chennai,Flexitarian,2024-12-14
1551,Suresh Kumar 1651,Chennai,Flexitarian,2024-03-03
1552,Divya Swaminathan 1652,Chennai,Flexitarian,2024-11-05
1553,Ganesh Babu 1653,Chennai,Pure Veg,2024-08-30
1554,Meena Natarajan 1654,Chennai,Flexitarian,2024-11-25
1555,Rajesh Mudaliar 1655,Chennai,Flexitarian,2024-04-16
1556,Kavitha Kumar 1656,Chennai,Flexitarian,2024-08-13
1557,Venkatesh Swaminathan 1657,Chennai,Flexitarian,2024-11-08
1558,Nandhini Babu 1658,Chennai,Flexitarian,2024-08-05
1559,Santhosh Natarajan 1659,Chennai,Pure Veg,2024-08-28
1560,Swetha Mudaliar 1660,Chennai,Flexitarian,2024-09-15
1561,Aravind Kumar 1661,Chennai,Flexitarian,2024-09-18
1562,Priya Swaminathan 1662,Chennai,Flexitarian,2024-01-05
1563,Karthik Babu 1663,Chennai,Flexitarian,2024-09-17
1564,Deepa Natarajan 1664,Chennai,Pure Veg,2024-02-23
1565,Siddharth Mudaliar 1665,Chennai,Pure Veg,2024-02-16
1566,Bhavana Kumar 1666,Chennai,Flexitarian,2024-08-02
1567,Ramesh Swaminathan 1667,Chennai,Pure Veg,2024-06-25
1568,Lakshmi Babu 1668,Chennai,Pure Veg,2024-01-09
1569,Vijay Natarajan 1669,Chennai,Flexitarian,2024-04-08
1570,Ananya Mudaliar 1670,Chennai,Flexitarian,2024-01-20
1571,Suresh Kumar 1671,Chennai,Pure Veg,2024-08-28
1572,Divya Swaminathan 1672,Chennai,Pure Veg,2024-03-01
1573,Ganesh Babu 1673,Chennai,Flexitarian,2024-06-26
1574,Meena Natarajan 1674,Chennai,Pure Veg,2024-12-03
1575,Rajesh Mudaliar 1675,Chennai,Flexitarian,2024-03-02
1576,Kavitha Kumar 1676,Chennai,Flexitarian,2024-05-24
1577,Venkatesh Swaminathan 1677,Chennai,Flexitarian,2024-08-03
1578,Nandhini Babu 1678,Chennai,Pure Veg,2024-01-03
1579,Santhosh Natarajan 1679,Chennai,Flexitarian,2024-06-08
1580,Swetha Mudaliar 1680,Chennai,Flexitarian,2024-08-14
1581,Aravind Kumar 1681,Chennai,Flexitarian,2024-09-25
1582,Priya Swaminathan 1682,Chennai,Flexitarian,2024-04-29
1583,Karthik Babu 1683,Chennai,Flexitarian,2024-03-29
1584,Deepa Natarajan 1684,Chennai,Flexitarian,2024-11-24
1585,Siddharth Mudaliar 1685,Chennai,Flexitarian,2024-03-08
1586,Bhavana Kumar 1686,Chennai,Flexitarian,2024-12-22
1587,Ramesh Swaminathan 1687,Chennai,Flexitarian,2024-04-07
1588,Lakshmi Babu 1688,Chennai,Pure Veg,2024-09-23
1589,Vijay Natarajan 1689,Chennai,Pure Veg,2024-04-14
1590,Ananya Mudaliar 1690,Chennai,Flexitarian,2024-11-18
1591,Suresh Kumar 1691,Chennai,Flexitarian,2024-05-02
1592,Divya Swaminathan 1692,Chennai,Flexitarian,2024-01-29
1593,Ganesh Babu 1693,Chennai,Flexitarian,2024-05-16
1594,Meena Natarajan 1694,Chennai,Flexitarian,2024-07-13
1595,Rajesh Mudaliar 1695,Chennai,Flexitarian,2024-08-13
1596,Kavitha Kumar 1696,Chennai,Pure Veg,2024-11-27
1597,Venkatesh Swaminathan 1697,Chennai,Pure Veg,2024-06-18
1598,Nandhini Babu 1698,Chennai,Flexitarian,2024-01-09
1599,Santhosh Natarajan 1699,Chennai,Pure Veg,2024-02-09
1600,Swetha Mudaliar 1700,Chennai,Flexitarian,2024-01-25
1601,Aravind Kumar 1701,Chennai,Flexitarian,2024-09-17
1602,Priya Swaminathan 1702,Chennai,Flexitarian,2024-08-13
1603,Karthik Babu 1703,Chennai,Flexitarian,2024-05-03
1604,Deepa Natarajan 1704,Chennai,Flexitarian,2024-02-07
1605,Siddharth Mudaliar 1705,Chennai,Flexitarian,2024-11-23
1606,Bhavana Kumar 1706,Chennai,Flexitarian,2024-09-07
1607,Ramesh Swaminathan 1707,Chennai,Pure Veg,2024-06-24
1608,Lakshmi Babu 1708,Chennai,Flexitarian,2024-03-30
1609,Vijay Natarajan 1709,Chennai,Flexitarian,2024-02-06
1610,Ananya Mudaliar 1710,Chennai,Flexitarian,2024-11-11
1611,Suresh Kumar 1711,Chennai,Pure Veg,2024-06-24
1612,Divya Swaminathan 1712,Chennai,Flexitarian,2024-10-10
1613,Ganesh Babu 1713,Chennai,Flexitarian,2024-03-21
1614,Meena Natarajan 1714,Chennai,Flexitarian,2024-04-23
1615,Rajesh Mudaliar 1715,Chennai,Pure Veg,2024-02-09
1616,Kavitha Kumar 1716,Chennai,Pure Veg,2024-10-27
1617,Venkatesh Swaminathan 1717,Chennai,Flexitarian,2024-08-11
1618,Nandhini Babu 1718,Chennai,Flexitarian,2024-11-13
1619,Santhosh Natarajan 1719,Chennai,Flexitarian,2024-12-14
1620,Swetha Mudaliar 1720,Chennai,Pure Veg,2024-04-24
1621,Aravind Kumar 1721,Chennai,Flexitarian,2024-07-04
1622,Priya Swaminathan 1722,Chennai,Flexitarian,2024-11-18
1623,Karthik Babu 1723,Chennai,Flexitarian,2024-02-25
1624,Deepa Natarajan 1724,Chennai,Flexitarian,2024-02-09
1625,Siddharth Mudaliar 1725,Chennai,Flexitarian,2024-12-19
1626,Bhavana Kumar 1726,Chennai,Pure Veg,2024-02-09
1627,Ramesh Swaminathan 1727,Chennai,Flexitarian,2024-12-12
1628,Lakshmi Babu 1728,Chennai,Flexitarian,2024-08-24
1629,Vijay Natarajan 1729,Chennai,Flexitarian,2024-10-15
1630,Ananya Mudaliar 1730,Chennai,Flexitarian,2024-09-18
1631,Suresh Kumar 1731,Chennai,Flexitarian,2024-08-03
1632,Divya Swaminathan 1732,Chennai,Flexitarian,2024-05-26
1633,Ganesh Babu 1733,Chennai,Pure Veg,2024-12-01
1634,Meena Natarajan 1734,Chennai,Flexitarian,2024-06-16
1635,Rajesh Mudaliar 1735,Chennai,Flexitarian,2024-04-01
1636,Kavitha Kumar 1736,Chennai,Flexitarian,2024-12-18
1637,Venkatesh Swaminathan 1737,Chennai,Flexitarian,2024-02-28
1638,Nandhini Babu 1738,Chennai,Pure Veg,2024-02-28
1639,Santhosh Natarajan 1739,Chennai,Flexitarian,2024-10-30
1640,Swetha Mudaliar 1740,Chennai,Flexitarian,2024-06-17
1641,Aravind Kumar 1741,Chennai,Flexitarian,2024-09-25
1642,Priya Swaminathan 1742,Chennai,Flexitarian,2024-12-28
1643,Karthik Babu 1743,Chennai,Flexitarian,2024-02-14
1644,Deepa Natarajan 1744,Chennai,Flexitarian,2024-12-10
1645,Siddharth Mudaliar 1745,Chennai,Non-Veg Enthusiast,2024-06-29
1646,Bhavana Kumar 1746,Chennai,Flexitarian,2024-06-18
1647,Ramesh Swaminathan 1747,Chennai,Pure Veg,2024-12-21
1648,Lakshmi Babu 1748,Chennai,Flexitarian,2024-07-09
1649,Vijay Natarajan 1749,Chennai,Flexitarian,2024-06-03
1650,Ananya Mudaliar 1750,Chennai,Flexitarian,2024-07-06
1651,Suresh Kumar 1751,Chennai,Non-Veg Enthusiast,2024-01-07
1652,Divya Swaminathan 1752,Chennai,Pure Veg,2024-05-12
1653,Ganesh Babu 1753,Chennai,Flexitarian,2024-08-22
1654,Meena Natarajan 1754,Chennai,Flexitarian,2024-02-14
1655,Rajesh Mudaliar 1755,Chennai,Flexitarian,2024-11-09
1656,Kavitha Kumar 1756,Chennai,Flexitarian,2024-09-05
1657,Venkatesh Swaminathan 1757,Chennai,Flexitarian,2024-01-31
1658,Nandhini Babu 1758,Chennai,Flexitarian,2024-01-23
1659,Santhosh Natarajan 1759,Chennai,Flexitarian,2024-06-08
1660,Swetha Mudaliar 1760,Chennai,Flexitarian,2024-12-28
1661,Aravind Kumar 1761,Chennai,Pure Veg,2024-06-06
1662,Priya Swaminathan 1762,Chennai,Flexitarian,2024-02-08
1663,Karthik Babu 1763,Chennai,Flexitarian,2024-03-22
1664,Deepa Natarajan 1764,Chennai,Pure Veg,2024-12-21
1665,Siddharth Mudaliar 1765,Chennai,Flexitarian,2024-09-14
1666,Bhavana Kumar 1766,Chennai,Pure Veg,2024-07-24
1667,Ramesh Swaminathan 1767,Chennai,Flexitarian,2024-03-17
1668,Lakshmi Babu 1768,Chennai,Flexitarian,2024-01-12
1669,Vijay Natarajan 1769,Chennai,Pure Veg,2024-10-21
1670,Ananya Mudaliar 1770,Chennai,Flexitarian,2024-08-11
1671,Suresh Kumar 1771,Chennai,Pure Veg,2024-01-13
1672,Divya Swaminathan 1772,Chennai,Flexitarian,2024-02-15
1673,Ganesh Babu 1773,Chennai,Flexitarian,2024-06-03
1674,Meena Natarajan 1774,Chennai,Pure Veg,2024-04-22
1675,Rajesh Mudaliar 1775,Chennai,Flexitarian,2024-08-20
1676,Kavitha Kumar 1776,Chennai,Flexitarian,2024-01-17
1677,Venkatesh Swaminathan 1777,Chennai,Flexitarian,2024-12-25
1678,Nandhini Babu 1778,Chennai,Flexitarian,2024-08-10
1679,Santhosh Natarajan 1779,Chennai,Flexitarian,2024-12-19
1680,Swetha Mudaliar 1780,Chennai,Flexitarian,2024-07-06
1681,Aravind Kumar 1781,Chennai,Flexitarian,2024-12-09
1682,Priya Swaminathan 1782,Chennai,Flexitarian,2024-12-30
1683,Karthik Babu 1783,Chennai,Flexitarian,2024-06-11
1684,Deepa Natarajan 1784,Chennai,Flexitarian,2024-11-21
1685,Siddharth Mudaliar 1785,Chennai,Flexitarian,2024-03-14
1686,Bhavana Kumar 1786,Chennai,Pure Veg,2024-08-20
1687,Ramesh Swaminathan 1787,Chennai,Flexitarian,2024-08-11
1688,Lakshmi Babu 1788,Chennai,Flexitarian,2024-11-14
1689,Vijay Natarajan 1789,Chennai,Pure Veg,2024-02-29
1690,Ananya Mudaliar 1790,Chennai,Pure Veg,2024-11-30
1691,Suresh Kumar 1791,Chennai,Flexitarian,2024-08-09
1692,Divya Swaminathan 1792,Chennai,Flexitarian,2024-02-06
1693,Ganesh Babu 1793,Chennai,Flexitarian,2024-10-04
1694,Meena Natarajan 1794,Chennai,Flexitarian,2024-07-14
1695,Rajesh Mudaliar 1795,Chennai,Pure Veg,2024-12-17
1696,Kavitha Kumar 1796,Chennai,Flexitarian,2024-08-29
1697,Venkatesh Swaminathan 1797,Chennai,Pure Veg,2024-11-19
1698,Nandhini Babu 1798,Chennai,Flexitarian,2024-08-06
1699,Santhosh Natarajan 1799,Chennai,Flexitarian,2024-07-10
1700,Swetha Mudaliar 1800,Chennai,Flexitarian,2024-01-17
1701,Aravind Kumar 1801,Chennai,Flexitarian,2024-01-12
1702,Priya Swaminathan 1802,Chennai,Flexitarian,2024-07-11
1703,Karthik Babu 1803,Chennai,Pure Veg,2024-01-22
1704,Deepa Natarajan 1804,Chennai,Flexitarian,2024-04-29
1705,Siddharth Mudaliar 1805,Chennai,Flexitarian,2024-07-28
1706,Bhavana Kumar 1806,Chennai,Flexitarian,2024-11-01
1707,Ramesh Swaminathan 1807,Chennai,Flexitarian,2024-09-26
1708,Lakshmi Babu 1808,Chennai,Flexitarian,2024-07-10
1709,Vijay Natarajan 1809,Chennai,Flexitarian,2024-06-23
1710,Ananya Mudaliar 1810,Chennai,Flexitarian,2024-10-11
1711,Suresh Kumar 1811,Chennai,Flexitarian,2024-07-22
1712,Divya Swaminathan 1812,Chennai,Flexitarian,2024-06-12
1713,Ganesh Babu 1813,Chennai,Pure Veg,2024-09-07
1714,Meena Natarajan 1814,Chennai,Flexitarian,2024-08-14
1715,Rajesh Mudaliar 1815,Chennai,Flexitarian,2024-01-07
1716,Kavitha Kumar 1816,Chennai,Flexitarian,2024-01-29
1717,Venkatesh Swaminathan 1817,Chennai,Pure Veg,2024-02-02
1718,Nandhini Babu 1818,Chennai,Flexitarian,2024-05-13
1719,Santhosh Natarajan 1819,Chennai,Flexitarian,2024-03-19
1720,Swetha Mudaliar 1820,Chennai,Flexitarian,2024-02-27
1721,Aravind Kumar 1821,Chennai,Flexitarian,2024-01-26
1722,Priya Swaminathan 1822,Chennai,Pure Veg,2024-08-13
1723,Karthik Babu 1823,Chennai,Flexitarian,2024-10-11
1724,Deepa Natarajan 1824,Chennai,Flexitarian,2024-01-04
1725,Siddharth Mudaliar 1825,Chennai,Flexitarian,2024-04-08
1726,Bhavana Kumar 1826,Chennai,Flexitarian,2024-02-08
1727,Ramesh Swaminathan 1827,Chennai,Flexitarian,2024-09-27
1728,Lakshmi Babu 1828,Chennai,Flexitarian,2024-10-11
1729,Vijay Natarajan 1829,Chennai,Pure Veg,2024-06-05
1730,Ananya Mudaliar 1830,Chennai,Flexitarian,2024-03-15
1731,Suresh Kumar 1831,Chennai,Flexitarian,2024-10-14
1732,Divya Swaminathan 1832,Chennai,Flexitarian,2024-05-09
1733,Ganesh Babu 1833,Chennai,Flexitarian,2024-06-23
1734,Meena Natarajan 1834,Chennai,Flexitarian,2024-03-24
1735,Rajesh Mudaliar 1835,Chennai,Pure Veg,2024-01-22
1736,Kavitha Kumar 1836,Chennai,Flexitarian,2024-01-27
1737,Venkatesh Swaminathan 1837,Chennai,Pure Veg,2024-07-13
1738,Nandhini Babu 1838,Chennai,Flexitarian,2024-12-02
1739,Santhosh Natarajan 1839,Chennai,Flexitarian,2024-08-23
1740,Swetha Mudaliar 1840,Chennai,Flexitarian,2024-04-01
1741,Aravind Kumar 1841,Chennai,Pure Veg,2024-01-21
1742,Priya Swaminathan 1842,Chennai,Flexitarian,2024-10-29
1743,Karthik Babu 1843,Chennai,Flexitarian,2024-12-22
1744,Deepa Natarajan 1844,Chennai,Flexitarian,2024-03-24
1745,Siddharth Mudaliar 1845,Chennai,Flexitarian,2024-09-18
1746,Bhavana Kumar 1846,Chennai,Pure Veg,2024-05-26
1747,Ramesh Swaminathan 1847,Chennai,Flexitarian,2024-09-13
1748,Lakshmi Babu 1848,Chennai,Flexitarian,2024-02-27
1749,Vijay Natarajan 1849,Chennai,Flexitarian,2024-01-15
1750,Ananya Mudaliar 1850,Chennai,Flexitarian,2024-06-10
1751,Suresh Kumar 1851,Chennai,Flexitarian,2024-06-11
1752,Divya Swaminathan 1852,Chennai,Flexitarian,2024-11-15
1753,Ganesh Babu 1853,Chennai,Flexitarian,2024-10-07
1754,Meena Natarajan 1854,Chennai,Flexitarian,2024-10-06
1755,Rajesh Mudaliar 1855,Chennai,Flexitarian,2024-01-12
1756,Kavitha Kumar 1856,Chennai,Flexitarian,2024-09-30
1757,Venkatesh Swaminathan 1857,Chennai,Pure Veg,2024-09-27
1758,Nandhini Babu 1858,Chennai,Pure Veg,2024-07-26
1759,Santhosh Natarajan 1859,Chennai,Flexitarian,2024-01-27
1760,Swetha Mudaliar 1860,Chennai,Flexitarian,2024-03-12
1761,Aravind Kumar 1861,Chennai,Pure Veg,2024-02-29
1762,Priya Swaminathan 1862,Chennai,Flexitarian,2024-05-24
1763,Karthik Babu 1863,Chennai,Pure Veg,2024-04-02
1764,Deepa Natarajan 1864,Chennai,Flexitarian,2024-11-04
1765,Siddharth Mudaliar 1865,Chennai,Flexitarian,2024-01-08
1766,Bhavana Kumar 1866,Chennai,Flexitarian,2024-03-19
1767,Ramesh Swaminathan 1867,Chennai,Pure Veg,2024-01-27
1768,Lakshmi Babu 1868,Chennai,Pure Veg,2024-06-22
1769,Vijay Natarajan 1869,Chennai,Flexitarian,2024-02-19
1770,Ananya Mudaliar 1870,Chennai,Flexitarian,2024-07-17
1771,Suresh Kumar 1871,Chennai,Flexitarian,2024-12-14
1772,Divya Swaminathan 1872,Chennai,Flexitarian,2024-06-29
1773,Ganesh Babu 1873,Chennai,Flexitarian,2024-01-24
1774,Meena Natarajan 1874,Chennai,Pure Veg,2024-11-11
1775,Rajesh Mudaliar 1875,Chennai,Pure Veg,2024-02-15
1776,Kavitha Kumar 1876,Chennai,Pure Veg,2024-01-15
1777,Venkatesh Swaminathan 1877,Chennai,Pure Veg,2024-06-01
1778,Nandhini Babu 1878,Chennai,Flexitarian,2024-08-09
1779,Santhosh Natarajan 1879,Chennai,Flexitarian,2024-07-24
1780,Swetha Mudaliar 1880,Chennai,Flexitarian,2024-09-29
1781,Aravind Kumar 1881,Chennai,Flexitarian,2024-08-23
1782,Priya Swaminathan 1882,Chennai,Pure Veg,2024-12-05
1783,Karthik Babu 1883,Chennai,Flexitarian,2024-08-15
1784,Deepa Natarajan 1884,Chennai,Flexitarian,2024-01-09
1785,Siddharth Mudaliar 1885,Chennai,Flexitarian,2024-06-14
1786,Bhavana Kumar 1886,Chennai,Flexitarian,2024-11-14
1787,Ramesh Swaminathan 1887,Chennai,Flexitarian,2024-08-01
1788,Lakshmi Babu 1888,Chennai,Pure Veg,2024-04-26
1789,Vijay Natarajan 1889,Chennai,Pure Veg,2024-12-09
1790,Ananya Mudaliar 1890,Chennai,Pure Veg,2024-03-12
1791,Suresh Kumar 1891,Chennai,Flexitarian,2024-03-04
1792,Divya Swaminathan 1892,Chennai,Flexitarian,2024-07-23
1793,Ganesh Babu 1893,Chennai,Flexitarian,2024-07-27
1794,Meena Natarajan 1894,Chennai,Flexitarian,2024-03-12
1795,Rajesh Mudaliar 1895,Chennai,Flexitarian,2024-10-03
1796,Kavitha Kumar 1896,Chennai,Flexitarian,2024-09-30
1797,Venkatesh Swaminathan 1897,Chennai,Pure Veg,2024-11-15
1798,Nandhini Babu 1898,Chennai,Pure Veg,2024-12-03
1799,Santhosh Natarajan 1899,Chennai,Flexitarian,2024-04-04
1800,Swetha Mudaliar 1900,Chennai,Flexitarian,2024-06-14
1801,Aravind Kumar 1901,Chennai,Flexitarian,2024-02-01
1802,Priya Swaminathan 1902,Chennai,Pure Veg,2024-01-11
1803,Karthik Babu 1903,Chennai,Pure Veg,2024-10-27
1804,Deepa Natarajan 1904,Chennai,Pure Veg,2024-08-04
1805,Siddharth Mudaliar 1905,Chennai,Flexitarian,2024-10-15
1806,Bhavana Kumar 1906,Chennai,Pure Veg,2024-04-11
1807,Ramesh Swaminathan 1907,Chennai,Pure Veg,2024-09-23
1808,Lakshmi Babu 1908,Chennai,Flexitarian,2024-08-01
1809,Vijay Natarajan 1909,Chennai,Flexitarian,2024-06-27
1810,Ananya Mudaliar 1910,Chennai,Pure Veg,2024-03-28
1811,Suresh Kumar 1911,Chennai,Flexitarian,2024-02-10
1812,Divya Swaminathan 1912,Chennai,Flexitarian,2024-03-16
1813,Ganesh Babu 1913,Chennai,Non-Veg Enthusiast,2024-02-15
1814,Meena Natarajan 1914,Chennai,Flexitarian,2024-06-08
1815,Rajesh Mudaliar 1915,Chennai,Flexitarian,2024-03-20
1816,Kavitha Kumar 1916,Chennai,Flexitarian,2024-11-05
1817,Venkatesh Swaminathan 1917,Chennai,Flexitarian,2024-03-26
1818,Nandhini Babu 1918,Chennai,Pure Veg,2024-04-01
1819,Santhosh Natarajan 1919,Chennai,Flexitarian,2024-05-27
1820,Swetha Mudaliar 1920,Chennai,Pure Veg,2024-06-09
1821,Aravind Kumar 1921,Chennai,Flexitarian,2024-07-20
1822,Priya Swaminathan 1922,Chennai,Flexitarian,2024-08-29
1823,Karthik Babu 1923,Chennai,Non-Veg Enthusiast,2024-12-18
1824,Deepa Natarajan 1924,Chennai,Flexitarian,2024-01-02
1825,Siddharth Mudaliar 1925,Chennai,Pure Veg,2024-08-12
1826,Bhavana Kumar 1926,Chennai,Flexitarian,2024-10-15
1827,Ramesh Swaminathan 1927,Chennai,Flexitarian,2024-08-20
1828,Lakshmi Babu 1928,Chennai,Flexitarian,2024-03-17
1829,Vijay Natarajan 1929,Chennai,Flexitarian,2024-04-25
1830,Ananya Mudaliar 1930,Chennai,Pure Veg,2024-06-02
1831,Suresh Kumar 1931,Chennai,Pure Veg,2024-04-12
1832,Divya Swaminathan 1932,Chennai,Flexitarian,2024-07-12
1833,Ganesh Babu 1933,Chennai,Flexitarian,2024-06-14
1834,Meena Natarajan 1934,Chennai,Pure Veg,2024-12-24
1835,Rajesh Mudaliar 1935,Chennai,Flexitarian,2024-03-30
1836,Kavitha Kumar 1936,Chennai,Pure Veg,2024-06-22
1837,Venkatesh Swaminathan 1937,Chennai,Flexitarian,2024-05-01
1838,Nandhini Babu 1938,Chennai,Flexitarian,2024-05-22
1839,Santhosh Natarajan 1939,Chennai,Flexitarian,2024-04-15
1840,Swetha Mudaliar 1940,Chennai,Flexitarian,2024-10-31
1841,Aravind Kumar 1941,Chennai,Flexitarian,2024-12-25
1842,Priya Swaminathan 1942,Chennai,Flexitarian,2024-11-12
1843,Karthik Babu 1943,Chennai,Flexitarian,2024-05-02
1844,Deepa Natarajan 1944,Chennai,Flexitarian,2024-01-09
1845,Siddharth Mudaliar 1945,Chennai,Flexitarian,2024-09-18
1846,Bhavana Kumar 1946,Chennai,Flexitarian,2024-03-13
1847,Ramesh Swaminathan 1947,Chennai,Pure Veg,2024-12-24
1848,Lakshmi Babu 1948,Chennai,Flexitarian,2024-08-10
1849,Vijay Natarajan 1949,Chennai,Flexitarian,2024-02-10
1850,Ananya Mudaliar 1950,Chennai,Flexitarian,2024-07-22
1851,Suresh Kumar 1951,Chennai,Pure Veg,2024-09-20
1852,Divya Swaminathan 1952,Chennai,Flexitarian,2024-11-23
1853,Ganesh Babu 1953,Chennai,Flexitarian,2024-06-26
1854,Meena Natarajan 1954,Chennai,Flexitarian,2024-12-13
1855,Rajesh Mudaliar 1955,Chennai,Flexitarian,2024-11-13
1856,Kavitha Kumar 1956,Chennai,Pure Veg,2024-03-24
1857,Venkatesh Swaminathan 1957,Chennai,Flexitarian,2024-11-13
1858,Nandhini Babu 1958,Chennai,Flexitarian,2024-04-20
1859,Santhosh Natarajan 1959,Chennai,Pure Veg,2024-09-07
1860,Swetha Mudaliar 1960,Chennai,Flexitarian,2024-01-07
1861,Aravind Kumar 1961,Chennai,Flexitarian,2024-03-24
1862,Priya Swaminathan 1962,Chennai,Flexitarian,2024-07-26
1863,Karthik Babu 1963,Chennai,Pure Veg,2024-11-09
1864,Deepa Natarajan 1964,Chennai,Flexitarian,2024-01-22
1865,Siddharth Mudaliar 1965,Chennai,Pure Veg,2024-01-03
1866,Bhavana Kumar 1966,Chennai,Flexitarian,2024-05-06
1867,Ramesh Swaminathan 1967,Chennai,Flexitarian,2024-10-23
1868,Lakshmi Babu 1968,Chennai,Flexitarian,2024-07-06
1869,Vijay Natarajan 1969,Chennai,Pure Veg,2024-12-27
1870,Ananya Mudaliar 1970,Chennai,Pure Veg,2024-01-14
1871,Suresh Kumar 1971,Chennai,Flexitarian,2024-01-12
1872,Divya Swaminathan 1972,Chennai,Non-Veg Enthusiast,2024-03-27
1873,Ganesh Babu 1973,Chennai,Flexitarian,2024-01-12
1874,Meena Natarajan 1974,Chennai,Pure Veg,2024-01-25
1875,Rajesh Mudaliar 1975,Chennai,Flexitarian,2024-10-27
1876,Kavitha Kumar 1976,Chennai,Flexitarian,2024-08-30
1877,Venkatesh Swaminathan 1977,Chennai,Flexitarian,2024-05-01
1878,Nandhini Babu 1978,Chennai,Flexitarian,2024-05-26
1879,Santhosh Natarajan 1979,Chennai,Flexitarian,2024-02-24
1880,Swetha Mudaliar 1980,Chennai,Flexitarian,2024-08-25
1881,Aravind Kumar 1981,Chennai,Flexitarian,2024-12-21
1882,Priya Swaminathan 1982,Chennai,Pure Veg,2024-06-21
1883,Karthik Babu 1983,Chennai,Flexitarian,2024-08-08
1884,Deepa Natarajan 1984,Chennai,Pure Veg,2024-04-28
1885,Siddharth Mudaliar 1985,Chennai,Flexitarian,2024-11-04
1886,Bhavana Kumar 1986,Chennai,Pure Veg,2024-07-01
1887,Ramesh Swaminathan 1987,Chennai,Flexitarian,2024-10-14
1888,Lakshmi Babu 1988,Chennai,Flexitarian,2024-11-02
1889,Vijay Natarajan 1989,Chennai,Flexitarian,2024-10-26
1890,Ananya Mudaliar 1990,Chennai,Flexitarian,2024-03-22
1891,Suresh Kumar 1991,Chennai,Flexitarian,2024-07-29
1892,Divya Swaminathan 1992,Chennai,Flexitarian,2024-05-29
1893,Ganesh Babu 1993,Chennai,Flexitarian,2024-02-06
1894,Meena Natarajan 1994,Chennai,Pure Veg,2024-12-17
1895,Rajesh Mudaliar 1995,Chennai,Flexitarian,2024-11-07
1896,Kavitha Kumar 1996,Chennai,Flexitarian,2024-12-26
1897,Venkatesh Swaminathan 1997,Chennai,Flexitarian,2024-02-28
1898,Nandhini Babu 1998,Chennai,Flexitarian,2024-05-10
1899,Santhosh Natarajan 1999,Chennai,Flexitarian,2024-07-20
1900,Swetha Mudaliar 2000,Chennai,Pure Veg,2024-08-30
1901,Aravind Kumar 2001,Chennai,Flexitarian,2024-02-04
1902,Priya Swaminathan 2002,Chennai,Flexitarian,2024-04-02
1903,Karthik Babu 2003,Chennai,Flexitarian,2024-07-25
1904,Deepa Natarajan 2004,Chennai,Pure Veg,2024-12-18
1905,Siddharth Mudaliar 2005,Chennai,Pure Veg,2024-11-27
1906,Bhavana Kumar 2006,Chennai,Flexitarian,2024-10-31
1907,Ramesh Swaminathan 2007,Chennai,Flexitarian,2024-12-15
1908,Lakshmi Babu 2008,Chennai,Flexitarian,2024-07-31
1909,Vijay Natarajan 2009,Chennai,Flexitarian,2024-06-07
1910,Ananya Mudaliar 2010,Chennai,Flexitarian,2024-01-24
1911,Suresh Kumar 2011,Chennai,Pure Veg,2024-10-19
1912,Divya Swaminathan 2012,Chennai,Flexitarian,2024-01-04
1913,Ganesh Babu 2013,Chennai,Pure Veg,2024-08-07
1914,Meena Natarajan 2014,Chennai,Pure Veg,2024-12-29
1915,Rajesh Mudaliar 2015,Chennai,Flexitarian,2024-01-20
1916,Kavitha Kumar 2016,Chennai,Flexitarian,2024-05-31
1917,Venkatesh Swaminathan 2017,Chennai,Pure Veg,2024-02-19
1918,Nandhini Babu 2018,Chennai,Flexitarian,2024-06-25
1919,Santhosh Natarajan 2019,Chennai,Flexitarian,2024-04-05
1920,Swetha Mudaliar 2020,Chennai,Flexitarian,2024-04-14
1921,Aravind Kumar 2021,Chennai,Flexitarian,2024-09-06
1922,Priya Swaminathan 2022,Chennai,Flexitarian,2024-04-26
1923,Karthik Babu 2023,Chennai,Flexitarian,2024-12-19
1924,Deepa Natarajan 2024,Chennai,Flexitarian,2024-08-15
1925,Siddharth Mudaliar 2025,Chennai,Flexitarian,2024-03-06
1926,Bhavana Kumar 2026,Chennai,Flexitarian,2024-11-30
1927,Ramesh Swaminathan 2027,Chennai,Flexitarian,2024-09-18
1928,Lakshmi Babu 2028,Chennai,Flexitarian,2024-10-21
1929,Vijay Natarajan 2029,Chennai,Flexitarian,2024-08-30
1930,Ananya Mudaliar 2030,Chennai,Flexitarian,2024-07-04
1931,Suresh Kumar 2031,Chennai,Flexitarian,2024-09-02
1932,Divya Swaminathan 2032,Chennai,Flexitarian,2024-05-04
1933,Ganesh Babu 2033,Chennai,Pure Veg,2024-09-24
1934,Meena Natarajan 2034,Chennai,Pure Veg,2024-05-10
1935,Rajesh Mudaliar 2035,Chennai,Pure Veg,2024-08-24
1936,Kavitha Kumar 2036,Chennai,Flexitarian,2024-01-18
1937,Venkatesh Swaminathan 2037,Chennai,Flexitarian,2024-02-09
1938,Nandhini Babu 2038,Chennai,Pure Veg,2024-01-21
1939,Santhosh Natarajan 2039,Chennai,Flexitarian,2024-08-12
1940,Swetha Mudaliar 2040,Chennai,Flexitarian,2024-12-20
1941,Aravind Kumar 2041,Chennai,Flexitarian,2024-10-08
1942,Priya Swaminathan 2042,Chennai,Flexitarian,2024-01-08
1943,Karthik Babu 2043,Chennai,Flexitarian,2024-04-09
1944,Deepa Natarajan 2044,Chennai,Flexitarian,2024-08-27
1945,Siddharth Mudaliar 2045,Chennai,Flexitarian,2024-03-27
1946,Bhavana Kumar 2046,Chennai,Flexitarian,2024-10-24
1947,Ramesh Swaminathan 2047,Chennai,Pure Veg,2024-01-14
1948,Lakshmi Babu 2048,Chennai,Flexitarian,2024-11-29
1949,Vijay Natarajan 2049,Chennai,Flexitarian,2024-01-02
1950,Ananya Mudaliar 2050,Chennai,Flexitarian,2024-10-19
1951,Suresh Kumar 2051,Chennai,Pure Veg,2024-11-20
1952,Divya Swaminathan 2052,Chennai,Flexitarian,2024-02-10
1953,Ganesh Babu 2053,Chennai,Flexitarian,2024-11-13
1954,Meena Natarajan 2054,Chennai,Pure Veg,2024-11-11
1955,Rajesh Mudaliar 2055,Chennai,Pure Veg,2024-04-20
1956,Kavitha Kumar 2056,Chennai,Flexitarian,2024-01-14
1957,Venkatesh Swaminathan 2057,Chennai,Flexitarian,2024-08-18
1958,Nandhini Babu 2058,Chennai,Pure Veg,2024-03-24
1959,Santhosh Natarajan 2059,Chennai,Flexitarian,2024-05-09
1960,Swetha Mudaliar 2060,Chennai,Flexitarian,2024-08-18
1961,Aravind Kumar 2061,Chennai,Flexitarian,2024-11-21
1962,Priya Swaminathan 2062,Chennai,Flexitarian,2024-05-24
1963,Karthik Babu 2063,Chennai,Pure Veg,2024-12-10
1964,Deepa Natarajan 2064,Chennai,Flexitarian,2024-01-28
1965,Siddharth Mudaliar 2065,Chennai,Flexitarian,2024-03-06
1966,Bhavana Kumar 2066,Chennai,Flexitarian,2024-06-11
1967,Ramesh Swaminathan 2067,Chennai,Pure Veg,2024-08-16
1968,Lakshmi Babu 2068,Chennai,Flexitarian,2024-09-17
1969,Vijay Natarajan 2069,Chennai,Pure Veg,2024-06-12
1970,Ananya Mudaliar 2070,Chennai,Flexitarian,2024-10-27
1971,Suresh Kumar 2071,Chennai,Flexitarian,2024-10-29
1972,Divya Swaminathan 2072,Chennai,Flexitarian,2024-10-13
1973,Ganesh Babu 2073,Chennai,Flexitarian,2024-01-10
1974,Meena Natarajan 2074,Chennai,Flexitarian,2024-07-13
1975,Rajesh Mudaliar 2075,Chennai,Flexitarian,2024-04-27
1976,Kavitha Kumar 2076,Chennai,Flexitarian,2024-09-26
1977,Venkatesh Swaminathan 2077,Chennai,Flexitarian,2024-03-20
1978,Nandhini Babu 2078,Chennai,Flexitarian,2024-04-02
1979,Santhosh Natarajan 2079,Chennai,Pure Veg,2024-09-22
1980,Swetha Mudaliar 2080,Chennai,Flexitarian,2024-11-27
1981,Aravind Kumar 2081,Chennai,Flexitarian,2024-12-15
1982,Priya Swaminathan 2082,Chennai,Flexitarian,2024-12-26
1983,Karthik Babu 2083,Chennai,Flexitarian,2024-09-13
1984,Deepa Natarajan 2084,Chennai,Flexitarian,2024-05-12
1985,Siddharth Mudaliar 2085,Chennai,Flexitarian,2024-10-02
1986,Bhavana Kumar 2086,Chennai,Flexitarian,2024-09-20
1987,Ramesh Swaminathan 2087,Chennai,Flexitarian,2024-06-19
1988,Lakshmi Babu 2088,Chennai,Flexitarian,2024-01-01
1989,Vijay Natarajan 2089,Chennai,Flexitarian,2024-11-08
1990,Ananya Mudaliar 2090,Chennai,Flexitarian,2024-03-04
1991,Suresh Kumar 2091,Chennai,Flexitarian,2024-10-10
1992,Divya Swaminathan 2092,Chennai,Flexitarian,2024-04-30
1993,Ganesh Babu 2093,Chennai,Flexitarian,2024-04-16
1994,Meena Natarajan 2094,Chennai,Flexitarian,2024-06-23
1995,Rajesh Mudaliar 2095,Chennai,Flexitarian,2024-07-22
1996,Kavitha Kumar 2096,Chennai,Pure Veg,2024-06-13
1997,Venkatesh Swaminathan 2097,Chennai,Pure Veg,2024-10-31
1998,Nandhini Babu 2098,Chennai,Pure Veg,2024-04-29
1999,Santhosh Natarajan 2099,Chennai,Flexitarian,2024-02-13
2000,Swetha Mudaliar 2100,Chennai,Pure Veg,2024-11-07
2001,Aravind Kumar 2101,Chennai,Flexitarian,2024-06-04
2002,Priya Swaminathan 2102,Chennai,Flexitarian,2024-07-25
2003,Karthik Babu 2103,Chennai,Flexitarian,2024-04-17
2004,Deepa Natarajan 2104,Chennai,Pure Veg,2024-09-07
2005,Siddharth Mudaliar 2105,Chennai,Pure Veg,2024-11-29
2006,Bhavana Kumar 2106,Chennai,Pure Veg,2024-05-09
2007,Ramesh Swaminathan 2107,Chennai,Flexitarian,2024-10-19
2008,Lakshmi Babu 2108,Chennai,Pure Veg,2024-01-20
2009,Vijay Natarajan 2109,Chennai,Flexitarian,2024-10-08
2010,Ananya Mudaliar 2110,Chennai,Flexitarian,2024-10-11
2011,Suresh Kumar 2111,Chennai,Flexitarian,2024-01-01
2012,Divya Swaminathan 2112,Chennai,Flexitarian,2024-04-28
2013,Ganesh Babu 2113,Chennai,Flexitarian,2024-02-04
2014,Meena Natarajan 2114,Chennai,Flexitarian,2024-07-16
2015,Rajesh Mudaliar 2115,Chennai,Flexitarian,2024-09-01
2016,Kavitha Kumar 2116,Chennai,Flexitarian,2024-02-28
2017,Venkatesh Swaminathan 2117,Chennai,Flexitarian,2024-11-20
2018,Nandhini Babu 2118,Chennai,Flexitarian,2024-06-09
2019,Santhosh Natarajan 2119,Chennai,Flexitarian,2024-06-27
2020,Swetha Mudaliar 2120,Chennai,Flexitarian,2024-07-24
2021,Aravind Kumar 2121,Chennai,Flexitarian,2024-01-12
2022,Priya Swaminathan 2122,Chennai,Flexitarian,2024-10-02
2023,Karthik Babu 2123,Chennai,Pure Veg,2024-06-29
2024,Deepa Natarajan 2124,Chennai,Flexitarian,2024-08-29
2025,Siddharth Mudaliar 2125,Chennai,Flexitarian,2024-08-03
2026,Bhavana Kumar 2126,Chennai,Flexitarian,2024-09-07
2027,Ramesh Swaminathan 2127,Chennai,Flexitarian,2024-10-25
2028,Lakshmi Babu 2128,Chennai,Pure Veg,2024-05-05
2029,Vijay Natarajan 2129,Chennai,Flexitarian,2024-08-04
2030,Ananya Mudaliar 2130,Chennai,Pure Veg,2024-11-01
2031,Suresh Kumar 2131,Chennai,Flexitarian,2024-10-11
2032,Divya Swaminathan 2132,Chennai,Pure Veg,2024-07-03
2033,Ganesh Babu 2133,Chennai,Flexitarian,2024-02-08
2034,Meena Natarajan 2134,Chennai,Flexitarian,2024-08-10
2035,Rajesh Mudaliar 2135,Chennai,Non-Veg Enthusiast,2024-07-02
2036,Kavitha Kumar 2136,Chennai,Pure Veg,2024-06-26
2037,Venkatesh Swaminathan 2137,Chennai,Pure Veg,2024-10-20
2038,Nandhini Babu 2138,Chennai,Flexitarian,2024-12-05
2039,Santhosh Natarajan 2139,Chennai,Flexitarian,2024-05-30
2040,Swetha Mudaliar 2140,Chennai,Pure Veg,2024-05-05
2041,Aravind Kumar 2141,Chennai,Flexitarian,2024-10-27
2042,Priya Swaminathan 2142,Chennai,Flexitarian,2024-11-03
2043,Karthik Babu 2143,Chennai,Flexitarian,2024-12-01
2044,Deepa Natarajan 2144,Chennai,Flexitarian,2024-08-21
2045,Siddharth Mudaliar 2145,Chennai,Pure Veg,2024-01-08
2046,Bhavana Kumar 2146,Chennai,Flexitarian,2024-12-06
2047,Ramesh Swaminathan 2147,Chennai,Flexitarian,2024-05-08
2048,Lakshmi Babu 2148,Chennai,Flexitarian,2024-09-20
2049,Vijay Natarajan 2149,Chennai,Pure Veg,2024-06-05
2050,Ananya Mudaliar 2150,Chennai,Flexitarian,2024-12-17
2051,Suresh Kumar 2151,Chennai,Flexitarian,2024-12-23
2052,Divya Swaminathan 2152,Chennai,Pure Veg,2024-01-05
2053,Ganesh Babu 2153,Chennai,Flexitarian,2024-03-26
2054,Meena Natarajan 2154,Chennai,Flexitarian,2024-06-23
2055,Rajesh Mudaliar 2155,Chennai,Flexitarian,2024-10-16
2056,Kavitha Kumar 2156,Chennai,Flexitarian,2024-07-11
2057,Venkatesh Swaminathan 2157,Chennai,Flexitarian,2024-11-06
2058,Nandhini Babu 2158,Chennai,Flexitarian,2024-04-28
2059,Santhosh Natarajan 2159,Chennai,Flexitarian,2024-08-05
2060,Swetha Mudaliar 2160,Chennai,Flexitarian,2024-04-23
2061,Aravind Kumar 2161,Chennai,Flexitarian,2024-05-24
2062,Priya Swaminathan 2162,Chennai,Pure Veg,2024-01-26
2063,Karthik Babu 2163,Chennai,Flexitarian,2024-05-15
2064,Deepa Natarajan 2164,Chennai,Pure Veg,2024-10-29
2065,Siddharth Mudaliar 2165,Chennai,Flexitarian,2024-08-19
2066,Bhavana Kumar 2166,Chennai,Flexitarian,2024-03-16
2067,Ramesh Swaminathan 2167,Chennai,Flexitarian,2024-11-23
2068,Lakshmi Babu 2168,Chennai,Flexitarian,2024-12-10
2069,Vijay Natarajan 2169,Chennai,Flexitarian,2024-10-28
2070,Ananya Mudaliar 2170,Chennai,Flexitarian,2024-10-15
2071,Suresh Kumar 2171,Chennai,Flexitarian,2024-01-01
2072,Divya Swaminathan 2172,Chennai,Pure Veg,2024-05-26
2073,Ganesh Babu 2173,Chennai,Flexitarian,2024-10-13
2074,Meena Natarajan 2174,Chennai,Flexitarian,2024-05-21
2075,Rajesh Mudaliar 2175,Chennai,Flexitarian,2024-02-22
2076,Kavitha Kumar 2176,Chennai,Flexitarian,2024-10-30
2077,Venkatesh Swaminathan 2177,Chennai,Pure Veg,2024-03-09
2078,Nandhini Babu 2178,Chennai,Flexitarian,2024-12-26
2079,Santhosh Natarajan 2179,Chennai,Flexitarian,2024-03-30
2080,Swetha Mudaliar 2180,Chennai,Pure Veg,2024-08-07
2081,Aravind Kumar 2181,Chennai,Flexitarian,2024-07-10
2082,Priya Swaminathan 2182,Chennai,Flexitarian,2024-03-03
2083,Karthik Babu 2183,Chennai,Flexitarian,2024-03-13
2084,Deepa Natarajan 2184,Chennai,Flexitarian,2024-06-09
2085,Siddharth Mudaliar 2185,Chennai,Flexitarian,2024-06-17
2086,Bhavana Kumar 2186,Chennai,Pure Veg,2024-03-29
2087,Ramesh Swaminathan 2187,Chennai,Pure Veg,2024-06-24
2088,Lakshmi Babu 2188,Chennai,Flexitarian,2024-09-25
2089,Vijay Natarajan 2189,Chennai,Flexitarian,2024-03-13
2090,Ananya Mudaliar 2190,Chennai,Flexitarian,2024-09-01
2091,Suresh Kumar 2191,Chennai,Flexitarian,2024-03-17
2092,Divya Swaminathan 2192,Chennai,Flexitarian,2024-06-07
2093,Ganesh Babu 2193,Chennai,Flexitarian,2024-11-19
2094,Meena Natarajan 2194,Chennai,Flexitarian,2024-04-07
2095,Rajesh Mudaliar 2195,Chennai,Flexitarian,2024-04-11
2096,Kavitha Kumar 2196,Chennai,Pure Veg,2024-05-11
2097,Venkatesh Swaminathan 2197,Chennai,Flexitarian,2024-04-11
2098,Nandhini Babu 2198,Chennai,Flexitarian,2024-01-19
2099,Santhosh Natarajan 2199,Chennai,Pure Veg,2024-03-22
2100,Swetha Mudaliar 2200,Chennai,Non-Veg Enthusiast,2024-10-05
2101,Aravind Kumar 2201,Chennai,Flexitarian,2024-12-04
2102,Priya Swaminathan 2202,Chennai,Pure Veg,2024-12-30
2103,Karthik Babu 2203,Chennai,Pure Veg,2024-11-26
2104,Deepa Natarajan 2204,Chennai,Flexitarian,2024-05-08
2105,Siddharth Mudaliar 2205,Chennai,Flexitarian,2024-12-09
2106,Bhavana Kumar 2206,Chennai,Flexitarian,2024-11-05
2107,Ramesh Swaminathan 2207,Chennai,Flexitarian,2024-03-29
2108,Lakshmi Babu 2208,Chennai,Pure Veg,2024-07-31
2109,Vijay Natarajan 2209,Chennai,Flexitarian,2024-05-22
2110,Ananya Mudaliar 2210,Chennai,Flexitarian,2024-03-05
2111,Suresh Kumar 2211,Chennai,Flexitarian,2024-03-16
2112,Divya Swaminathan 2212,Chennai,Flexitarian,2024-07-17
2113,Ganesh Babu 2213,Chennai,Flexitarian,2024-05-22
2114,Meena Natarajan 2214,Chennai,Flexitarian,2024-11-11
2115,Rajesh Mudaliar 2215,Chennai,Flexitarian,2024-04-02
2116,Kavitha Kumar 2216,Chennai,Flexitarian,2024-10-31
2117,Venkatesh Swaminathan 2217,Chennai,Pure Veg,2024-08-11
2118,Nandhini Babu 2218,Chennai,Flexitarian,2024-10-17
2119,Santhosh Natarajan 2219,Chennai,Pure Veg,2024-04-11
2120,Swetha Mudaliar 2220,Chennai,Flexitarian,2024-09-23
2121,Aravind Kumar 2221,Chennai,Pure Veg,2024-12-20
2122,Priya Swaminathan 2222,Chennai,Flexitarian,2024-04-19
2123,Karthik Babu 2223,Chennai,Pure Veg,2024-11-25
2124,Deepa Natarajan 2224,Chennai,Pure Veg,2024-09-21
2125,Siddharth Mudaliar 2225,Chennai,Flexitarian,2024-01-03
2126,Bhavana Kumar 2226,Chennai,Flexitarian,2024-03-25
2127,Ramesh Swaminathan 2227,Chennai,Flexitarian,2024-10-08
2128,Lakshmi Babu 2228,Chennai,Flexitarian,2024-11-23
2129,Vijay Natarajan 2229,Chennai,Flexitarian,2024-10-30
2130,Ananya Mudaliar 2230,Chennai,Pure Veg,2024-04-26
2131,Suresh Kumar 2231,Chennai,Flexitarian,2024-08-08
2132,Divya Swaminathan 2232,Chennai,Pure Veg,2024-06-02
2133,Ganesh Babu 2233,Chennai,Flexitarian,2024-06-01
2134,Meena Natarajan 2234,Chennai,Flexitarian,2024-01-12
2135,Rajesh Mudaliar 2235,Chennai,Flexitarian,2024-05-12
2136,Kavitha Kumar 2236,Chennai,Flexitarian,2024-10-30
2137,Venkatesh Swaminathan 2237,Chennai,Flexitarian,2024-10-19
2138,Nandhini Babu 2238,Chennai,Flexitarian,2024-10-26
2139,Santhosh Natarajan 2239,Chennai,Flexitarian,2024-08-15
2140,Swetha Mudaliar 2240,Chennai,Flexitarian,2024-09-27
2141,Aravind Kumar 2241,Chennai,Flexitarian,2024-02-12
2142,Priya Swaminathan 2242,Chennai,Pure Veg,2024-12-08
2143,Karthik Babu 2243,Chennai,Pure Veg,2024-11-21
2144,Deepa Natarajan 2244,Chennai,Flexitarian,2024-10-28
2145,Siddharth Mudaliar 2245,Chennai,Flexitarian,2024-12-29
2146,Bhavana Kumar 2246,Chennai,Non-Veg Enthusiast,2024-01-21
2147,Ramesh Swaminathan 2247,Chennai,Flexitarian,2024-04-16
2148,Lakshmi Babu 2248,Chennai,Flexitarian,2024-12-01
2149,Vijay Natarajan 2249,Chennai,Flexitarian,2024-10-29
2150,Ananya Mudaliar 2250,Chennai,Flexitarian,2024-04-26
2151,Suresh Kumar 2251,Chennai,Flexitarian,2024-05-03
2152,Divya Swaminathan 2252,Chennai,Flexitarian,2024-10-07
2153,Ganesh Babu 2253,Chennai,Flexitarian,2024-10-18
2154,Meena Natarajan 2254,Chennai,Flexitarian,2024-07-21
2155,Rajesh Mudaliar 2255,Chennai,Flexitarian,2024-02-20
2156,Kavitha Kumar 2256,Chennai,Flexitarian,2024-09-27
2157,Venkatesh Swaminathan 2257,Chennai,Flexitarian,2024-11-19
2158,Nandhini Babu 2258,Chennai,Flexitarian,2024-10-03
2159,Santhosh Natarajan 2259,Chennai,Pure Veg,2024-05-20
2160,Swetha Mudaliar 2260,Chennai,Flexitarian,2024-10-01
2161,Aravind Kumar 2261,Chennai,Flexitarian,2024-10-16
2162,Priya Swaminathan 2262,Chennai,Flexitarian,2024-11-29
2163,Karthik Babu 2263,Chennai,Flexitarian,2024-02-21
2164,Deepa Natarajan 2264,Chennai,Pure Veg,2024-01-27
2165,Siddharth Mudaliar 2265,Chennai,Flexitarian,2024-06-05
2166,Bhavana Kumar 2266,Chennai,Flexitarian,2024-08-26
2167,Ramesh Swaminathan 2267,Chennai,Flexitarian,2024-06-04
2168,Lakshmi Babu 2268,Chennai,Flexitarian,2024-10-17
2169,Vijay Natarajan 2269,Chennai,Flexitarian,2024-05-15
2170,Ananya Mudaliar 2270,Chennai,Flexitarian,2024-05-23
